Date,District,Mandal,Rainfall (mm),temp_min (⁰C),temp_max (⁰C),humidity_min (%),Humidity_max (%),wind_speed_min (Kmph),wind_speed_max (Kmph)
2019-01-01,Khammam,Khammam (Urban),0.0,15.5,30.5,75.3,94.1,,
2019-01-02,Khammam,Khammam (Urban),0.0,14.8,32.9,28.5,99.9,,
2019-01-03,Khammam,Khammam (Urban),0.0,17.3,35.5,38.5,99.9,,
2019-01-04,Khammam,Khammam (Urban),0.0,18.7,35.5,52.1,84.1,,
2019-01-05,Khammam,Khammam (Urban),0.0,20.1,32.9,52.1,99.9,,
2019-01-06,Khammam,Khammam (Urban),0.0,20.1,31.6,54.0,95.7,,
2019-01-07,Khammam,Khammam (Urban),0.0,19.3,30.6,58.7,99.9,,
2019-01-08,Khammam,Khammam (Urban),0.0,20.1,33.4,51.0,91.8,,
2019-01-09,Khammam,Khammam (Urban),0.0,16.8,33.5,37.9,94.3,,
2019-01-10,Khammam,Khammam (Urban),0.0,17.8,35.5,25.5,99.9,,
2019-01-11,Khammam,Khammam (Urban),0.0,21.8,32.9,46.5,99.9,,
2019-01-12,Khammam,Khammam (Urban),0.0,21.8,32.9,72.5,99.9,,
2019-01-13,Khammam,Khammam (Urban),0.0,21.8,32.1,70.4,99.9,,
2019-01-14,Khammam,Khammam (Urban),0.0,19.8,32.1,62.6,99.9,,
2019-01-15,Khammam,Khammam (Urban),0.0,20.2,32.9,58.9,99.9,,
2019-01-16,Khammam,Khammam (Urban),0.0,19.3,35.5,51.3,99.9,,
2019-01-17,Khammam,Khammam (Urban),0.0,21.4,34.6,53.5,99.9,,
2019-01-18,Khammam,Khammam (Urban),0.0,20.3,34.6,51.3,96.4,,
2019-01-19,Khammam,Khammam (Urban),0.0,21.6,34.6,55.7,99.9,,
2019-01-20,Khammam,Khammam (Urban),0.0,18.4,34.6,47.1,99.9,,
2019-01-21,Khammam,Khammam (Urban),0.0,20.1,34.6,50.2,99.9,,
2019-01-22,Khammam,Khammam (Urban),0.0,21.8,33.5,58.9,99.9,,
2019-01-23,Khammam,Khammam (Urban),0.0,19.7,33.3,53.9,99.9,,
2019-01-24,Khammam,Khammam (Urban),0.0,20.1,34.6,56.9,99.9,,
2019-01-25,Khammam,Khammam (Urban),0.0,22.9,33.5,56.7,99.9,,
2019-01-26,Khammam,Khammam (Urban),0.0,23.3,32.3,73.7,99.9,,
2019-01-27,Khammam,Khammam (Urban),0.0,24.4,31.0,73.7,99.9,,
2019-01-28,Khammam,Khammam (Urban),27.5,20.4,32.3,65.5,99.9,,
2019-01-29,Khammam,Khammam (Urban),0.0,20.1,28.2,84.4,99.9,,
2019-01-30,Khammam,Khammam (Urban),0.0,16.7,30.5,46.2,99.9,,
2019-01-31,Khammam,Khammam (Urban),0.0,19.3,32.3,33.6,99.9,,
2019-02-01,Khammam,Khammam (Urban),0.0,20.4,33.2,46.6,99.9,,
2019-02-02,Khammam,Khammam (Urban),0.0,21.8,33.1,50.4,99.9,,
2019-02-03,Khammam,Khammam (Urban),0.0,21.8,32.5,58.7,99.9,,
2019-02-04,Khammam,Khammam (Urban),0.0,21.8,33.9,52.0,99.9,,
2019-02-05,Khammam,Khammam (Urban),0.0,21.8,34.6,46.3,99.9,,
2019-02-06,Khammam,Khammam (Urban),0.0,22.0,34.6,48.2,99.9,,
2019-02-07,Khammam,Khammam (Urban),0.0,21.9,33.5,59.4,99.9,,
2019-02-08,Khammam,Khammam (Urban),0.0,24.4,32.8,59.9,99.9,,
2019-02-09,Khammam,Khammam (Urban),0.0,24.5,34.0,62.9,99.9,,
2019-02-10,Khammam,Khammam (Urban),0.0,21.0,32.5,40.0,96.9,,
2019-02-11,Khammam,Khammam (Urban),0.0,22.7,35.2,45.0,99.9,,
2019-02-12,Khammam,Khammam (Urban),0.0,24.6,34.6,67.6,99.9,,
2019-02-13,Khammam,Khammam (Urban),0.0,22.6,34.8,56.5,99.9,,
2019-02-14,Khammam,Khammam (Urban),0.0,23.1,35.5,48.0,99.9,,
2019-02-15,Khammam,Khammam (Urban),0.0,21.4,32.7,41.3,99.9,,
2019-02-16,Khammam,Khammam (Urban),0.0,23.9,34.7,58.9,99.9,,
2019-02-17,Khammam,Khammam (Urban),0.0,23.2,35.3,70.9,99.9,,
2019-02-18,Khammam,Khammam (Urban),0.0,26.9,35.1,54.7,99.9,,
2019-02-19,Khammam,Khammam (Urban),0.0,27.0,35.2,50.0,99.9,,
2019-02-20,Khammam,Khammam (Urban),0.0,26.9,35.5,57.6,99.9,,
2019-02-21,Khammam,Khammam (Urban),0.0,22.4,35.9,63.1,99.9,,
2019-02-22,Khammam,Khammam (Urban),0.0,24.4,34.6,55.4,99.9,,
2019-02-23,Khammam,Khammam (Urban),0.0,22.2,37.2,39.8,98.3,,
2019-02-24,Khammam,Khammam (Urban),0.0,22.4,36.8,31.2,97.1,,
2019-02-25,Khammam,Khammam (Urban),0.0,23.5,37.4,34.9,99.9,,
2019-02-26,Khammam,Khammam (Urban),0.0,22.5,36.8,23.4,100.0,,
2019-02-27,Khammam,Khammam (Urban),0.0,23.3,34.4,45.6,100.0,,
2019-02-28,Khammam,Khammam (Urban),0.0,24.0,34.5,53.9,100.0,,
2019-03-01,Khammam,Khammam (Urban),0.0,22.5,36.2,47.1,100.0,,
2019-03-02,Khammam,Khammam (Urban),0.0,23.2,34.5,53.9,100.0,,
2019-03-03,Khammam,Khammam (Urban),0.0,22.6,33.3,64.5,100.0,,
2019-03-04,Khammam,Khammam (Urban),0.0,23.3,34.7,61.0,100.0,,
2019-03-05,Khammam,Khammam (Urban),0.0,21.4,35.9,53.3,100.0,,
2019-03-06,Khammam,Khammam (Urban),0.0,24.7,36.2,52.3,100.0,,
2019-03-07,Khammam,Khammam (Urban),0.0,24.9,37.9,20.7,100.0,,
2019-03-08,Khammam,Khammam (Urban),0.0,25.6,37.1,43.4,100.0,,
2019-03-09,Khammam,Khammam (Urban),0.0,25.0,37.0,46.1,100.0,,
2019-03-10,Khammam,Khammam (Urban),0.0,21.4,36.4,45.9,100.0,,
2019-03-11,Khammam,Khammam (Urban),0.0,24.3,36.3,47.7,100.0,,
2019-03-12,Khammam,Khammam (Urban),0.0,23.6,36.7,47.1,100.0,,
2019-03-13,Khammam,Khammam (Urban),0.0,24.0,37.5,38.5,100.0,,
2019-03-14,Khammam,Khammam (Urban),0.0,22.4,37.5,32.3,96.8,,
2019-03-15,Khammam,Khammam (Urban),0.0,24.1,37.7,18.6,99.8,,
2019-03-16,Khammam,Khammam (Urban),0.0,22.4,38.1,16.8,100.0,,
2019-03-17,Khammam,Khammam (Urban),0.0,22.6,36.8,24.8,100.0,,
2019-03-18,Khammam,Khammam (Urban),0.0,21.6,37.4,30.9,98.4,,
2019-03-19,Khammam,Khammam (Urban),0.0,22.6,35.4,35.0,91.3,,
2019-03-20,Khammam,Khammam (Urban),0.0,23.9,37.4,41.9,100.0,,
2019-03-21,Khammam,Khammam (Urban),0.0,24.3,36.1,42.5,100.0,,
2019-03-22,Khammam,Khammam (Urban),0.0,21.4,36.0,37.9,100.0,,
2019-03-23,Khammam,Khammam (Urban),0.0,21.4,36.9,41.3,100.0,,
2019-03-24,Khammam,Khammam (Urban),0.0,24.9,37.9,34.7,100.0,,
2019-03-25,Khammam,Khammam (Urban),0.0,24.7,39.8,32.6,100.0,,
2019-03-26,Khammam,Khammam (Urban),0.0,24.1,38.5,34.7,100.0,,
2019-03-27,Khammam,Khammam (Urban),0.0,24.1,38.9,30.5,100.0,,
2019-03-28,Khammam,Khammam (Urban),0.0,23.9,37.9,29.8,100.0,,
2019-03-29,Khammam,Khammam (Urban),0.0,24.8,39.5,27.4,100.0,,
2019-03-30,Khammam,Khammam (Urban),0.0,25.6,39.9,23.9,99.8,,
2019-03-31,Khammam,Khammam (Urban),0.0,25.7,40.6,30.8,100.0,,
2019-04-01,Khammam,Khammam (Urban),0.0,25.9,41.3,15.6,100.0,,
2019-04-02,Khammam,Khammam (Urban),0.0,24.8,39.3,24.3,100.0,,
2019-04-03,Khammam,Khammam (Urban),0.0,24.7,37.8,23.7,99.3,,
2019-04-04,Khammam,Khammam (Urban),0.0,24.0,38.1,34.7,100.0,,
2019-04-05,Khammam,Khammam (Urban),0.0,24.7,38.1,34.7,99.3,,
2019-04-06,Khammam,Khammam (Urban),0.0,25.7,40.5,14.2,100.0,,
2019-04-07,Khammam,Khammam (Urban),0.0,21.4,41.5,21.8,77.7,,
2019-04-08,Khammam,Khammam (Urban),0.0,25.6,39.7,23.0,100.0,,
2019-04-09,Khammam,Khammam (Urban),0.0,26.2,40.4,26.0,100.0,,
2019-04-10,Khammam,Khammam (Urban),0.0,26.5,38.1,36.5,100.0,,
2019-04-11,Khammam,Khammam (Urban),0.0,25.8,39.9,27.5,96.7,,
2019-04-12,Khammam,Khammam (Urban),0.0,25.8,40.3,29.2,98.2,,
2019-04-13,Khammam,Khammam (Urban),0.0,24.6,42.1,19.1,76.1,,
2019-04-14,Khammam,Khammam (Urban),0.0,25.4,40.4,19.8,99.3,,
2019-04-15,Khammam,Khammam (Urban),0.0,25.5,42.6,20.0,100.0,,
2019-04-16,Khammam,Khammam (Urban),0.0,24.9,42.4,13.6,88.8,,
2019-04-17,Khammam,Khammam (Urban),0.0,25.1,41.6,10.9,94.5,,
2019-04-18,Khammam,Khammam (Urban),0.0,26.3,39.6,20.9,94.5,,
2019-04-19,Khammam,Khammam (Urban),12.0,22.7,39.6,34.3,100.0,,
2019-04-20,Khammam,Khammam (Urban),0.0,27.2,39.6,26.4,95.2,,
2019-04-21,Khammam,Khammam (Urban),0.0,27.6,39.1,32.6,94.4,,
2019-04-22,Khammam,Khammam (Urban),0.0,27.3,39.7,23.9,75.5,,
2019-04-23,Khammam,Khammam (Urban),0.0,23.9,39.6,12.7,81.2,,
2019-04-24,Khammam,Khammam (Urban),0.0,23.3,40.8,17.9,97.7,,
2019-04-25,Khammam,Khammam (Urban),0.0,26.0,38.8,32.6,100.0,,
2019-04-26,Khammam,Khammam (Urban),0.0,26.0,39.5,30.1,99.8,,
2019-04-27,Khammam,Khammam (Urban),0.0,27.3,40.9,16.3,98.1,,
2019-04-28,Khammam,Khammam (Urban),0.0,27.4,41.4,24.3,95.9,,
2019-04-29,Khammam,Khammam (Urban),0.0,26.7,42.0,19.8,94.4,,
2019-04-30,Khammam,Khammam (Urban),0.0,27.3,41.4,21.8,100.0,,
2019-05-01,Khammam,Khammam (Urban),0.0,27.8,40.8,27.4,79.7,,
2019-05-02,Khammam,Khammam (Urban),2.0,24.1,39.9,30.1,87.9,,
2019-05-03,Khammam,Khammam (Urban),0.0,27.5,41.6,12.2,73.0,,
2019-05-04,Khammam,Khammam (Urban),0.0,25.7,42.0,10.2,88.8,,
2019-05-05,Khammam,Khammam (Urban),0.0,26.0,43.7,6.3,54.0,,
2019-05-06,Khammam,Khammam (Urban),0.0,27.3,44.4,5.6,73.5,,
2019-05-07,Khammam,Khammam (Urban),0.0,29.5,45.2,6.1,88.9,,
2019-05-08,Khammam,Khammam (Urban),0.0,29.6,44.4,16.5,92.9,,
2019-05-09,Khammam,Khammam (Urban),0.0,29.7,44.9,26.4,80.0,,
2019-05-10,Khammam,Khammam (Urban),0.0,30.1,46.2,14.4,85.2,,
2019-05-11,Khammam,Khammam (Urban),0.0,29.6,43.5,23.6,91.6,,
2019-05-12,Khammam,Khammam (Urban),34.3,24.9,41.9,40.5,92.8,,
2019-05-13,Khammam,Khammam (Urban),0.0,29.9,39.8,44.2,98.8,,
2019-05-14,Khammam,Khammam (Urban),0.0,29.0,39.2,48.3,92.3,,
2019-05-15,Khammam,Khammam (Urban),0.0,29.9,39.3,51.6,94.7,,
2019-05-16,Khammam,Khammam (Urban),0.0,29.1,40.3,42.4,93.9,,
2019-05-17,Khammam,Khammam (Urban),0.0,29.9,40.9,45.4,93.8,,
2019-05-18,Khammam,Khammam (Urban),0.0,29.6,40.1,49.8,97.9,,
2019-05-19,Khammam,Khammam (Urban),0.0,27.3,42.5,36.0,88.8,,
2019-05-20,Khammam,Khammam (Urban),0.0,29.4,42.1,32.9,90.8,,
2019-05-21,Khammam,Khammam (Urban),0.0,29.4,41.9,35.3,94.2,,
2019-05-22,Khammam,Khammam (Urban),0.0,29.9,41.8,38.8,93.3,,
2019-05-23,Khammam,Khammam (Urban),0.0,29.7,41.9,39.2,91.2,,
2019-05-24,Khammam,Khammam (Urban),0.0,28.7,40.2,44.6,86.0,,
2019-05-25,Khammam,Khammam (Urban),0.0,29.9,42.0,43.0,85.1,,
2019-05-26,Khammam,Khammam (Urban),0.0,29.9,44.2,38.4,86.2,,
2019-05-27,Khammam,Khammam (Urban),0.0,31.0,44.2,29.8,85.0,,
2019-05-28,Khammam,Khammam (Urban),0.0,29.9,43.2,35.1,87.8,,
2019-05-29,Khammam,Khammam (Urban),0.0,29.9,44.3,35.9,91.5,,
2019-05-30,Khammam,Khammam (Urban),3.5,27.3,44.2,40.5,85.1,,
2019-05-31,Khammam,Khammam (Urban),0.0,27.3,36.4,59.3,99.9,,
2019-06-01,Khammam,Khammam (Urban),0.0,29.3,40.1,44.8,93.6,0.2,1.1
2019-06-02,Khammam,Khammam (Urban),0.0,30.1,41.1,41.0,87.4,0.0,1.5
2019-06-03,Khammam,Khammam (Urban),0.0,30.0,42.0,37.7,86.5,0.2,1.5
2019-06-04,Khammam,Khammam (Urban),0.0,27.9,40.3,41.8,77.4,0.0,1.4
2019-06-05,Khammam,Khammam (Urban),0.0,30.1,41.2,40.8,86.4,0.2,1.0
2019-06-06,Khammam,Khammam (Urban),0.0,30.1,43.1,37.1,81.4,0.2,1.5
2019-06-07,Khammam,Khammam (Urban),9.7,27.3,41.6,44.5,88.4,0.1,1.3
2019-06-08,Khammam,Khammam (Urban),0.0,27.1,41.1,44.7,84.8,0.2,1.7
2019-06-09,Khammam,Khammam (Urban),0.0,30.4,41.0,36.4,71.9,0.0,2.2
2019-06-10,Khammam,Khammam (Urban),0.0,32.0,41.9,33.3,74.6,0.1,1.5
2019-06-11,Khammam,Khammam (Urban),0.0,29.7,40.7,41.3,85.6,0.0,1.3
2019-06-12,Khammam,Khammam (Urban),0.0,30.1,42.2,36.7,78.5,0.0,1.6
2019-06-13,Khammam,Khammam (Urban),0.0,30.5,42.1,34.4,64.2,0.5,2.1
2019-06-14,Khammam,Khammam (Urban),0.0,31.8,42.1,35.0,65.2,0.5,2.1
2019-06-15,Khammam,Khammam (Urban),0.0,32.5,41.4,37.8,55.8,0.2,1.8
2019-06-16,Khammam,Khammam (Urban),0.0,32.9,42.0,30.8,55.1,0.0,2.3
2019-06-17,Khammam,Khammam (Urban),0.0,30.1,41.8,31.5,75.0,0.2,1.9
2019-06-18,Khammam,Khammam (Urban),21.0,25.3,36.8,49.4,97.1,0.0,2.5
2019-06-19,Khammam,Khammam (Urban),0.0,30.8,39.4,39.1,74.6,0.0,2.3
2019-06-20,Khammam,Khammam (Urban),0.0,32.2,41.4,31.9,64.1,0.0,1.8
2019-06-21,Khammam,Khammam (Urban),1.8,26.9,40.3,42.1,96.1,0.1,3.2
2019-06-22,Khammam,Khammam (Urban),0.0,27.6,34.9,67.7,92.4,0.1,0.8
2019-06-23,Khammam,Khammam (Urban),0.0,27.4,35.3,62.8,87.9,0.0,1.3
2019-06-24,Khammam,Khammam (Urban),0.0,27.3,35.3,55.7,92.9,0.1,1.1
2019-06-25,Khammam,Khammam (Urban),1.3,26.6,37.7,49.1,95.1,0.0,1.1
2019-06-26,Khammam,Khammam (Urban),0.0,27.5,38.2,48.3,92.0,0.0,1.4
2019-06-27,Khammam,Khammam (Urban),0.0,27.5,37.8,58.1,86.6,0.0,1.6
2019-06-28,Khammam,Khammam (Urban),0.0,28.8,39.1,42.2,66.8,0.2,2.3
2019-06-29,Khammam,Khammam (Urban),0.0,29.8,37.6,52.2,69.3,0.2,1.7
2019-06-30,Khammam,Khammam (Urban),0.0,27.5,34.7,53.1,84.4,0.2,1.5
2019-07-01,Khammam,Khammam (Urban),0.0,27.4,34.0,59.2,90.4,0.0,2.7
2019-07-02,Khammam,Khammam (Urban),1.3,25.7,32.5,64.2,97.1,0.0,1.7
2019-07-03,Khammam,Khammam (Urban),0.0,27.4,33.3,67.8,92.8,0.0,1.6
2019-07-04,Khammam,Khammam (Urban),0.1,29.7,35.3,51.8,80.2,0.2,1.7
2019-07-05,Khammam,Khammam (Urban),0.7,28.6,37.8,45.7,92.0,0.0,2.1
2019-07-06,Khammam,Khammam (Urban),2.2,26.4,34.5,62.5,96.6,0.0,2.0
2019-07-07,Khammam,Khammam (Urban),0.1,28.9,36.7,53.5,77.1,0.1,1.8
2019-07-08,Khammam,Khammam (Urban),0.1,27.8,37.5,47.1,80.7,0.1,2.2
2019-07-09,Khammam,Khammam (Urban),0.6,27.5,37.9,40.5,93.0,0.1,2.3
2019-07-10,Khammam,Khammam (Urban),0.0,27.9,37.8,48.9,79.7,0.1,1.9
2019-07-11,Khammam,Khammam (Urban),0.0,26.9,37.9,41.1,80.3,0.3,1.7
2019-07-12,Khammam,Khammam (Urban),0.0,27.3,37.8,45.5,90.3,0.0,2.3
2019-07-13,Khammam,Khammam (Urban),0.0,28.2,37.9,48.6,89.4,0.0,1.4
2019-07-14,Khammam,Khammam (Urban),2.9,24.9,37.6,46.9,98.2,0.0,1.6
2019-07-15,Khammam,Khammam (Urban),14.6,25.6,37.1,55.6,96.8,0.0,1.1
2019-07-16,Khammam,Khammam (Urban),1.5,24.7,37.2,57.0,98.0,0.0,1.3
2019-07-17,Khammam,Khammam (Urban),0.2,27.8,37.6,51.4,91.1,0.0,2.0
2019-07-18,Khammam,Khammam (Urban),0.0,30.0,37.9,42.4,80.2,0.0,2.3
2019-07-19,Khammam,Khammam (Urban),0.3,27.5,37.8,41.5,95.2,0.1,2.1
2019-07-20,Khammam,Khammam (Urban),8.9,26.4,34.6,64.1,98.3,0.0,1.4
2019-07-21,Khammam,Khammam (Urban),0.3,27.1,32.8,74.2,96.8,0.0,0.8
2019-07-22,Khammam,Khammam (Urban),49.7,24.7,35.2,62.4,99.6,0.0,1.8
2019-07-23,Khammam,Khammam (Urban),0.6,27.2,37.2,60.4,96.4,0.0,1.5
2019-07-24,Khammam,Khammam (Urban),0.0,26.6,37.2,61.6,96.8,0.0,1.1
2019-07-25,Khammam,Khammam (Urban),0.3,29.4,37.8,49.2,89.3,0.0,1.2
2019-07-26,Khammam,Khammam (Urban),55.2,24.6,36.9,56.9,99.4,0.0,1.5
2019-07-27,Khammam,Khammam (Urban),63.3,24.4,26.3,90.4,98.9,0.0,1.8
2019-07-28,Khammam,Khammam (Urban),14.4,24.8,29.9,81.0,99.4,0.0,0.9
2019-07-29,Khammam,Khammam (Urban),23.4,24.6,26.9,97.2,99.7,0.0,0.7
2019-07-30,Khammam,Khammam (Urban),5.4,24.9,29.9,84.3,98.6,0.0,1.3
2019-07-31,Khammam,Khammam (Urban),0.0,27.0,32.7,70.2,90.5,0.0,2.0
2019-08-01,Khammam,Khammam (Urban),11.5,24.8,35.2,60.9,97.6,0.0,2.8
2019-08-02,Khammam,Khammam (Urban),24.0,24.8,32.4,75.3,97.8,0.0,1.4
2019-08-03,Khammam,Khammam (Urban),31.6,24.6,27.1,94.6,99.3,0.1,1.2
2019-08-04,Khammam,Khammam (Urban),0.0,26.6,31.2,79.0,95.1,0.2,1.7
2019-08-05,Khammam,Khammam (Urban),0.3,27.0,33.5,70.6,96.0,0.2,2.1
2019-08-06,Khammam,Khammam (Urban),27.0,24.8,34.2,72.6,99.0,0.0,2.5
2019-08-07,Khammam,Khammam (Urban),20.4,24.2,30.1,87.0,99.4,0.0,1.6
2019-08-08,Khammam,Khammam (Urban),7.4,24.4,30.3,86.8,99.0,0.0,1.1
2019-08-09,Khammam,Khammam (Urban),1.1,24.9,33.4,75.9,97.0,0.0,2.2
2019-08-10,Khammam,Khammam (Urban),0.0,26.8,34.7,70.1,93.7,0.0,2.1
2019-08-11,Khammam,Khammam (Urban),0.0,27.6,34.8,65.7,88.0,0.0,1.7
2019-08-12,Khammam,Khammam (Urban),0.1,27.6,35.2,62.3,93.3,0.0,2.0
2019-08-13,Khammam,Khammam (Urban),0.0,26.8,34.5,64.0,97.0,0.0,2.7
2019-08-14,Khammam,Khammam (Urban),15.8,24.8,34.1,67.2,99.3,0.0,2.1
2019-08-15,Khammam,Khammam (Urban),0.1,25.5,34.2,76.6,98.3,0.0,1.3
2019-08-16,Khammam,Khammam (Urban),0.0,26.5,35.1,69.2,93.7,0.2,1.2
2019-08-17,Khammam,Khammam (Urban),3.4,25.3,34.4,65.9,96.2,0.0,10.3
2019-08-18,Khammam,Khammam (Urban),0.1,26.8,34.3,71.1,95.8,0.0,9.1
2019-08-19,Khammam,Khammam (Urban),23.5,26.6,33.0,76.1,97.5,0.0,10.3
2019-08-20,Khammam,Khammam (Urban),0.6,26.8,35.0,66.3,96.8,0.0,11.7
2019-08-21,Khammam,Khammam (Urban),7.4,25.5,33.6,74.3,97.4,0.0,8.4
2019-08-22,Khammam,Khammam (Urban),17.0,24.7,33.7,75.2,97.5,0.0,16.0
2019-08-23,Khammam,Khammam (Urban),14.1,24.5,33.8,68.4,98.0,0.0,10.0
2019-08-24,Khammam,Khammam (Urban),7.4,26.2,30.5,83.0,96.8,0.0,4.7
2019-08-25,Khammam,Khammam (Urban),20.3,24.6,33.8,79.5,97.0,0.0,8.5
2019-08-26,Khammam,Khammam (Urban),0.0,27.0,34.8,68.6,95.7,0.0,2.1
2019-08-27,Khammam,Khammam (Urban),0.0,27.0,35.2,64.9,93.4,0.0,1.9
2019-08-28,Khammam,Khammam (Urban),0.0,27.0,35.1,51.7,97.2,0.0,2.0
2019-08-29,Khammam,Khammam (Urban),0.0,27.0,36.1,51.2,96.5,0.0,1.5
2019-08-30,Khammam,Khammam (Urban),1.3,27.3,35.2,64.7,95.7,0.0,1.2
2019-08-31,Khammam,Khammam (Urban),32.7,24.7,35.5,69.4,99.4,0.1,1.7
2019-09-01,Khammam,Khammam (Urban),4.4,24.8,33.3,77.0,99.1,0.0,1.5
2019-09-02,Khammam,Khammam (Urban),20.8,24.4,31.3,85.0,99.6,0.0,2.2
2019-09-03,Khammam,Khammam (Urban),4.6,24.7,30.8,84.8,99.2,0.0,1.8
2019-09-04,Khammam,Khammam (Urban),1.2,25.5,30.6,87.0,98.8,0.0,0.9
2019-09-05,Khammam,Khammam (Urban),0.4,24.3,33.3,79.0,98.6,0.0,1.3
2019-09-06,Khammam,Khammam (Urban),0.8,26.8,34.3,75.4,97.8,0.0,2.0
2019-09-07,Khammam,Khammam (Urban),4.4,25.2,31.8,83.1,98.7,0.0,1.3
2019-09-08,Khammam,Khammam (Urban),0.0,26.9,32.9,77.4,94.0,0.3,1.9
2019-09-09,Khammam,Khammam (Urban),0.0,27.1,34.5,72.8,94.6,0.1,1.3
