Date,District,Mandal,Rainfall (mm),temp_min (⁰C),temp_max (⁰C),humidity_min (%),Humidity_max (%),wind_speed_min (Kmph),wind_speed_max (Kmph)
2019-01-01,Khammam,Nelakondapalle,0.0,15.0,32.9,32.2,96.2,0.0,3.4
2019-01-02,Khammam,Nelakondapalle,0.0,15.5,33.3,25.0,96.2,0.0,3.9
2019-01-03,Khammam,Nelakondapalle,0.0,17.6,34.6,31.6,88.6,0.0,5.9
2019-01-04,Khammam,Nelakondapalle,0.0,18.2,33.6,38.3,96.2,0.0,1.7
2019-01-05,Khammam,Nelakondapalle,0.0,20.1,33.0,47.6,96.2,0.0,4.0
2019-01-06,Khammam,Nelakondapalle,0.0,20.1,32.9,46.2,96.2,0.0,2.6
2019-01-07,Khammam,Nelakondapalle,0.0,19.4,32.9,50.9,99.9,0.0,0.7
2019-01-08,Khammam,Nelakondapalle,0.0,18.4,34.6,42.1,98.2,0.0,2.8
2019-01-09,Khammam,Nelakondapalle,0.0,13.1,35.8,30.8,92.4,0.0,4.0
2019-01-10,Khammam,Nelakondapalle,0.0,17.5,35.5,22.4,96.2,0.0,4.5
2019-01-11,Khammam,Nelakondapalle,0.0,21.2,32.9,39.2,96.2,0.0,0.3
2019-01-12,Khammam,Nelakondapalle,0.0,20.1,33.8,45.0,96.1,0.0,7.4
2019-01-13,Khammam,Nelakondapalle,0.0,21.3,33.3,47.5,99.9,0.0,0.2
2019-01-14,Khammam,Nelakondapalle,0.0,20.1,34.6,42.9,96.2,0.0,0.1
2019-01-15,Khammam,Nelakondapalle,0.0,20.7,35.5,46.8,99.9,0.0,2.9
2019-01-16,Khammam,Nelakondapalle,0.0,20.1,35.5,39.8,99.9,0.0,3.4
2019-01-17,Khammam,Nelakondapalle,0.0,19.3,33.1,42.4,96.3,0.0,0.5
2019-01-18,Khammam,Nelakondapalle,0.0,19.1,34.6,46.5,99.9,0.0,2.6
2019-01-19,Khammam,Nelakondapalle,0.0,19.3,34.6,46.8,99.9,0.0,0.9
2019-01-20,Khammam,Nelakondapalle,0.0,18.4,35.2,39.4,99.9,0.0,2.6
2019-01-21,Khammam,Nelakondapalle,0.0,18.3,32.8,45.9,98.4,0.0,4.2
2019-01-22,Khammam,Nelakondapalle,0.0,18.1,34.6,48.7,99.9,0.0,4.2
2019-01-23,Khammam,Nelakondapalle,0.0,17.8,34.6,46.8,99.9,0.0,2.9
2019-01-24,Khammam,Nelakondapalle,0.0,20.8,34.6,46.8,99.9,0.0,1.0
2019-01-25,Khammam,Nelakondapalle,0.0,20.8,34.6,46.8,98.3,0.0,1.5
2019-01-26,Khammam,Nelakondapalle,0.0,21.2,31.5,53.9,97.8,0.0,2.3
2019-01-27,Khammam,Nelakondapalle,8.5,21.7,32.1,70.4,99.9,0.0,2.3
2019-01-28,Khammam,Nelakondapalle,7.3,20.8,30.0,77.0,99.9,0.0,11.9
2019-01-29,Khammam,Nelakondapalle,0.0,18.7,29.5,85.0,99.9,0.0,4.0
2019-01-30,Khammam,Nelakondapalle,0.0,15.4,30.6,40.9,94.3,0.0,5.9
2019-01-31,Khammam,Nelakondapalle,0.0,18.1,34.6,30.7,76.5,0.0,3.8
2019-02-01,Khammam,Nelakondapalle,0.0,18.8,34.6,46.8,98.0,0.0,0.4
2019-02-02,Khammam,Nelakondapalle,0.0,18.4,34.6,39.4,99.9,0.0,3.9
2019-02-03,Khammam,Nelakondapalle,0.0,18.9,34.6,47.0,98.1,0.0,2.6
2019-02-04,Khammam,Nelakondapalle,0.0,20.8,32.3,48.8,96.2,0.0,0.2
2019-02-05,Khammam,Nelakondapalle,0.0,20.6,35.0,38.6,97.8,0.0,7.1
2019-02-06,Khammam,Nelakondapalle,0.0,20.5,34.1,42.4,99.9,0.0,6.6
2019-02-07,Khammam,Nelakondapalle,0.0,19.2,34.9,47.2,95.6,0.0,7.0
2019-02-08,Khammam,Nelakondapalle,0.0,22.4,35.3,46.8,95.6,0.0,3.3
2019-02-09,Khammam,Nelakondapalle,0.0,23.1,35.2,51.6,99.9,0.0,5.3
2019-02-10,Khammam,Nelakondapalle,0.0,19.0,35.1,31.0,78.3,0.0,7.6
2019-02-11,Khammam,Nelakondapalle,0.0,23.5,35.7,36.5,79.4,0.0,7.5
2019-02-12,Khammam,Nelakondapalle,0.0,22.9,35.8,48.4,92.6,0.0,0.4
2019-02-13,Khammam,Nelakondapalle,0.0,20.6,35.2,49.2,99.9,0.0,7.1
2019-02-14,Khammam,Nelakondapalle,0.0,20.3,35.2,43.3,99.9,0.0,3.7
2019-02-15,Khammam,Nelakondapalle,0.0,20.5,35.3,35.8,99.9,0.0,4.8
2019-02-16,Khammam,Nelakondapalle,0.0,23.4,34.9,43.8,99.9,0.0,3.6
2019-02-17,Khammam,Nelakondapalle,0.0,23.5,35.2,48.3,97.2,0.0,0.1
2019-02-18,Khammam,Nelakondapalle,0.0,24.8,35.5,44.7,97.7,0.0,4.5
2019-02-19,Khammam,Nelakondapalle,0.0,25.7,36.2,43.2,99.9,0.0,5.9
2019-02-20,Khammam,Nelakondapalle,0.0,26.9,35.4,54.0,99.9,0.0,0.1
2019-02-21,Khammam,Nelakondapalle,0.0,23.0,37.7,47.2,97.8,0.0,0.1
2019-02-22,Khammam,Nelakondapalle,0.0,23.1,36.6,38.5,99.9,0.0,5.3
2019-02-23,Khammam,Nelakondapalle,0.0,22.2,36.8,33.5,86.7,0.0,0.3
2019-02-24,Khammam,Nelakondapalle,0.0,19.8,36.8,26.8,86.5,0.0,3.5
2019-02-25,Khammam,Nelakondapalle,0.0,24.0,39.2,31.2,99.9,0.0,7.1
2019-02-26,Khammam,Nelakondapalle,0.0,20.9,37.3,26.1,99.9,0.0,1.4
2019-02-27,Khammam,Nelakondapalle,0.0,23.9,35.8,43.5,99.9,0.0,4.3
2019-02-28,Khammam,Nelakondapalle,0.0,23.9,35.6,42.9,99.9,0.0,1.7
2019-03-01,Khammam,Nelakondapalle,25.0,22.5,35.6,48.3,99.9,0.0,8.4
2019-03-02,Khammam,Nelakondapalle,0.0,21.4,35.6,51.2,99.9,0.0,0.9
2019-03-03,Khammam,Nelakondapalle,0.0,22.6,34.1,48.6,99.9,0.0,4.0
2019-03-04,Khammam,Nelakondapalle,0.0,22.9,34.3,55.2,99.9,0.0,0.3
2019-03-05,Khammam,Nelakondapalle,0.0,23.8,36.6,47.5,99.9,0.0,0.1
2019-03-06,Khammam,Nelakondapalle,0.0,24.2,36.5,50.1,99.9,0.0,0.3
2019-03-07,Khammam,Nelakondapalle,0.0,21.3,36.4,40.4,99.9,0.0,4.0
2019-03-08,Khammam,Nelakondapalle,0.0,24.3,36.5,47.2,99.9,0.0,0.2
2019-03-09,Khammam,Nelakondapalle,0.0,24.2,36.4,47.3,99.9,0.0,0.2
2019-03-10,Khammam,Nelakondapalle,0.0,23.8,35.9,43.3,99.9,0.0,0.3
2019-03-11,Khammam,Nelakondapalle,0.0,24.0,36.4,42.9,99.9,0.0,0.2
2019-03-12,Khammam,Nelakondapalle,0.0,22.3,37.2,43.0,99.9,0.0,0.5
2019-03-13,Khammam,Nelakondapalle,0.0,23.0,36.3,33.5,99.9,0.0,5.9
2019-03-14,Khammam,Nelakondapalle,0.0,20.6,38.1,34.1,97.7,0.0,3.1
2019-03-15,Khammam,Nelakondapalle,0.0,23.4,37.6,25.4,91.2,0.0,6.0
2019-03-16,Khammam,Nelakondapalle,0.0,20.7,38.6,26.4,99.9,0.0,8.1
2019-03-17,Khammam,Nelakondapalle,0.0,20.8,36.2,33.8,99.9,0.0,10.8
2019-03-18,Khammam,Nelakondapalle,0.0,20.1,36.0,34.8,96.2,0.0,0.2
2019-03-19,Khammam,Nelakondapalle,0.0,20.9,35.5,42.3,93.3,0.0,7.0
2019-03-20,Khammam,Nelakondapalle,0.0,23.3,36.9,43.6,97.8,0.0,0.3
2019-03-21,Khammam,Nelakondapalle,0.0,23.7,36.7,41.7,99.9,0.0,0.6
2019-03-22,Khammam,Nelakondapalle,0.0,23.0,35.9,39.9,98.9,0.0,2.2
2019-03-23,Khammam,Nelakondapalle,0.0,23.1,36.4,42.0,99.9,0.0,3.9
2019-03-24,Khammam,Nelakondapalle,0.0,23.5,38.3,34.3,99.9,0.0,1.2
2019-03-25,Khammam,Nelakondapalle,0.0,23.8,37.9,38.7,99.9,0.0,0.8
2019-03-26,Khammam,Nelakondapalle,0.0,24.0,38.0,35.9,99.9,0.0,0.3
2019-03-27,Khammam,Nelakondapalle,0.0,23.0,38.5,39.9,99.9,0.0,0.1
2019-03-28,Khammam,Nelakondapalle,0.0,24.0,38.5,32.5,99.9,0.0,5.9
2019-03-29,Khammam,Nelakondapalle,0.0,24.2,38.4,34.4,99.9,0.0,2.6
2019-03-30,Khammam,Nelakondapalle,0.0,25.6,38.2,33.4,97.3,0.0,1.6
2019-03-31,Khammam,Nelakondapalle,0.0,25.4,40.9,32.2,99.9,0.0,2.6
2019-04-01,Khammam,Nelakondapalle,0.0,26.5,41.0,31.4,99.9,0.0,1.2
2019-04-02,Khammam,Nelakondapalle,0.0,24.2,38.6,31.4,99.9,0.0,3.5
2019-04-03,Khammam,Nelakondapalle,0.0,23.9,38.3,26.3,96.9,0.0,3.0
2019-04-04,Khammam,Nelakondapalle,0.0,23.7,38.3,40.0,99.9,0.0,5.8
2019-04-05,Khammam,Nelakondapalle,0.0,24.1,39.2,31.3,97.7,0.0,1.3
2019-04-06,Khammam,Nelakondapalle,0.0,25.7,39.9,34.8,99.9,0.0,1.5
2019-04-07,Khammam,Nelakondapalle,2.0,21.2,40.2,35.0,90.8,0.0,2.8
2019-04-08,Khammam,Nelakondapalle,0.0,25.7,39.4,31.4,93.3,0.0,3.4
2019-04-09,Khammam,Nelakondapalle,0.0,26.3,39.3,30.7,98.4,0.0,7.5
2019-04-10,Khammam,Nelakondapalle,0.0,26.7,39.1,42.0,97.6,0.0,0.1
2019-04-11,Khammam,Nelakondapalle,0.0,24.8,39.9,33.8,97.7,0.0,4.8
2019-04-12,Khammam,Nelakondapalle,0.0,25.6,40.1,31.2,98.0,0.0,0.1
2019-04-13,Khammam,Nelakondapalle,0.0,23.2,41.6,24.6,89.7,0.0,0.3
2019-04-14,Khammam,Nelakondapalle,0.0,25.2,41.1,26.9,99.9,0.0,0.3
2019-04-15,Khammam,Nelakondapalle,0.0,24.9,42.5,26.4,99.9,0.0,0.6
2019-04-16,Khammam,Nelakondapalle,0.0,24.1,42.2,18.0,97.8,0.0,1.1
2019-04-17,Khammam,Nelakondapalle,0.0,23.0,41.2,15.0,99.9,0.0,7.6
2019-04-18,Khammam,Nelakondapalle,0.0,25.5,39.7,20.8,97.7,0.0,2.6
2019-04-19,Khammam,Nelakondapalle,8.3,25.7,39.6,35.4,99.9,0.0,8.3
2019-04-20,Khammam,Nelakondapalle,0.5,27.5,39.3,31.4,90.9,0.0,0.1
2019-04-21,Khammam,Nelakondapalle,0.0,27.3,39.6,36.4,90.8,0.0,1.9
2019-04-22,Khammam,Nelakondapalle,0.0,27.5,40.5,30.2,73.4,0.0,0.7
2019-04-23,Khammam,Nelakondapalle,0.0,23.5,39.9,19.5,70.7,0.0,1.1
2019-04-24,Khammam,Nelakondapalle,18.3,23.4,41.8,27.1,90.1,0.0,2.5
2019-04-25,Khammam,Nelakondapalle,0.0,25.9,39.6,35.3,99.3,0.0,4.5
2019-04-26,Khammam,Nelakondapalle,0.0,26.3,40.5,31.7,99.9,0.0,2.4
2019-04-27,Khammam,Nelakondapalle,0.0,26.9,42.3,22.2,92.1,0.0,6.1
2019-04-28,Khammam,Nelakondapalle,0.0,27.4,41.7,28.5,93.7,0.0,2.9
2019-04-29,Khammam,Nelakondapalle,0.0,27.0,41.7,26.7,97.6,0.0,2.9
2019-04-30,Khammam,Nelakondapalle,0.0,27.1,41.2,26.9,97.6,0.0,3.8
2019-05-01,Khammam,Nelakondapalle,0.0,27.5,42.2,34.2,83.7,0.0,1.5
2019-05-02,Khammam,Nelakondapalle,0.0,25.9,39.7,40.2,76.1,0.0,4.9
2019-05-03,Khammam,Nelakondapalle,0.0,26.6,41.8,23.4,79.0,0.0,0.2
2019-05-04,Khammam,Nelakondapalle,0.0,25.7,41.7,18.5,70.7,0.0,5.4
2019-05-05,Khammam,Nelakondapalle,0.0,25.4,44.4,15.9,54.3,0.0,0.3
2019-05-06,Khammam,Nelakondapalle,0.0,26.9,44.9,11.9,72.1,0.0,2.0
2019-05-07,Khammam,Nelakondapalle,0.0,29.5,45.3,9.7,84.9,0.0,1.7
2019-05-08,Khammam,Nelakondapalle,0.0,29.4,44.4,16.3,91.4,0.0,0.2
2019-05-09,Khammam,Nelakondapalle,0.0,28.0,44.3,23.7,76.9,0.0,12.0
2019-05-10,Khammam,Nelakondapalle,0.0,28.7,45.0,13.6,80.0,0.0,0.3
2019-05-11,Khammam,Nelakondapalle,3.5,30.3,45.2,21.9,91.4,0.0,0.4
2019-05-12,Khammam,Nelakondapalle,5.0,24.4,42.0,37.4,92.7,0.0,6.2
2019-05-13,Khammam,Nelakondapalle,0.0,29.3,39.5,35.0,98.3,0.0,0.9
2019-05-14,Khammam,Nelakondapalle,0.0,28.7,41.0,35.8,98.3,0.0,3.1
2019-05-15,Khammam,Nelakondapalle,0.0,29.2,41.4,30.7,91.4,0.0,0.6
2019-05-16,Khammam,Nelakondapalle,0.0,29.1,41.7,33.2,91.4,0.0,2.8
2019-05-17,Khammam,Nelakondapalle,0.0,29.0,42.7,33.0,87.0,0.0,2.8
2019-05-18,Khammam,Nelakondapalle,0.0,28.5,41.8,31.3,91.4,0.0,1.6
2019-05-19,Khammam,Nelakondapalle,0.0,27.6,43.8,27.0,84.5,0.0,1.7
2019-05-20,Khammam,Nelakondapalle,0.0,27.8,43.8,24.5,90.9,0.0,3.7
2019-05-21,Khammam,Nelakondapalle,0.0,27.8,43.9,22.2,90.9,0.0,0.6
2019-05-22,Khammam,Nelakondapalle,0.0,27.7,43.5,24.3,91.4,0.0,2.0
2019-05-23,Khammam,Nelakondapalle,0.0,28.0,42.9,25.3,84.3,0.0,3.1
2019-05-24,Khammam,Nelakondapalle,0.0,29.0,41.8,31.2,87.1,0.0,6.0
2019-05-25,Khammam,Nelakondapalle,0.0,29.7,43.8,28.5,84.3,0.0,14.8
2019-05-26,Khammam,Nelakondapalle,0.0,30.2,44.8,23.6,84.5,,
2019-05-27,Khammam,Nelakondapalle,0.0,30.6,45.8,23.1,85.7,0.0,4.7
2019-05-28,Khammam,Nelakondapalle,0.0,30.5,44.4,22.6,84.3,0.0,6.9
2019-05-29,Khammam,Nelakondapalle,0.0,31.1,45.1,28.5,85.4,0.0,3.1
2019-05-30,Khammam,Nelakondapalle,0.0,27.7,42.8,35.3,77.6,0.0,1.0
2019-05-31,Khammam,Nelakondapalle,0.0,25.7,34.9,51.7,90.9,0.0,3.4
2019-06-01,Khammam,Nelakondapalle,0.0,28.8,40.9,34.2,92.1,,
2019-06-02,Khammam,Nelakondapalle,0.0,30.1,40.5,35.0,84.5,,
2019-06-03,Khammam,Nelakondapalle,0.0,29.3,43.5,31.7,86.8,0.0,0.1
2019-06-04,Khammam,Nelakondapalle,0.0,27.9,41.2,31.8,76.9,0.0,4.5
2019-06-05,Khammam,Nelakondapalle,0.0,30.3,42.0,29.4,84.3,0.0,1.0
2019-06-06,Khammam,Nelakondapalle,0.0,29.8,43.6,28.1,79.2,0.0,3.1
2019-06-07,Khammam,Nelakondapalle,0.0,25.2,41.8,30.7,79.9,0.0,12.0
2019-06-08,Khammam,Nelakondapalle,0.0,26.7,41.3,31.1,84.5,0.0,3.5
2019-06-09,Khammam,Nelakondapalle,0.0,29.0,41.1,28.1,71.8,0.0,0.8
2019-06-10,Khammam,Nelakondapalle,0.0,31.3,41.7,30.1,70.9,0.0,10.0
2019-06-11,Khammam,Nelakondapalle,0.0,28.5,41.0,40.2,85.4,0.0,3.0
2019-06-12,Khammam,Nelakondapalle,0.0,28.8,41.6,31.7,84.3,0.0,9.1
2019-06-13,Khammam,Nelakondapalle,0.0,31.2,42.4,28.8,63.1,0.0,8.9
2019-06-14,Khammam,Nelakondapalle,0.0,30.8,41.9,31.2,57.3,0.0,9.0
2019-06-15,Khammam,Nelakondapalle,0.0,32.3,41.8,29.2,55.0,0.0,6.0
2019-06-16,Khammam,Nelakondapalle,0.0,32.8,42.5,26.8,55.0,0.0,6.5
2019-06-17,Khammam,Nelakondapalle,0.0,30.4,42.1,25.5,63.1,0.0,5.2
2019-06-18,Khammam,Nelakondapalle,3.8,25.1,35.3,47.2,90.8,0.0,2.4
2019-06-19,Khammam,Nelakondapalle,0.0,30.6,40.1,31.8,63.1,0.0,5.0
2019-06-20,Khammam,Nelakondapalle,0.0,32.7,42.5,25.8,57.8,0.0,8.4
2019-06-21,Khammam,Nelakondapalle,31.5,26.3,39.0,36.7,99.9,0.0,7.9
2019-06-22,Khammam,Nelakondapalle,0.0,27.8,35.1,63.5,99.9,,
2019-06-23,Khammam,Nelakondapalle,0.0,27.6,35.9,50.2,85.7,0.0,4.8
2019-06-24,Khammam,Nelakondapalle,0.0,27.3,35.8,48.1,92.1,0.0,2.4
2019-06-25,Khammam,Nelakondapalle,0.0,27.1,38.0,47.6,90.8,0.0,0.9
2019-06-26,Khammam,Nelakondapalle,0.0,27.9,38.8,42.3,84.4,0.0,4.0
2019-06-27,Khammam,Nelakondapalle,0.0,27.8,36.3,52.4,85.7,0.0,7.5
2019-06-28,Khammam,Nelakondapalle,0.0,30.5,39.1,39.2,66.3,0.0,12.1
2019-06-29,Khammam,Nelakondapalle,0.0,29.7,37.7,38.8,70.5,0.0,8.2
2019-06-30,Khammam,Nelakondapalle,0.0,28.2,35.0,52.6,78.5,0.0,0.1
2019-07-01,Khammam,Nelakondapalle,0.0,28.2,35.2,47.2,76.6,0.0,3.4
2019-07-02,Khammam,Nelakondapalle,4.8,26.5,33.3,59.2,97.6,0.0,5.0
2019-07-03,Khammam,Nelakondapalle,0.4,28.8,33.4,63.2,90.9,0.0,7.2
2019-07-04,Khammam,Nelakondapalle,0.0,29.5,35.6,46.4,73.7,0.0,8.1
2019-07-05,Khammam,Nelakondapalle,0.0,29.4,37.8,38.5,70.4,0.0,11.0
2019-07-06,Khammam,Nelakondapalle,1.4,27.2,35.0,46.7,92.9,0.0,11.2
2019-07-07,Khammam,Nelakondapalle,0.0,30.1,36.5,50.2,73.0,0.0,11.7
2019-07-08,Khammam,Nelakondapalle,0.0,29.2,37.4,38.8,76.5,0.0,10.8
2019-07-09,Khammam,Nelakondapalle,0.0,29.0,38.0,38.8,83.8,0.0,10.7
2019-07-10,Khammam,Nelakondapalle,0.0,29.3,37.4,43.6,70.4,0.0,9.1
2019-07-11,Khammam,Nelakondapalle,0.0,28.7,37.8,36.4,76.6,0.0,7.1
2019-07-12,Khammam,Nelakondapalle,0.0,27.5,37.5,44.2,83.7,0.0,8.0
2019-07-13,Khammam,Nelakondapalle,0.0,29.6,37.9,37.6,71.1,0.0,4.6
2019-07-14,Khammam,Nelakondapalle,12.7,25.2,38.0,40.3,99.9,0.0,4.9
2019-07-15,Khammam,Nelakondapalle,4.4,27.2,37.5,44.3,99.9,0.0,0.9
2019-07-16,Khammam,Nelakondapalle,4.1,26.7,37.1,63.5,99.9,0.0,6.7
2019-07-17,Khammam,Nelakondapalle,0.0,27.9,37.4,43.4,84.0,0.0,6.7
2019-07-18,Khammam,Nelakondapalle,0.0,29.2,38.2,34.9,77.3,0.0,3.0
2019-07-19,Khammam,Nelakondapalle,0.0,27.6,38.1,36.2,90.9,0.0,3.3
2019-07-20,Khammam,Nelakondapalle,0.0,26.8,36.1,55.4,91.6,0.0,3.4
2019-07-21,Khammam,Nelakondapalle,0.0,27.0,32.6,63.3,99.9,0.0,8.8
2019-07-22,Khammam,Nelakondapalle,39.2,26.4,36.9,54.6,99.9,0.0,1.5
2019-07-23,Khammam,Nelakondapalle,2.7,27.1,37.1,55.0,99.9,0.0,0.6
2019-07-24,Khammam,Nelakondapalle,0.0,26.6,33.6,68.0,98.3,0.0,5.9
2019-07-25,Khammam,Nelakondapalle,0.0,29.8,38.1,49.1,78.4,0.0,8.3
2019-07-26,Khammam,Nelakondapalle,23.1,25.9,37.6,50.2,99.9,0.0,4.8
2019-07-27,Khammam,Nelakondapalle,51.4,24.8,27.3,93.9,99.9,0.0,6.9
2019-07-28,Khammam,Nelakondapalle,6.0,24.6,30.3,92.0,99.9,0.0,6.5
2019-07-29,Khammam,Nelakondapalle,17.8,24.4,26.5,96.3,99.9,0.0,7.3
2019-07-30,Khammam,Nelakondapalle,2.0,24.8,30.1,89.3,99.9,0.0,8.8
2019-07-31,Khammam,Nelakondapalle,0.0,27.2,33.1,77.5,97.6,0.0,8.6
2019-08-01,Khammam,Nelakondapalle,18.2,25.4,34.4,56.2,99.9,0.0,6.3
2019-08-02,Khammam,Nelakondapalle,13.5,24.5,33.0,84.4,99.9,0.0,8.8
2019-08-03,Khammam,Nelakondapalle,20.2,24.0,26.4,80.5,99.9,0.1,6.5
2019-08-04,Khammam,Nelakondapalle,0.4,26.0,29.7,90.3,99.1,0.0,7.1
2019-08-05,Khammam,Nelakondapalle,0.0,26.7,32.2,81.4,97.7,0.0,8.1
2019-08-06,Khammam,Nelakondapalle,35.4,24.4,33.2,84.9,99.9,0.0,7.7
2019-08-07,Khammam,Nelakondapalle,15.9,24.4,29.6,94.5,99.9,0.0,2.8
2019-08-08,Khammam,Nelakondapalle,16.1,25.0,30.2,95.5,99.9,0.0,3.1
2019-08-09,Khammam,Nelakondapalle,0.0,25.5,33.0,82.0,98.0,0.0,8.1
2019-08-10,Khammam,Nelakondapalle,0.0,26.8,33.2,81.9,98.3,0.0,7.6
2019-08-11,Khammam,Nelakondapalle,0.0,26.7,35.3,56.5,91.4,0.0,3.4
2019-08-12,Khammam,Nelakondapalle,0.0,27.1,35.2,54.8,91.6,0.0,4.1
2019-08-13,Khammam,Nelakondapalle,17.0,25.7,34.2,58.5,99.9,0.0,1.8
2019-08-14,Khammam,Nelakondapalle,1.3,25.7,32.3,88.4,99.9,0.0,0.7
2019-08-15,Khammam,Nelakondapalle,0.0,26.7,34.3,82.1,99.9,0.0,0.6
2019-08-16,Khammam,Nelakondapalle,0.5,27.0,35.4,64.0,99.9,0.0,0.2
2019-08-17,Khammam,Nelakondapalle,3.6,26.9,36.6,54.2,98.4,0.0,1.0
2019-08-18,Khammam,Nelakondapalle,0.0,26.6,34.8,55.8,99.9,0.0,0.5
2019-08-19,Khammam,Nelakondapalle,0.3,25.6,34.4,74.4,99.9,0.0,0.9
2019-08-20,Khammam,Nelakondapalle,6.2,25.4,36.5,51.9,99.9,0.0,7.7
2019-08-21,Khammam,Nelakondapalle,23.7,26.0,34.3,92.2,99.9,0.0,5.0
2019-08-22,Khammam,Nelakondapalle,36.8,24.8,34.9,72.3,99.9,0.0,0.2
2019-08-23,Khammam,Nelakondapalle,32.1,25.0,35.2,64.9,99.9,0.0,2.3
2019-08-24,Khammam,Nelakondapalle,0.0,27.0,32.7,92.1,100.0,0.0,5.2
2019-08-25,Khammam,Nelakondapalle,25.9,24.9,35.2,77.6,99.9,0.0,6.8
2019-08-26,Khammam,Nelakondapalle,0.0,26.2,35.2,72.8,99.9,0.0,5.4
2019-08-27,Khammam,Nelakondapalle,0.0,27.5,35.5,66.0,90.7,0.0,6.0
2019-08-28,Khammam,Nelakondapalle,0.0,27.5,35.2,55.4,97.6,0.0,3.5
2019-08-29,Khammam,Nelakondapalle,0.0,27.5,35.6,53.0,99.9,0.0,3.5
2019-08-30,Khammam,Nelakondapalle,2.9,27.5,35.2,65.7,99.1,0.0,2.2
2019-08-31,Khammam,Nelakondapalle,2.0,24.9,35.4,72.3,99.9,0.0,4.0
2019-09-01,Khammam,Nelakondapalle,2.8,24.9,32.8,88.3,99.9,0.0,2.8
2019-09-02,Khammam,Nelakondapalle,26.2,24.9,30.5,97.6,99.9,0.0,5.6
2019-09-03,Khammam,Nelakondapalle,8.2,24.9,31.5,92.1,99.9,0.0,0.3
2019-09-04,Khammam,Nelakondapalle,1.9,24.9,30.2,98.3,99.9,0.0,4.5
2019-09-05,Khammam,Nelakondapalle,0.0,24.3,32.7,92.1,99.8,0.0,5.3
2019-09-06,Khammam,Nelakondapalle,0.3,27.5,32.7,86.4,99.9,0.0,4.9
2019-09-07,Khammam,Nelakondapalle,0.8,27.5,32.7,87.5,99.9,0.0,3.4
2019-09-08,Khammam,Nelakondapalle,0.0,27.5,33.8,87.0,99.9,0.0,5.4
2019-09-09,Khammam,Nelakondapalle,0.0,27.5,33.7,86.4,99.1,0.0,2.6
2019-09-11,Khammam,Nelakondapalle,0.0,27.5,33.6,84.9,99.9,0.0,2.1
2019-09-12,Khammam,Nelakondapalle,0.0,27.5,33.0,87.1,99.9,0.0,2.7
2019-09-13,Khammam,Nelakondapalle,0.7,26.4,32.3,85.1,99.9,0.0,2.8
2019-09-14,Khammam,Nelakondapalle,10.5,24.9,33.5,87.4,99.9,0.0,0.6
2019-09-15,Khammam,Nelakondapalle,0.3,24.9,35.4,71.4,99.9,0.0,0.1
2019-09-16,Khammam,Nelakondapalle,0.0,27.5,35.2,78.0,99.9,0.0,1.2
2019-09-17,Khammam,Nelakondapalle,7.5,27.5,35.2,80.7,99.9,0.0,0.2
2019-09-18 00:00:00,Khammam,Nelakondapalle,37.6,24.9,32.8,86.2,100.0,0.0,0.6
2019-09-19 00:00:00,Khammam,Nelakondapalle,4.2,24.8,32.6,88.8,99.9,0.0,4.6
2019-09-20 00:00:00,Khammam,Nelakondapalle,0.0,27.5,35.2,84.8,99.9,0.0,0.1
2019-09-21 00:00:00,Khammam,Nelakondapalle,15.6,25.9,35.6,78.0,99.9,0.0,0.3
2019-09-22 00:00:00,Khammam,Nelakondapalle,3.2,27.5,35.2,57.6,99.9,0.0,8.8
2019-09-23 00:00:00,Khammam,Nelakondapalle,0.0,25.5,35.2,58.6,100.0,0.0,3.4
2019-09-24 00:00:00,Khammam,Nelakondapalle,3.8,26.0,35.5,56.9,100.0,0.0,0.2
2019-09-25 00:00:00,Khammam,Nelakondapalle,4.3,24.9,33.0,84.9,100.0,0.0,0.8
2019-09-26 00:00:00,Khammam,Nelakondapalle,10.8,24.9,32.9,85.1,100.0,0.0,0.9
2019-09-27 00:00:00,Khammam,Nelakondapalle,19.7,24.9,31.2,93.9,100.0,0.0,0.9
2019-09-28 00:00:00,Khammam,Nelakondapalle,0.0,24.9,35.0,77.3,100.0,0.0,0.1
2019-09-29 00:00:00,Khammam,Nelakondapalle,0.0,27.5,35.2,79.5,100.0,0.0,2.5
2019-09-30 00:00:00,Khammam,Nelakondapalle,0.0,26.2,35.7,61.9,100.0,0.0,4.0
2019-10-01,Khammam,Nelakondapalle,0.0,27.5,35.4,75.9,100.0,0.0,4.0
2019-10-02,Khammam,Nelakondapalle,0.0,24.9,35.9,54.5,100.0,0.0,0.8
2019-10-03,Khammam,Nelakondapalle,1.3,25.9,35.2,62.4,100.0,0.0,1.6
2019-10-04,Khammam,Nelakondapalle,13.0,24.9,35.7,57.9,100.0,0.0,0.2
2019-10-05,Khammam,Nelakondapalle,0.0,25.5,35.7,49.6,100.0,0.0,0.5
2019-10-06,Khammam,Nelakondapalle,0.0,24.9,35.2,52.9,100.0,0.0,4.6
2019-10-07,Khammam,Nelakondapalle,0.0,24.9,36.5,50.7,100.0,0.0,0.5
2019-10-08,Khammam,Nelakondapalle,0.0,25.3,35.7,57.9,100.0,0.0,3.5
2019-10-09,Khammam,Nelakondapalle,18.4,24.9,35.4,63.9,100.0,0.0,2.4
2019-10-10,Khammam,Nelakondapalle,1.9,26.4,35.9,59.9,100.0,0.0,3.4
2019-10-11,Khammam,Nelakondapalle,2.1,25.3,35.8,71.5,100.0,0.0,2.9
2019-10-12,Khammam,Nelakondapalle,33.6,25.1,36.3,61.4,100.0,0.0,2.7
2019-10-13,Khammam,Nelakondapalle,0.0,25.7,35.8,56.0,100.0,0.0,1.0
2019-10-14,Khammam,Nelakondapalle,0.0,24.9,35.5,63.4,100.0,0.0,0.2
2019-10-15,Khammam,Nelakondapalle,0.0,25.0,35.5,56.9,100.0,0.0,3.4
2019-10-16,Khammam,Nelakondapalle,18.4,24.9,35.3,60.4,100.0,0.0,0.1
2019-10-17,Khammam,Nelakondapalle,0.0,24.9,32.6,83.5,100.0,0.0,0.1
2019-10-18,Khammam,Nelakondapalle,5.6,24.9,35.2,83.2,100.0,0.0,1.1
2019-10-19,Khammam,Nelakondapalle,16.1,24.6,34.3,79.0,100.0,0.0,0.1
2019-10-20,Khammam,Nelakondapalle,0.0,24.9,34.1,84.2,100.0,0.0,0.4
2019-10-21,Khammam,Nelakondapalle,10.2,24.9,34.6,74.8,100.0,0.0,1.5
2019-10-22,Khammam,Nelakondapalle,6.5,24.9,33.3,87.7,100.0,-1.0,-1.0
2019-10-23,Khammam,Nelakondapalle,20.6,24.9,28.9,98.1,100.0,0.0,3.0
2019-10-24,Khammam,Nelakondapalle,2.0,24.9,30.5,93.4,100.0,-1.0,-1.0
2019-10-25,Khammam,Nelakondapalle,10.2,24.9,35.2,65.9,100.0,0.0,0.1
2019-10-26,Khammam,Nelakondapalle,0.0,25.6,35.2,61.9,100.0,-1.0,-1.0
2019-10-27,Khammam,Nelakondapalle,1.5,24.9,35.2,57.5,100.0,0.0,1.3
2019-10-28,Khammam,Nelakondapalle,0.0,25.9,35.4,55.0,100.0,0.0,2.1
2019-10-29,Khammam,Nelakondapalle,0.0,27.2,35.2,58.9,100.0,0.0,0.4
2019-10-30,Khammam,Nelakondapalle,0.0,27.1,33.2,79.0,100.0,0.0,5.5
2019-10-31,Khammam,Nelakondapalle,0.0,24.9,34.3,80.9,100.0,0.0,5.3
2019-11-01,Khammam,Nelakondapalle,0.0,24.9,33.9,73.4,100.0,0.0,0.4
2019-11-02,Khammam,Nelakondapalle,0.0,24.9,35.2,48.6,100.0,0.0,0.1
2019-11-03,Khammam,Nelakondapalle,0.3,24.9,35.2,60.9,100.0,0.0,3.0
2019-11-04,Khammam,Nelakondapalle,0.0,24.9,35.2,54.0,100.0,0.0,0.3
2019-11-05,Khammam,Nelakondapalle,0.0,24.9,36.0,43.9,100.0,-1.0,-1.0
2019-11-06,Khammam,Nelakondapalle,0.0,24.9,36.2,45.8,100.0,0.0,0.7
2019-11-07,Khammam,Nelakondapalle,0.0,23.3,35.7,48.0,100.0,0.0,0.3
2019-11-08,Khammam,Nelakondapalle,0.0,23.2,33.6,46.3,100.0,0.0,0.1
2019-11-09,Khammam,Nelakondapalle,0.0,22.4,33.2,43.7,100.0,0.0,2.6
2019-11-10,Khammam,Nelakondapalle,0.0,22.4,33.8,40.1,99.3,0.0,0.6
2019-11-11,Khammam,Nelakondapalle,0.0,24.0,34.9,44.6,100.0,0.0,3.7
2019-11-12,Khammam,Nelakondapalle,0.0,23.2,35.2,49.1,100.0,0.0,1.2
2019-11-13,Khammam,Nelakondapalle,0.0,22.4,35.3,48.2,100.0,-1.0,-1.0
2019-11-14,Khammam,Nelakondapalle,0.0,22.3,34.1,53.5,100.0,0.0,0.3
2019-11-15,Khammam,Nelakondapalle,0.0,22.5,31.9,54.5,99.8,0.0,0.9
2019-11-16,Khammam,Nelakondapalle,0.0,23.6,34.6,50.3,99.7,0.0,0.3
2019-11-17,Khammam,Nelakondapalle,0.0,22.3,36.2,44.1,100.0,0.0,0.4
2019-11-18,Khammam,Nelakondapalle,0.0,22.1,35.8,37.9,100.0,0.0,1.4
2019-11-19,Khammam,Nelakondapalle,0.0,23.7,36.5,45.8,98.2,0.0,1.5
2019-11-20,Khammam,Nelakondapalle,0.0,22.9,34.6,51.4,100.0,0.0,4.0
2019-11-21,Khammam,Nelakondapalle,0.0,22.3,33.6,54.0,100.0,0.0,0.1
2019-11-22,Khammam,Nelakondapalle,0.0,21.4,31.9,54.0,100.0,0.0,0.9
2019-11-23,Khammam,Nelakondapalle,0.0,20.8,33.4,47.0,100.0,0.0,0.5
2019-11-24,Khammam,Nelakondapalle,0.0,20.5,32.7,49.3,100.0,0.0,0.7
2019-11-25,Khammam,Nelakondapalle,0.0,20.8,33.0,48.2,100.0,-1.0,-1.0
2019-11-26,Khammam,Nelakondapalle,0.0,19.6,31.2,52.6,100.0,0.0,0.4
2019-11-27,Khammam,Nelakondapalle,0.0,18.6,31.5,45.4,100.0,0.0,2.9
2019-11-28,Khammam,Nelakondapalle,0.0,21.1,33.5,41.5,100.0,0.0,2.7
2019-11-29,Khammam,Nelakondapalle,0.0,21.9,31.7,53.5,100.0,0.0,0.1
2019-11-30,Khammam,Nelakondapalle,0.0,21.8,34.3,46.9,100.0,0.0,0.2
2019-12-01,Khammam,Nelakondapalle,0.0,23.1,35.0,48.0,100.0,-1.0,-1.0
2019-12-02,Khammam,Nelakondapalle,0.0,24.1,29.4,77.4,100.0,0.0,0.4
2019-12-03,Khammam,Nelakondapalle,4.2,21.7,29.7,80.6,100.0,0.0,0.1
2019-12-04,Khammam,Nelakondapalle,0.0,21.1,30.9,57.0,100.0,0.0,1.0
2019-12-05,Khammam,Nelakondapalle,0.0,20.5,31.0,51.6,94.3,0.0,0.6
2019-12-06,Khammam,Nelakondapalle,0.0,19.8,30.7,47.8,95.5,0.0,1.9
2019-12-07,Khammam,Nelakondapalle,0.0,17.6,30.1,52.6,100.0,0.0,5.5
2019-12-08,Khammam,Nelakondapalle,0.0,20.8,31.9,46.5,100.0,0.0,0.3
2019-12-09,Khammam,Nelakondapalle,0.0,20.2,32.0,47.6,100.0,0.0,3.1
2019-12-10,Khammam,Nelakondapalle,0.0,20.2,32.3,46.5,100.0,0.0,0.1
2019-12-11,Khammam,Nelakondapalle,0.0,19.3,33.3,38.7,100.0,0.0,0.2
2019-12-12,Khammam,Nelakondapalle,0.0,19.9,33.4,38.7,100.0,0.0,2.7
2019-12-13,Khammam,Nelakondapalle,0.0,18.7,32.8,40.3,100.0,0.0,0.6
2019-12-14,Khammam,Nelakondapalle,0.0,21.7,33.6,42.6,100.0,0.0,0.1
2019-12-15,Khammam,Nelakondapalle,0.0,20.2,33.3,48.2,100.0,0.0,0.1
2019-12-16,Khammam,Nelakondapalle,0.0,20.4,33.8,49.7,100.0,0.0,0.2
2019-12-17,Khammam,Nelakondapalle,0.0,20.1,32.6,43.2,100.0,0.0,0.5
2019-12-18,Khammam,Nelakondapalle,0.0,20.5,32.3,48.3,99.8,0.0,1.6
2019-12-19,Khammam,Nelakondapalle,0.0,20.4,32.8,49.5,100.0,0.0,0.2
2019-12-20,Khammam,Nelakondapalle,0.0,20.5,32.9,44.8,99.8,,
2019-12-21,Khammam,Nelakondapalle,0.0,20.2,33.8,43.7,96.3,,
2019-12-22,Khammam,Nelakondapalle,0.0,20.7,33.1,42.0,100.0,0.0,0.6
2019-12-23,Khammam,Nelakondapalle,0.0,18.8,32.7,39.2,100.0,0.0,0.3
2019-12-24,Khammam,Nelakondapalle,0.0,20.0,32.8,39.2,100.0,0.0,2.4
2019-12-25,Khammam,Nelakondapalle,0.0,20.0,32.5,43.2,100.0,0.0,2.3
2019-12-26,Khammam,Nelakondapalle,0.0,20.2,33.3,40.9,100.0,0.0,0.7
2019-12-27,Khammam,Nelakondapalle,0.0,22.1,30.6,55.0,95.6,0.0,6.5
2019-12-28,Khammam,Nelakondapalle,0.0,20.3,32.3,53.0,91.9,0.0,5.3
2019-12-29,Khammam,Nelakondapalle,0.0,19.7,32.0,47.2,100.0,0.0,0.1
2019-12-30,Khammam,Nelakondapalle,0.0,18.4,30.3,47.2,100.0,0.0,4.4
2019-12-31,Khammam,Nelakondapalle,0.0,19.0,32.0,43.9,97.1,0.0,2.4
