Date,District,Mandal,Rainfall (mm),temp_min (⁰C),temp_max (⁰C),humidity_min (%),Humidity_max (%),wind_speed_min (Kmph),wind_speed_max (Kmph)
2019-01-01,Khammam,Raghunadhapalem,0.0,10.4,26.9,33.8,90.5,0.0,4.5
2019-01-02,Khammam,Raghunadhapalem,0.0,10.8,30.0,28.6,75.6,0.0,3.6
2019-01-03,Khammam,Raghunadhapalem,0.0,12.9,30.3,39.7,100.0,0.0,6.3
2019-01-04,Khammam,Raghunadhapalem,0.0,13.2,30.3,39.2,100.0,0.0,0.6
2019-01-05,Khammam,Raghunadhapalem,0.0,16.6,29.5,45.3,100.0,0.0,6.3
2019-01-06,Khammam,Raghunadhapalem,0.0,15.9,30.4,44.3,100.0,0.0,4.3
2019-01-07,Khammam,Raghunadhapalem,0.0,14.5,28.9,57.7,100.0,0.0,8.4
2019-01-08,Khammam,Raghunadhapalem,0.0,14.5,29.4,49.4,100.0,0.0,2.4
2019-01-09,Khammam,Raghunadhapalem,0.0,11.4,30.2,38.2,98.9,0.0,2.2
2019-01-10,Khammam,Raghunadhapalem,0.0,13.4,30.8,23.2,93.0,0.0,5.9
2019-01-11,Khammam,Raghunadhapalem,0.0,18.1,30.5,40.2,91.1,0.0,4.4
2019-01-12,Khammam,Raghunadhapalem,0.0,16.9,29.5,45.9,97.0,0.0,8.7
2019-01-13,Khammam,Raghunadhapalem,0.0,17.7,29.0,51.8,100.0,0.0,6.3
2019-01-14,Khammam,Raghunadhapalem,0.0,16.8,29.9,50.5,100.0,0.0,7.8
2019-01-15,Khammam,Raghunadhapalem,0.0,16.6,31.2,48.4,100.0,0.0,4.3
2019-01-16,Khammam,Raghunadhapalem,0.0,15.6,29.7,52.4,100.0,0.0,5.2
2019-01-17,Khammam,Raghunadhapalem,0.0,18.2,32.0,43.4,96.1,0.0,3.2
2019-01-18,Khammam,Raghunadhapalem,0.0,16.8,29.5,51.5,100.0,0.0,2.8
2019-01-19,Khammam,Raghunadhapalem,0.0,16.3,32.8,48.1,100.0,0.0,1.2
2019-01-20,Khammam,Raghunadhapalem,0.0,15.6,31.6,40.2,100.0,0.0,3.2
2019-01-21,Khammam,Raghunadhapalem,0.0,16.0,30.8,48.9,100.0,0.0,2.9
2019-01-22,Khammam,Raghunadhapalem,0.0,17.3,31.5,49.4,100.0,0.0,2.8
2019-01-23,Khammam,Raghunadhapalem,0.0,16.8,29.4,53.3,100.0,0.0,5.2
2019-01-24,Khammam,Raghunadhapalem,0.0,19.8,31.8,47.9,100.0,0.0,5.9
2019-01-25,Khammam,Raghunadhapalem,0.0,19.9,30.8,48.9,100.0,0.0,8.8
2019-01-26,Khammam,Raghunadhapalem,0.0,21.2,30.4,57.3,100.0,0.0,10.2
2019-01-27,Khammam,Raghunadhapalem,0.0,21.7,28.7,75.5,97.8,0.0,12.7
2019-01-28,Khammam,Raghunadhapalem,63.0,19.0,27.8,74.7,100.0,0.0,10.1
2019-01-29,Khammam,Raghunadhapalem,0.0,17.1,24.2,89.3,100.0,0.0,6.7
2019-01-30,Khammam,Raghunadhapalem,0.0,12.7,27.6,44.0,93.8,0.0,5.7
2019-01-31,Khammam,Raghunadhapalem,0.0,15.7,29.7,37.3,92.0,0.0,5.3
2019-02-01,Khammam,Raghunadhapalem,0.0,18.8,29.8,51.0,93.1,0.0,10.2
2019-02-02,Khammam,Raghunadhapalem,0.0,17.0,30.9,47.8,100.0,0.0,4.0
2019-02-03,Khammam,Raghunadhapalem,0.0,19.0,31.6,48.9,100.0,0.0,6.0
2019-02-04,Khammam,Raghunadhapalem,0.0,18.3,31.9,53.6,96.5,0.0,6.4
2019-02-05,Khammam,Raghunadhapalem,0.0,18.6,31.5,38.7,100.0,0.0,7.1
2019-02-06,Khammam,Raghunadhapalem,0.0,16.9,33.1,42.1,91.4,0.0,3.6
2019-02-07,Khammam,Raghunadhapalem,0.0,19.7,32.6,49.0,100.0,0.0,4.5
2019-02-08,Khammam,Raghunadhapalem,0.0,21.6,32.2,44.7,92.7,0.0,10.4
2019-02-09,Khammam,Raghunadhapalem,0.0,21.1,31.9,56.4,100.0,0.0,8.3
2019-02-10,Khammam,Raghunadhapalem,0.0,17.9,33.1,41.3,77.2,0.0,7.0
2019-02-11,Khammam,Raghunadhapalem,0.0,21.2,34.6,44.4,92.3,0.0,6.8
2019-02-12,Khammam,Raghunadhapalem,0.0,20.0,33.2,51.7,99.2,0.0,9.7
2019-02-13,Khammam,Raghunadhapalem,0.0,19.1,31.7,55.5,100.0,0.0,8.8
2019-02-14,Khammam,Raghunadhapalem,0.0,19.9,33.4,42.1,96.4,0.0,7.2
2019-02-15,Khammam,Raghunadhapalem,0.0,18.7,35.1,28.5,100.0,0.0,4.3
2019-02-16,Khammam,Raghunadhapalem,0.0,20.8,34.5,40.1,100.0,0.0,12.6
2019-02-17,Khammam,Raghunadhapalem,0.0,22.0,34.4,57.6,99.6,0.0,12.2
2019-02-18,Khammam,Raghunadhapalem,0.0,22.7,33.0,51.4,92.3,0.0,8.9
2019-02-19,Khammam,Raghunadhapalem,0.0,23.1,35.5,44.0,96.2,0.0,8.2
2019-02-20,Khammam,Raghunadhapalem,0.0,23.4,35.6,48.3,99.6,0.0,6.0
2019-02-21,Khammam,Raghunadhapalem,0.0,21.3,33.5,52.4,98.2,0.0,15.2
2019-02-22,Khammam,Raghunadhapalem,0.0,20.5,36.0,40.8,96.8,0.0,7.1
2019-02-23,Khammam,Raghunadhapalem,0.0,20.8,37.6,25.7,84.9,0.0,4.8
2019-02-24,Khammam,Raghunadhapalem,0.0,19.0,37.7,27.6,73.6,0.0,6.2
2019-02-25,Khammam,Raghunadhapalem,0.0,21.5,37.3,29.8,98.2,0.0,12.2
2019-02-26,Khammam,Raghunadhapalem,0.0,21.3,35.3,26.7,100.0,0.0,7.1
2019-02-27,Khammam,Raghunadhapalem,0.0,22.3,33.8,45.7,98.2,0.0,9.3
2019-02-28,Khammam,Raghunadhapalem,0.0,22.5,33.5,50.4,98.7,0.0,7.1
2019-03-01,Khammam,Raghunadhapalem,0.0,20.7,35.6,46.1,99.1,0.0,9.6
2019-03-02,Khammam,Raghunadhapalem,0.0,21.9,35.4,45.1,100.0,0.0,8.4
2019-03-03,Khammam,Raghunadhapalem,0.0,20.9,34.6,52.8,100.0,0.0,12.5
2019-03-04,Khammam,Raghunadhapalem,0.0,22.4,34.4,52.8,100.0,0.0,7.7
2019-03-05,Khammam,Raghunadhapalem,0.0,23.2,37.0,44.6,97.7,0.0,11.4
2019-03-06,Khammam,Raghunadhapalem,0.0,23.2,37.1,43.0,100.0,0.0,6.5
2019-03-07,Khammam,Raghunadhapalem,0.0,21.4,36.5,22.4,100.0,0.0,5.4
2019-03-08,Khammam,Raghunadhapalem,0.0,25.0,36.3,42.5,100.0,0.0,6.8
2019-03-09,Khammam,Raghunadhapalem,0.0,24.3,37.9,40.9,96.8,0.0,7.4
2019-03-10,Khammam,Raghunadhapalem,0.0,22.9,36.2,46.1,99.6,0.0,9.1
2019-03-11,Khammam,Raghunadhapalem,0.0,22.9,37.0,42.5,100.0,0.0,11.8
2019-03-12,Khammam,Raghunadhapalem,0.0,21.6,37.4,44.6,91.4,0.0,11.0
2019-03-13,Khammam,Raghunadhapalem,0.0,22.8,36.7,37.8,90.5,0.0,6.5
2019-03-14,Khammam,Raghunadhapalem,0.0,19.6,37.4,30.7,85.9,0.0,11.4
2019-03-15,Khammam,Raghunadhapalem,0.0,23.2,37.8,22.6,75.7,0.0,9.6
2019-03-16,Khammam,Raghunadhapalem,0.0,20.4,38.0,22.6,95.8,0.0,13.0
2019-03-17,Khammam,Raghunadhapalem,0.0,20.8,36.3,30.4,100.0,0.0,10.8
2019-03-18,Khammam,Raghunadhapalem,0.0,19.4,36.6,29.8,99.6,0.0,10.3
2019-03-19,Khammam,Raghunadhapalem,0.0,21.6,34.8,37.7,83.8,0.0,11.2
2019-03-20,Khammam,Raghunadhapalem,0.0,22.8,36.7,43.0,96.3,0.0,10.4
2019-03-21,Khammam,Raghunadhapalem,0.0,22.8,34.6,45.4,89.0,0.0,13.8
2019-03-22,Khammam,Raghunadhapalem,0.0,21.6,35.6,40.9,92.3,0.0,11.4
2019-03-23,Khammam,Raghunadhapalem,0.0,22.9,35.9,43.5,99.6,0.0,13.1
2019-03-24,Khammam,Raghunadhapalem,0.0,22.8,39.0,36.6,91.8,0.0,6.4
2019-03-25,Khammam,Raghunadhapalem,0.0,24.3,38.3,33.8,91.4,0.0,7.1
2019-03-26,Khammam,Raghunadhapalem,0.0,23.0,37.9,35.8,92.0,0.0,10.9
2019-03-27,Khammam,Raghunadhapalem,0.0,22.8,36.4,43.4,91.3,0.0,7.2
2019-03-28,Khammam,Raghunadhapalem,0.0,23.3,37.8,37.9,92.0,0.0,10.9
2019-03-29,Khammam,Raghunadhapalem,0.0,24.1,39.6,37.5,89.2,0.0,5.8
2019-03-30,Khammam,Raghunadhapalem,0.0,24.7,39.1,29.7,90.1,0.0,7.1
2019-03-31,Khammam,Raghunadhapalem,0.0,24.7,40.5,37.4,91.9,0.0,7.8
2019-04-01,Khammam,Raghunadhapalem,0.0,25.7,40.3,13.6,92.3,0.0,11.3
2019-04-02,Khammam,Raghunadhapalem,0.0,23.8,39.0,34.0,91.3,0.0,13.8
2019-04-03,Khammam,Raghunadhapalem,0.0,23.4,37.6,33.4,85.7,0.0,11.4
2019-04-04,Khammam,Raghunadhapalem,0.0,23.3,37.7,43.7,90.8,0.0,11.3
2019-04-05,Khammam,Raghunadhapalem,0.0,23.4,38.0,43.0,87.2,0.0,8.4
2019-04-06,Khammam,Raghunadhapalem,0.0,25.2,41.0,26.8,89.5,0.0,7.5
2019-04-07,Khammam,Raghunadhapalem,0.0,21.5,39.2,32.8,73.4,0.0,16.9
2019-04-08,Khammam,Raghunadhapalem,0.0,25.2,39.2,35.2,88.2,0.0,12.6
2019-04-09,Khammam,Raghunadhapalem,0.0,26.1,38.9,37.9,86.9,0.0,14.4
2019-04-10,Khammam,Raghunadhapalem,0.0,26.0,38.8,40.2,87.5,0.0,8.9
2019-04-11,Khammam,Raghunadhapalem,0.0,23.6,40.3,32.1,88.7,0.0,12.8
2019-04-12,Khammam,Raghunadhapalem,0.0,25.6,39.5,38.9,86.7,0.0,10.3
2019-04-13,Khammam,Raghunadhapalem,0.0,23.1,39.3,30.8,75.8,0.0,22.7
2019-04-14,Khammam,Raghunadhapalem,0.0,24.9,42.1,26.3,87.0,0.0,9.3
2019-04-15,Khammam,Raghunadhapalem,0.0,25.4,41.9,28.8,90.7,0.0,7.9
2019-04-16,Khammam,Raghunadhapalem,0.0,23.6,41.5,25.2,79.1,0.0,12.5
2019-04-17,Khammam,Raghunadhapalem,0.0,23.5,41.3,22.1,86.6,0.0,7.3
2019-04-18,Khammam,Raghunadhapalem,0.0,25.6,39.4,31.8,90.8,0.0,10.7
2019-04-19,Khammam,Raghunadhapalem,12.0,24.5,38.9,38.1,98.9,0.0,7.8
2019-04-20,Khammam,Raghunadhapalem,0.0,27.1,38.5,29.9,87.8,0.0,12.2
2019-04-21,Khammam,Raghunadhapalem,0.0,27.3,39.3,37.6,83.4,0.0,11.7
2019-04-22,Khammam,Raghunadhapalem,0.0,26.6,39.4,33.7,71.3,0.0,15.3
2019-04-23,Khammam,Raghunadhapalem,0.0,22.9,38.9,18.4,81.2,0.0,13.4
2019-04-24,Khammam,Raghunadhapalem,0.0,22.8,41.5,33.6,98.3,0.0,14.3
2019-04-25,Khammam,Raghunadhapalem,0.0,25.0,38.5,38.5,100.0,0.0,5.9
2019-04-26,Khammam,Raghunadhapalem,0.0,27.1,39.2,40.1,90.9,0.0,6.8
2019-04-27,Khammam,Raghunadhapalem,0.0,26.9,40.3,19.1,95.4,0.0,10.4
2019-04-28,Khammam,Raghunadhapalem,0.0,26.7,41.7,31.2,96.1,0.0,9.3
2019-04-29,Khammam,Raghunadhapalem,0.0,26.6,39.6,31.3,95.0,0.0,10.2
2019-04-30,Khammam,Raghunadhapalem,0.0,26.8,39.3,36.8,95.4,0.0,11.0
2019-05-01,Khammam,Raghunadhapalem,0.0,27.0,40.4,40.3,82.0,0.0,15.6
2019-05-02,Khammam,Raghunadhapalem,0.0,23.7,40.3,40.9,88.0,0.0,27.7
2019-05-03,Khammam,Raghunadhapalem,0.0,26.6,40.9,21.5,77.0,0.0,12.9
2019-05-04,Khammam,Raghunadhapalem,0.0,24.6,41.5,19.9,95.0,0.0,10.8
2019-05-05,Khammam,Raghunadhapalem,0.0,24.6,43.6,13.9,69.1,0.0,9.5
2019-05-06,Khammam,Raghunadhapalem,0.0,26.7,44.9,10.8,77.5,0.0,6.8
2019-05-07,Khammam,Raghunadhapalem,0.0,29.2,44.6,10.3,90.0,0.0,9.8
2019-05-08,Khammam,Raghunadhapalem,0.0,28.7,42.8,25.4,82.6,0.0,14.2
2019-05-09,Khammam,Raghunadhapalem,0.0,27.3,44.1,27.1,75.4,0.0,13.1
2019-05-10,Khammam,Raghunadhapalem,0.0,28.3,44.1,16.6,80.8,0.0,12.0
2019-05-11,Khammam,Raghunadhapalem,0.0,29.4,44.6,22.6,78.3,0.0,15.0
2019-05-12,Khammam,Raghunadhapalem,12.5,22.9,41.3,42.1,86.6,0.0,28.0
2019-05-13,Khammam,Raghunadhapalem,0.0,28.9,39.6,44.0,92.3,0.0,6.4
2019-05-14,Khammam,Raghunadhapalem,0.0,27.2,39.6,44.4,89.5,0.0,9.9
2019-05-15,Khammam,Raghunadhapalem,0.0,29.0,40.0,46.7,90.0,0.0,8.4
2019-05-16,Khammam,Raghunadhapalem,0.0,28.8,40.4,31.6,78.0,0.0,14.5
2019-05-17,Khammam,Raghunadhapalem,0.0,28.9,40.3,43.1,85.9,0.0,9.2
2019-05-18,Khammam,Raghunadhapalem,0.0,28.7,40.4,45.1,89.0,0.0,8.2
2019-05-19,Khammam,Raghunadhapalem,0.0,27.4,43.0,29.4,84.9,0.0,9.7
2019-05-20,Khammam,Raghunadhapalem,0.0,27.1,43.6,28.9,83.4,0.0,8.4
2019-05-21,Khammam,Raghunadhapalem,0.0,28.3,42.7,31.1,89.4,0.0,8.4
2019-05-22,Khammam,Raghunadhapalem,0.0,27.3,42.4,22.5,86.6,0.0,11.9
2019-05-23,Khammam,Raghunadhapalem,0.0,27.8,42.3,24.7,81.0,0.0,10.5
2019-05-24,Khammam,Raghunadhapalem,0.0,27.9,40.4,37.3,83.1,0.0,12.6
2019-05-25,Khammam,Raghunadhapalem,0.0,29.5,42.0,38.0,82.8,0.0,8.4
2019-05-26,Khammam,Raghunadhapalem,0.0,29.8,43.9,34.8,81.3,0.0,8.7
2019-05-27,Khammam,Raghunadhapalem,0.0,30.4,44.5,26.4,81.1,0.0,12.3
2019-05-28,Khammam,Raghunadhapalem,0.0,29.6,43.5,30.6,84.8,0.0,13.9
2019-05-29,Khammam,Raghunadhapalem,0.0,29.7,43.7,34.6,84.2,0.9,14.3
2019-05-30,Khammam,Raghunadhapalem,0.0,25.6,42.5,37.0,80.8,0.0,16.3
2019-05-31,Khammam,Raghunadhapalem,0.0,26.9,37.3,55.9,92.6,0.0,6.8
2019-06-01,Khammam,Raghunadhapalem,0.0,27.7,40.0,43.0,94.4,0.1,11.4
2019-06-02,Khammam,Raghunadhapalem,0.0,30.1,40.8,44.1,90.2,0.0,8.9
2019-06-03,Khammam,Raghunadhapalem,0.0,29.9,42.2,39.7,89.6,0.1,13.9
2019-06-04,Khammam,Raghunadhapalem,0.0,27.6,40.6,42.0,80.8,0.0,17.2
2019-06-05,Khammam,Raghunadhapalem,0.0,29.7,41.2,42.2,86.7,0.2,10.4
2019-06-06,Khammam,Raghunadhapalem,0.0,30.0,42.5,35.8,83.5,0.3,12.3
2019-06-07,Khammam,Raghunadhapalem,0.8,27.5,41.9,42.3,83.8,0.0,16.9
2019-06-08,Khammam,Raghunadhapalem,0.0,27.5,40.3,45.6,85.0,0.0,13.2
2019-06-09,Khammam,Raghunadhapalem,0.0,30.3,41.6,33.6,75.3,0.0,12.0
2019-06-10,Khammam,Raghunadhapalem,0.0,32.1,41.9,33.1,73.1,0.2,15.1
2019-06-11,Khammam,Raghunadhapalem,0.0,29.2,39.9,39.6,87.2,0.0,14.7
2019-06-12,Khammam,Raghunadhapalem,0.0,30.0,41.7,29.5,77.1,0.0,15.6
2019-06-13,Khammam,Raghunadhapalem,0.0,30.3,41.4,29.7,60.6,0.0,16.5
2019-06-14,Khammam,Raghunadhapalem,0.0,30.8,41.9,33.3,60.9,5.3,16.8
2019-06-15,Khammam,Raghunadhapalem,0.0,31.7,40.2,29.9,52.7,4.2,15.6
2019-06-16,Khammam,Raghunadhapalem,0.0,33.0,41.9,31.0,53.3,1.8,14.3
2019-06-17,Khammam,Raghunadhapalem,0.0,29.8,41.8,31.1,73.4,0.4,16.1
2019-06-18,Khammam,Raghunadhapalem,36.3,25.1,37.4,47.9,97.7,0.0,15.3
2019-06-19,Khammam,Raghunadhapalem,0.0,31.6,38.7,35.6,79.2,0.0,14.3
2019-06-20,Khammam,Raghunadhapalem,0.0,32.3,41.5,31.8,66.2,0.0,16.1
2019-06-21,Khammam,Raghunadhapalem,8.6,25.9,38.9,45.6,98.7,0.0,17.6
2019-06-22,Khammam,Raghunadhapalem,0.0,27.3,33.4,75.0,94.0,0.0,3.6
2019-06-23,Khammam,Raghunadhapalem,0.0,27.3,34.8,70.1,93.1,0.0,11.9
2019-06-24,Khammam,Raghunadhapalem,0.2,26.9,34.4,59.5,96.6,0.0,8.6
2019-06-25,Khammam,Raghunadhapalem,0.0,27.4,37.8,49.0,95.5,0.0,13.3
2019-06-26,Khammam,Raghunadhapalem,0.0,27.2,37.5,51.0,94.3,0.0,10.8
2019-06-27,Khammam,Raghunadhapalem,0.0,27.1,36.5,59.6,86.3,0.0,12.4
2019-06-28,Khammam,Raghunadhapalem,0.0,30.0,38.8,44.3,70.2,2.7,9.3
2019-06-29,Khammam,Raghunadhapalem,0.0,29.6,37.2,53.0,70.4,0.5,14.1
2019-06-30,Khammam,Raghunadhapalem,0.0,26.9,33.9,58.3,84.0,0.2,3.2
2019-07-01,Khammam,Raghunadhapalem,0.1,26.0,33.2,59.5,89.2,0.7,5.6
2019-07-02,Khammam,Raghunadhapalem,2.6,24.9,32.5,65.1,96.3,0.0,11.6
2019-07-03,Khammam,Raghunadhapalem,0.1,26.6,32.3,69.6,96.6,0.0,9.4
2019-07-04,Khammam,Raghunadhapalem,0.3,28.4,35.4,54.5,86.7,0.0,14.7
2019-07-05,Khammam,Raghunadhapalem,2.9,27.4,37.5,47.4,89.9,0.0,16.1
2019-07-06,Khammam,Raghunadhapalem,0.8,26.5,33.3,63.8,95.3,0.0,17.4
2019-07-07,Khammam,Raghunadhapalem,0.1,29.3,35.4,51.5,81.5,0.0,20.2
2019-07-08,Khammam,Raghunadhapalem,0.2,26.5,37.0,48.9,81.6,0.0,19.6
2019-07-09,Khammam,Raghunadhapalem,1.0,25.6,37.7,41.1,98.8,0.0,21.3
2019-07-10,Khammam,Raghunadhapalem,1.6,27.5,37.2,47.7,88.0,0.0,14.1
2019-07-11,Khammam,Raghunadhapalem,1.5,26.5,37.2,43.2,89.6,2.3,13.2
2019-07-12,Khammam,Raghunadhapalem,0.1,25.9,36.9,50.5,96.3,0.0,15.1
2019-07-13,Khammam,Raghunadhapalem,1.9,27.4,36.9,49.8,91.3,0.0,9.6
2019-07-14,Khammam,Raghunadhapalem,0.0,23.8,36.1,51.1,98.3,0.0,13.6
2019-07-15,Khammam,Raghunadhapalem,12.4,26.1,36.2,57.1,96.1,0.0,12.1
2019-07-16,Khammam,Raghunadhapalem,5.2,23.8,36.7,49.4,98.6,0.0,12.8
2019-07-17,Khammam,Raghunadhapalem,0.1,26.9,37.3,50.7,94.8,0.0,10.3
2019-07-18,Khammam,Raghunadhapalem,0.0,28.5,37.7,41.8,85.4,0.0,11.2
2019-07-19,Khammam,Raghunadhapalem,2.9,25.9,37.8,45.4,97.8,0.0,14.2
2019-07-20,Khammam,Raghunadhapalem,67.1,24.7,33.0,69.6,99.6,0.0,7.9
2019-07-21,Khammam,Raghunadhapalem,0.0,26.4,30.5,86.8,98.0,0.5,8.3
2019-07-22,Khammam,Raghunadhapalem,32.5,24.3,34.6,73.4,98.7,0.0,12.0
2019-07-23,Khammam,Raghunadhapalem,0.0,25.6,36.7,61.1,98.3,0.0,13.1
2019-07-24,Khammam,Raghunadhapalem,0.0,26.2,35.6,61.2,97.5,1.6,8.5
2019-07-25,Khammam,Raghunadhapalem,0.0,28.2,37.1,52.9,87.0,0.0,11.6
2019-07-26,Khammam,Raghunadhapalem,51.3,24.3,35.1,58.0,99.4,0.0,15.1
2019-07-27,Khammam,Raghunadhapalem,42.1,23.7,25.1,95.2,99.4,0.0,11.3
2019-07-28,Khammam,Raghunadhapalem,10.8,24.1,28.9,90.4,99.4,0.0,11.2
2019-07-29,Khammam,Raghunadhapalem,17.3,24.1,26.4,90.8,97.3,0.0,2.0
2019-07-30,Khammam,Raghunadhapalem,2.2,23.9,28.9,84.6,96.5,1.0,12.9
2019-07-31,Khammam,Raghunadhapalem,0.0,25.9,32.2,71.2,90.1,2.3,9.5
2019-08-01,Khammam,Raghunadhapalem,16.7,24.4,34.8,61.5,97.2,0.0,15.3
2019-08-02,Khammam,Raghunadhapalem,24.1,24.3,32.1,76.5,97.1,0.0,15.1
2019-08-03,Khammam,Raghunadhapalem,34.3,24.1,26.4,92.9,98.0,1.5,7.1
2019-08-04,Khammam,Raghunadhapalem,0.0,25.8,30.2,79.5,95.3,5.6,14.5
2019-08-05,Khammam,Raghunadhapalem,0.2,26.4,33.0,71.6,93.1,1.4,15.9
2019-08-06,Khammam,Raghunadhapalem,24.4,24.3,33.6,72.1,97.8,0.3,15.6
2019-08-07,Khammam,Raghunadhapalem,32.7,23.8,28.2,83.9,99.6,0.0,13.2
2019-08-08,Khammam,Raghunadhapalem,9.3,24.3,28.3,87.7,98.5,0.0,13.2
2019-08-09,Khammam,Raghunadhapalem,1.8,24.4,32.0,80.0,99.0,0.0,19.3
2019-08-10,Khammam,Raghunadhapalem,0.0,26.4,32.9,75.7,92.3,0.0,14.4
2019-08-11,Khammam,Raghunadhapalem,0.0,26.3,34.2,71.1,90.4,5.0,11.3
2019-08-12,Khammam,Raghunadhapalem,0.2,26.1,34.5,64.0,94.5,0.0,9.1
2019-08-13,Khammam,Raghunadhapalem,0.0,26.2,33.9,66.8,96.4,0.0,11.5
2019-08-14,Khammam,Raghunadhapalem,19.9,24.2,33.1,70.8,98.4,0.0,11.9
2019-08-15,Khammam,Raghunadhapalem,3.8,24.9,33.7,79.6,97.8,0.0,9.0
2019-08-16,Khammam,Raghunadhapalem,2.3,26.3,33.7,76.7,97.4,0.0,7.6
2019-08-17,Khammam,Raghunadhapalem,2.4,25.3,36.1,63.5,97.3,0.0,10.3
2019-08-18,Khammam,Raghunadhapalem,0.3,25.8,34.0,67.6,97.9,0.0,9.1
2019-08-19,Khammam,Raghunadhapalem,0.0,26.0,34.9,66.9,97.0,0.0,10.3
2019-08-20,Khammam,Raghunadhapalem,0.6,26.4,35.5,62.0,97.0,0.0,11.7
2019-08-21,Khammam,Raghunadhapalem,15.6,24.9,33.8,74.0,98.7,0.0,8.4
2019-08-22,Khammam,Raghunadhapalem,7.6,24.6,33.7,77.5,98.4,0.0,16.0
2019-08-23,Khammam,Raghunadhapalem,13.9,24.0,33.8,68.6,97.7,0.0,16.4
2019-08-24,Khammam,Raghunadhapalem,6.0,25.4,29.9,86.2,97.5,0.0,18.9
2019-08-25,Khammam,Raghunadhapalem,0.6,24.2,33.1,78.8,98.5,0.0,8.5
2019-08-26,Khammam,Raghunadhapalem,0.0,26.0,33.0,78.0,97.9,0.0,14.6
2019-08-27,Khammam,Raghunadhapalem,0.0,26.0,34.0,58.9,91.1,0.0,15.1
2019-08-28,Khammam,Raghunadhapalem,0.0,25.8,34.5,51.0,97.1,0.0,13.9
2019-08-29,Khammam,Raghunadhapalem,0.0,26.4,35.3,51.4,96.9,0.0,14.5
2019-08-30,Khammam,Raghunadhapalem,0.0,26.8,36.0,56.2,97.2,0.0,11.1
2019-08-31,Khammam,Raghunadhapalem,16.7,24.2,34.8,69.8,99.5,0.0,11.4
2019-09-01,Khammam,Raghunadhapalem,17.9,24.4,31.1,88.9,99.6,0.0,11.4
2019-09-02,Khammam,Raghunadhapalem,15.2,24.0,29.4,92.8,99.4,0.0,13.3
2019-09-03,Khammam,Raghunadhapalem,2.8,24.2,29.8,90.6,99.0,0.0,12.7
2019-09-04,Khammam,Raghunadhapalem,18.3,24.6,28.4,85.0,98.8,0.0,12.1
2019-09-05,Khammam,Raghunadhapalem,3.2,24.3,31.2,86.4,98.6,0.3,13.5
2019-09-06,Khammam,Raghunadhapalem,1.8,25.7,32.0,82.3,97.5,0.1,15.7
2019-09-07,Khammam,Raghunadhapalem,2.8,25.1,29.7,91.9,98.6,0.0,14.2
2019-09-08,Khammam,Raghunadhapalem,0.0,25.8,30.3,87.4,95.9,0.0,14.5
2019-09-09,Khammam,Raghunadhapalem,0.0,26.2,32.5,82.0,96.0,0.0,14.5
2019-09-11,Khammam,Raghunadhapalem,0.0,26.2,32.4333333333333,80.7333333333333,97.7666666666667,0.0,14.4
2019-09-12,Khammam,Raghunadhapalem,0.0,25.9333333333333,30.9333333333333,81.3,97.9,0.0,10.2
2019-09-13,Khammam,Raghunadhapalem,8.4,23.966666666666697,29.9333333333333,86.8666666666667,98.8666666666667,0.0,11.8
2019-09-14,Khammam,Raghunadhapalem,3.8,24.3,30.966666666666697,87.6666666666667,99.1666666666667,0.0,10.2
2019-09-15,Khammam,Raghunadhapalem,1.8,24.0,33.9333333333333,74.7333333333333,98.9333333333333,0.0,15.0
2019-09-16,Khammam,Raghunadhapalem,52.2,24.1333333333333,33.3,82.5333333333333,99.4333333333333,0.0,8.4
2019-09-17,Khammam,Raghunadhapalem,12.7,24.733333333333302,32.7666666666667,89.1,99.6333333333333,0.0,9.2
2019-09-18 00:00:00,Khammam,Raghunadhapalem,25.4,23.4,32.5,88.9,99.7,0.0,9.6
2019-09-19 00:00:00,Khammam,Raghunadhapalem,5.9,24.9,32.4,84.2,99.5,0.0,11.2
2019-09-20 00:00:00,Khammam,Raghunadhapalem,5.8,25.2,31.8,86.1,99.1,0.0,8.9
2019-09-21 00:00:00,Khammam,Raghunadhapalem,14.5,24.3,32.9,80.5,99.6,0.0,8.4
2019-09-22 00:00:00,Khammam,Raghunadhapalem,26.9,24.6,33.8,78.7,99.5,0.0,7.8
2019-09-23 00:00:00,Khammam,Raghunadhapalem,1.5,25.0,34.3,76.3,99.5,0.0,8.7
2019-09-24 00:00:00,Khammam,Raghunadhapalem,3.8,24.6,33.5,71.3,99.3,0.0,9.9
2019-09-25 00:00:00,Khammam,Raghunadhapalem,5.7,24.3333333333333,31.3,89.9666666666667,99.3,0.0,7.8
2019-09-26 00:00:00,Khammam,Raghunadhapalem,8.7,24.2,30.3333333333333,88.1333333333333,98.9666666666667,0.0,9.9
2019-09-27 00:00:00,Khammam,Raghunadhapalem,10.9,22.7333333333333,29.0333333333333,85.3333333333333,98.7333333333333,0.0,12.9
2019-09-28 00:00:00,Khammam,Raghunadhapalem,3.7,22.9333333333333,31.2333333333333,87.1666666666667,99.4666666666667,0.0,4.8
2019-09-29 00:00:00,Khammam,Raghunadhapalem,0.8,24.9,32.5666666666667,85.3666666666667,98.7,0.0,5.9
2019-09-30 00:00:00,Khammam,Raghunadhapalem,0.0,25.4333333333333,34.1,67.7666666666667,98.5333333333333,0.0,10.1
2019-10-01,Khammam,Raghunadhapalem,4.3,24.4,33.9333333333333,72.3,99.1333333333333,0.0,8.4
2019-10-02,Khammam,Raghunadhapalem,2.3,23.0,34.7,65.8,99.4,0.0,3.4
2019-10-03,Khammam,Raghunadhapalem,0.3,24.8,34.9,68.0,99.2,0.0,3.7
2019-10-04,Khammam,Raghunadhapalem,0.0,23.5,35.0,63.4,98.0,0.0,5.0
2019-10-05,Khammam,Raghunadhapalem,0.0,24.4,34.9,61.9,97.9,0.0,4.0
2019-10-06,Khammam,Raghunadhapalem,10.6,24.1,34.6,62.0,97.9,0.0,1.0
2019-10-07,Khammam,Raghunadhapalem,0.7,23.9,33.1,75.8,98.5,0.0,5.3
2019-10-08,Khammam,Raghunadhapalem,4.1,24.0,33.9,66.6,99.3,0.0,8.5
2019-10-09,Khammam,Raghunadhapalem,9.9,24.0,33.0,79.4,99.7,0.0,6.0
2019-10-10,Khammam,Raghunadhapalem,1.0,23.6,33.5,67.7,97.8,0.0,1.6
2019-10-11,Khammam,Raghunadhapalem,0.0,23.5,31.1,82.7,98.7,0.0,3.6
2019-10-12,Khammam,Raghunadhapalem,32.0,23.3,34.7,64.9,98.5,0.0,11.1
2019-10-13,Khammam,Raghunadhapalem,0.0,25.0,34.2,63.6,98.4,0.0,3.9
2019-10-14,Khammam,Raghunadhapalem,0.3,24.4,34.1,71.8,98.6,0.0,4.3
2019-10-15,Khammam,Raghunadhapalem,0.2,24.3,33.9,71.6,99.2,0.0,2.5
2019-10-16,Khammam,Raghunadhapalem,1.8,24.3,33.0,75.7,98.1,0.0,4.1
2019-10-17,Khammam,Raghunadhapalem,1.4,23.6,32.7,77.3,98.6,0.1,8.8
2019-10-18,Khammam,Raghunadhapalem,7.4,22.9,32.3,77.8,99.0,0.1,5.6
2019-10-19,Khammam,Raghunadhapalem,14.2,23.1,33.1,75.3,98.5,0.1,4.6
2019-10-20,Khammam,Raghunadhapalem,4.6,23.5,30.3,84.4,98.4,0.1,5.7
2019-10-21,Khammam,Raghunadhapalem,5.6,23.6,32.5,78.1,98.6,0.1,5.0
2019-10-22,Khammam,Raghunadhapalem,6.8,24.0,32.6,78.5,98.2,0.0,0.6
2019-10-23,Khammam,Raghunadhapalem,6.3,24.1,29.5,83.6,97.7,0.0,1.4
2019-10-24,Khammam,Raghunadhapalem,4.0,22.9,28.7,86.4,98.2,0.0,1.9
2019-10-25,Khammam,Raghunadhapalem,0.0,23.7,32.7,76.6,98.0,0.0,2.1
2019-10-26,Khammam,Raghunadhapalem,0.0,24.7,32.3,68.0,96.9,0.0,1.4
2019-10-27,Khammam,Raghunadhapalem,1.2,23.0,32.8,75.7,98.5,0.0,9.1
2019-10-28,Khammam,Raghunadhapalem,3.2,24.3,34.6,62.1,97.8,0.0,0.9
2019-10-29,Khammam,Raghunadhapalem,0.0,25.4,33.5,74.6,97.6,0.0,1.0
2019-10-30,Khammam,Raghunadhapalem,0.0,24.3,32.0,77.8,98.1,0.0,2.0
2019-10-31,Khammam,Raghunadhapalem,0.0,23.3,31.5,77.0,97.4,0.0,4.8
2019-11-01,Khammam,Raghunadhapalem,0.0,23.2,30.7,81.0,98.1,0.0,1.3
2019-11-02,Khammam,Raghunadhapalem,0.0,24.5,34.1,57.5,97.8,0.0,0.9
2019-11-03,Khammam,Raghunadhapalem,15.6,22.7,33.8,66.0,98.8,0.0,1.3
2019-11-04,Khammam,Raghunadhapalem,0.0,22.2,32.9,64.2,98.6,0.0,65.1
2019-11-05,Khammam,Raghunadhapalem,0.0,22.1,33.5,61.4,98.2,0.0,1.3
2019-11-06,Khammam,Raghunadhapalem,0.0,22.1,33.0,62.9,98.3,0.0,1.1
2019-11-07,Khammam,Raghunadhapalem,0.7,21.7,32.6,66.4,98.5,0.0,0.9
2019-11-08,Khammam,Raghunadhapalem,0.0,21.2,31.7,61.8,98.1,0.0,1.1
2019-11-09,Khammam,Raghunadhapalem,0.0,19.4,31.0,53.4,97.9,0.0,2.5
2019-11-10,Khammam,Raghunadhapalem,0.0,19.1,31.3,53.1,99.0,0.0,1.5
2019-11-11,Khammam,Raghunadhapalem,0.0,20.8,32.4,56.8,98.9,0.0,2.0
2019-11-12,Khammam,Raghunadhapalem,0.0,21.1,32.6,58.0,99.0,0.0,1.4
2019-11-13,Khammam,Raghunadhapalem,0.0,19.6,32.4,56.0,97.8,0.0,1.2
2019-11-14,Khammam,Raghunadhapalem,0.0,20.2,31.8,58.9,98.0,0.0,1.0
2019-11-15,Khammam,Raghunadhapalem,0.0,20.4,30.7,59.5,97.8,0.0,1.0
2019-11-16,Khammam,Raghunadhapalem,0.0,21.4,33.0,55.5,97.9,0.0,0.7
2019-11-17,Khammam,Raghunadhapalem,0.0,20.3,32.8,56.1,98.0,0.0,1.0
2019-11-18,Khammam,Raghunadhapalem,0.0,20.8,32.7,54.8,97.2,0.0,1.8
2019-11-19,Khammam,Raghunadhapalem,0.0,21.8,32.4,56.5,97.6,0.0,1.1
2019-11-20,Khammam,Raghunadhapalem,0.0,22.0,33.0,58.2,97.7,0.0,0.9
2019-11-21,Khammam,Raghunadhapalem,0.0,20.6,32.4,57.7,98.2,0.0,1.0
2019-11-22,Khammam,Raghunadhapalem,0.0,19.3,31.1,57.7,97.9,0.0,0.8
2019-11-23,Khammam,Raghunadhapalem,0.0,19.1,32.3,52.1,97.9,0.0,0.9
2019-11-24,Khammam,Raghunadhapalem,0.0,18.7,31.1,52.3,98.0,0.0,1.1
2019-11-25,Khammam,Raghunadhapalem,0.0,18.6,30.7,53.9,98.1,0.0,0.7
2019-11-26,Khammam,Raghunadhapalem,0.0,18.5,31.5,53.9,97.6,0.0,0.7
2019-11-27,Khammam,Raghunadhapalem,0.0,17.2,30.5,55.7,97.9,0.0,1.1
2019-11-28,Khammam,Raghunadhapalem,0.0,19.2,30.9,50.2,97.9,0.0,1.5
2019-11-29,Khammam,Raghunadhapalem,0.0,19.8,31.5,54.2,97.9,0.0,1.1
2019-11-30,Khammam,Raghunadhapalem,0.0,20.1,32.0,55.8,98.1,0.0,0.6
2019-12-01,Khammam,Raghunadhapalem,0.0,21.2,32.5,55.0,97.7,0.0,0.8
2019-12-02,Khammam,Raghunadhapalem,0.0,23.8,31.1,68.9,97.5,0.0,0.9
2019-12-03,Khammam,Raghunadhapalem,5.5,21.6,29.3,79.1,98.2,0.0,1.2
2019-12-04,Khammam,Raghunadhapalem,0.0,19.2666666666667,31.0666666666667,58.0333333333333,97.9333333333333,0.0,0.8
2019-12-05,Khammam,Raghunadhapalem,0.0,19.3333333333333,30.2,55.3333333333333,96.8666666666667,0.0,1.5
2019-12-06,Khammam,Raghunadhapalem,0.0,17.8,29.1,54.0666666666667,97.9666666666667,0.0,1.3
2019-12-07,Khammam,Raghunadhapalem,0.0,16.4666666666667,29.3666666666667,54.1,98.0,0.0,0.9
2019-12-08,Khammam,Raghunadhapalem,0.0,18.8,30.7333333333333,52.9333333333333,96.5666666666667,0.0,0.9
2019-12-09,Khammam,Raghunadhapalem,0.0,19.5333333333333,31.6666666666667,53.1333333333333,96.1333333333333,0.0,1.1
2019-12-10,Khammam,Raghunadhapalem,0.0,18.9333333333333,31.6666666666667,53.7333333333333,96.4,0.0,1.0
2019-12-11,Khammam,Raghunadhapalem,0.0,18.0333333333333,31.9,48.7,97.8666666666667,0.0,0.7
2019-12-12,Khammam,Raghunadhapalem,0.0,17.7333333333333,31.7333333333333,42.2,97.6666666666667,0.0,0.9
2019-12-13,Khammam,Raghunadhapalem,0.0,19.0,31.3333333333333,46.5333333333333,96.9666666666667,0.0,1.2
2019-12-14,Khammam,Raghunadhapalem,0.0,19.5666666666667,31.6666666666667,50.2333333333333,97.9333333333333,0.0,2.5
2019-12-15,Khammam,Raghunadhapalem,0.0,19.0333333333333,31.8,53.3,98.1666666666667,0.0,1.0
2019-12-16,Khammam,Raghunadhapalem,0.0,19.0,31.6666666666667,49.6333333333333,97.2666666666667,0.0,0.8
2019-12-17,Khammam,Raghunadhapalem,0.0,17.9333333333333,32.2666666666667,43.8666666666667,97.6,0.0,1.0
2019-12-18,Khammam,Raghunadhapalem,0.0,18.8666666666667,30.0,55.4,97.6333333333333,0.0,0.7
2019-12-19,Khammam,Raghunadhapalem,0.0,19.3666666666667,30.2,52.8,98.0333333333333,0.0,1.0
2019-12-20,Khammam,Raghunadhapalem,0.0,18.5333333333333,30.6333333333333,52.4333333333333,97.5333333333333,0.0,1.2
2019-12-21,Khammam,Raghunadhapalem,0.0,18.3,30.4333333333333,46.4333333333333,97.2333333333333,0.0,1.1
2019-12-22,Khammam,Raghunadhapalem,0.0,19.9666666666667,30.5666666666667,47.7666666666667,96.9333333333333,0.0,1.0
2019-12-23,Khammam,Raghunadhapalem,0.0,17.6666666666667,30.5,44.7,97.4666666666667,0.0,1.2
2019-12-24,Khammam,Raghunadhapalem,0.0,17.9666666666667,30.3,50.4333333333333,97.7666666666667,0.0,1.0
2019-12-25,Khammam,Raghunadhapalem,0.0,18.1666666666667,29.9,49.1,96.7333333333333,0.0,1.1
2019-12-26,Khammam,Raghunadhapalem,0.0,18.9333333333333,31.2666666666667,45.6333333333333,97.6666666666667,0.0,1.2
2019-12-27,Khammam,Raghunadhapalem,0.0,21.5,29.8333333333333,54.3333333333333,96.4666666666667,0.0,1.4
2019-12-28,Khammam,Raghunadhapalem,0.0,19.3,31.2333333333333,58.3,98.6666666666667,0.0,0.8
2019-12-29,Khammam,Raghunadhapalem,0.0,18.3333333333333,30.0333333333333,50.8,99.0333333333333,0.0,1.1
2019-12-30,Khammam,Raghunadhapalem,0.0,16.3333333333333,29.3,50.1,98.8,0.0,1.1
2019-12-31,Khammam,Raghunadhapalem,0.0,18.5666666666667,30.1666666666667,50.9,92.8333333333333,0.0,1.4
