Date,District,Mandal,Rainfall (mm),temp_min (⁰C),temp_max (⁰C),humidity_min (%),Humidity_max (%),wind_speed_min (Kmph),wind_speed_max (Kmph)
2019-01-01,Khammam,Raghunadhapalem ,0.0,9.6,26.4,32.8,97.1,0.0,0.9
2019-01-02,Khammam,Raghunadhapalem ,0.0,10.0,27.8,32.9,97.8,0.0,0.7
2019-01-03,Khammam,Raghunadhapalem ,0.0,12.2,27.9,41.9,99.6,0.0,1.2
2019-01-04,Khammam,Raghunadhapalem ,0.0,12.4,29.1,38.9,99.2,0.0,1.1
2019-01-05,Khammam,Raghunadhapalem ,0.0,15.9,28.7,42.9,98.7,0.0,0.9
2019-01-06,Khammam,Raghunadhapalem ,0.0,15.3,28.2,48.0,99.7,0.0,0.7
2019-01-07,Khammam,Raghunadhapalem ,0.0,13.6,28.1,51.1,99.7,0.0,1.0
2019-01-08,Khammam,Raghunadhapalem ,0.0,13.7,28.9,40.2,98.6,0.0,0.8
2019-01-09,Khammam,Raghunadhapalem ,0.0,10.7,28.8,42.4,96.9,0.0,1.4
2019-01-10,Khammam,Raghunadhapalem ,0.0,12.6,28.9,33.1,97.1,0.0,1.0
2019-01-11,Khammam,Raghunadhapalem ,0.0,15.7,28.6,39.7,99.5,0.0,0.7
2019-01-12,Khammam,Raghunadhapalem ,0.0,16.2,28.7,48.3,99.4,0.0,0.7
2019-01-13,Khammam,Raghunadhapalem ,0.0,17.4,28.3,54.2,95.0,0.0,1.0
2019-01-14,Khammam,Raghunadhapalem ,0.0,16.6,28.7,51.8,96.8,0.0,1.4
2019-01-15,Khammam,Raghunadhapalem ,0.0,15.8,29.1,51.6,98.1,0.0,0.5
2019-01-16,Khammam,Raghunadhapalem ,0.0,14.8,29.1,47.6,97.8,0.0,0.8
2019-01-17,Khammam,Raghunadhapalem ,0.0,16.4,29.2,45.8,98.5,0.0,1.0
2019-01-18,Khammam,Raghunadhapalem ,0.0,17.8,28.9,51.6,99.1,0.0,0.6
2019-01-19,Khammam,Raghunadhapalem ,0.0,16.0,30.8,46.2,98.0,0.0,1.0
2019-01-20,Khammam,Raghunadhapalem ,0.0,15.2,30.8,41.4,97.9,0.0,0.8
2019-01-21,Khammam,Raghunadhapalem ,0.0,16.1,30.4,42.7,99.3,0.0,1.3
2019-01-22,Khammam,Raghunadhapalem ,0.0,15.6,29.9,52.8,99.0,0.0,1.0
2019-01-23,Khammam,Raghunadhapalem ,0.0,16.8,29.9,48.7,98.8,0.0,1.1
2019-01-24,Khammam,Raghunadhapalem ,0.0,21.0,30.3,46.7,92.1,0.0,2.0
2019-01-25,Khammam,Raghunadhapalem ,0.0,20.6,29.9,49.4,95.7,0.0,1.4
2019-01-26,Khammam,Raghunadhapalem ,0.0,21.2,29.8,57.6,94.6,0.1,2.1
2019-01-27,Khammam,Raghunadhapalem ,0.0,21.3,28.5,63.6,93.8,0.0,1.2
2019-01-28,Khammam,Raghunadhapalem ,46.0,19.2,28.2,62.5,99.6,0.0,0.9
2019-01-29,Khammam,Raghunadhapalem ,0.0,16.5,24.4,76.9,99.4,0.0,1.5
2019-01-30,Khammam,Raghunadhapalem ,0.0,11.6,27.6,41.7,97.2,0.0,1.7
2019-01-31,Khammam,Raghunadhapalem ,0.0,14.7,27.6,40.0,99.0,0.0,0.6
2019-02-01,Khammam,Raghunadhapalem ,0.0,17.9,29.6,46.4,95.4,0.0,1.2
2019-02-02,Khammam,Raghunadhapalem ,0.0,16.8,29.4,40.9,98.7,0.0,0.8
2019-02-03,Khammam,Raghunadhapalem ,0.0,16.9,30.7,46.0,98.7,0.0,0.5
2019-02-04,Khammam,Raghunadhapalem ,0.0,17.5,30.7,51.2,94.6,0.0,0.9
2019-02-05,Khammam,Raghunadhapalem ,0.0,16.5,31.9,36.5,98.4,0.0,1.0
2019-02-06,Khammam,Raghunadhapalem ,0.0,16.7,31.8,42.1,98.5,0.0,0.9
2019-02-07,Khammam,Raghunadhapalem ,0.0,17.9,30.8,47.2,97.2,0.0,1.3
2019-02-08,Khammam,Raghunadhapalem ,0.0,21.9,32.6,44.6,93.2,0.1,1.2
2019-02-09,Khammam,Raghunadhapalem ,0.0,20.8,30.6,57.5,98.0,0.0,0.8
2019-02-10,Khammam,Raghunadhapalem ,0.0,16.0,29.7,40.2,89.2,0.0,2.2
2019-02-11,Khammam,Raghunadhapalem ,0.0,22.4,32.3,42.4,93.6,0.0,1.3
2019-02-12,Khammam,Raghunadhapalem ,0.0,21.3,31.2,51.4,96.4,0.0,1.6
2019-02-13,Khammam,Raghunadhapalem ,0.0,18.4,31.6,52.5,98.1,0.0,1.0
2019-02-14,Khammam,Raghunadhapalem ,0.0,17.6,32.7,42.3,98.4,0.0,2.1
2019-02-15,Khammam,Raghunadhapalem ,0.0,17.8,32.9,30.1,97.9,0.0,1.6
2019-02-16,Khammam,Raghunadhapalem ,0.0,22.3,33.1,44.7,93.7,0.1,2.2
2019-02-17,Khammam,Raghunadhapalem ,0.0,22.5,32.2,54.8,93.1,0.0,1.4
2019-02-18,Khammam,Raghunadhapalem ,0.0,23.3,33.0,50.2,97.4,0.0,1.4
2019-02-19,Khammam,Raghunadhapalem ,0.0,22.5,33.4,47.4,95.1,0.0,1.3
2019-02-20,Khammam,Raghunadhapalem ,0.0,23.7,34.2,50.7,94.8,0.0,1.0
2019-02-21,Khammam,Raghunadhapalem ,0.0,22.7,33.4,48.9,96.0,0.0,1.7
2019-02-22,Khammam,Raghunadhapalem ,0.0,19.3,34.3,37.7,97.5,0.0,1.9
2019-02-23,Khammam,Raghunadhapalem ,0.0,18.4,37.0,31.4,89.6,0.0,1.3
2019-02-24,Khammam,Raghunadhapalem ,0.0,20.4,36.8,29.7,76.8,0.0,2.0
2019-02-25,Khammam,Raghunadhapalem ,0.0,23.5,35.9,31.0,84.6,0.4,2.7
2019-02-26,Khammam,Raghunadhapalem ,0.0,23.0,35.2,32.3,94.5,0.0,0.9
2019-02-27,Khammam,Raghunadhapalem ,0.0,23.1,34.4,41.0,94.9,0.0,1.6
2019-02-28,Khammam,Raghunadhapalem ,0.0,24.0,32.8,49.5,94.0,0.0,1.4
2019-03-01,Khammam,Raghunadhapalem ,12.5,21.7,34.0,49.9,98.2,0.0,1.4
2019-03-02,Khammam,Raghunadhapalem ,0.0,21.4,32.9,57.5,96.2,0.0,1.8
2019-03-03,Khammam,Raghunadhapalem ,0.0,22.9,33.9,53.3,97.2,0.0,1.5
2019-03-04,Khammam,Raghunadhapalem ,0.0,24.1,33.2,51.4,91.9,0.0,1.6
2019-03-05,Khammam,Raghunadhapalem ,0.0,24.5,34.5,51.0,92.7,0.0,0.3
2019-03-06,Khammam,Raghunadhapalem ,0.0,23.8,36.1,43.0,98.1,0.0,1.2
2019-03-07,Khammam,Raghunadhapalem ,0.0,22.0,36.3,29.7,97.9,0.0,1.2
2019-03-08,Khammam,Raghunadhapalem ,0.0,25.2,35.9,42.5,95.6,0.0,1.4
2019-03-09,Khammam,Raghunadhapalem ,0.0,25.3,35.9,45.2,93.5,0.0,1.3
2019-03-10,Khammam,Raghunadhapalem ,0.0,21.4,35.6,44.7,93.3,0.0,1.7
2019-03-11,Khammam,Raghunadhapalem ,0.0,23.8,35.3,46.9,93.5,0.0,1.6
2019-03-12,Khammam,Raghunadhapalem ,0.0,22.1,36.3,46.4,94.9,0.0,1.8
2019-03-13,Khammam,Raghunadhapalem ,0.0,24.6,36.2,39.1,91.8,0.0,1.5
2019-03-14,Khammam,Raghunadhapalem ,0.0,20.2,36.8,34.3,89.2,0.0,1.8
2019-03-15,Khammam,Raghunadhapalem ,0.0,22.7,37.2,26.9,82.2,0.0,2.6
2019-03-16,Khammam,Raghunadhapalem ,0.0,22.7,37.7,25.0,94.3,0.0,1.3
2019-03-17,Khammam,Raghunadhapalem ,0.0,22.0,36.3,35.3,96.8,0.0,1.9
2019-03-18,Khammam,Raghunadhapalem ,0.0,20.2,36.5,35.6,92.8,0.0,1.5
2019-03-19,Khammam,Raghunadhapalem ,0.0,23.2,34.6,38.8,86.0,0.0,2.3
2019-03-20,Khammam,Raghunadhapalem ,0.0,24.1,35.6,44.7,92.0,0.0,2.1
2019-03-21,Khammam,Raghunadhapalem ,0.0,24.5,35.7,44.7,91.3,0.0,2.1
2019-03-22,Khammam,Raghunadhapalem ,0.0,23.0,35.7,41.5,94.0,0.0,1.5
2019-03-23,Khammam,Raghunadhapalem ,0.0,25.1,36.0,42.6,90.3,0.0,1.6
2019-03-24,Khammam,Raghunadhapalem ,0.0,25.2,37.9,40.0,91.3,0.0,1.2
2019-03-25,Khammam,Raghunadhapalem ,0.0,24.7,37.5,36.8,93.3,0.0,1.2
2019-03-26,Khammam,Raghunadhapalem ,0.0,24.8,37.7,36.8,93.2,0.0,1.5
2019-03-27,Khammam,Raghunadhapalem ,0.0,24.8,37.5,38.6,93.1,0.0,2.2
2019-03-28,Khammam,Raghunadhapalem ,0.0,24.6,37.5,34.8,92.7,0.0,1.5
2019-03-29,Khammam,Raghunadhapalem ,0.0,25.4,38.3,31.6,90.6,0.0,1.3
2019-03-30,Khammam,Raghunadhapalem ,0.0,26.1,38.4,32.8,88.7,0.0,1.7
2019-03-31,Khammam,Raghunadhapalem ,0.0,25.5,38.7,35.2,93.5,0.0,1.5
2019-04-01,Khammam,Raghunadhapalem ,0.0,26.6,39.5,24.9,92.8,0.2,1.6
2019-04-02,Khammam,Raghunadhapalem ,0.0,25.7,38.7,29.8,93.1,0.4,2.2
2019-04-03,Khammam,Raghunadhapalem ,0.0,24.9,38.5,34.3,92.1,0.0,1.5
2019-04-04,Khammam,Raghunadhapalem ,0.0,24.6,38.0,39.6,91.8,0.0,1.8
2019-04-05,Khammam,Raghunadhapalem ,0.0,24.0,37.8,36.0,94.1,0.0,1.9
2019-04-06,Khammam,Raghunadhapalem ,0.0,26.3,39.7,25.0,90.8,0.1,2.2
2019-04-07,Khammam,Raghunadhapalem ,0.0,24.5,39.3,29.1,73.4,0.0,2.6
2019-04-08,Khammam,Raghunadhapalem ,0.0,23.9,38.4,30.9,90.3,0.2,1.8
2019-04-09,Khammam,Raghunadhapalem ,0.0,26.7,38.1,36.1,89.3,0.3,2.5
2019-04-10,Khammam,Raghunadhapalem ,0.0,26.7,38.0,40.0,90.0,0.0,1.9
2019-04-11,Khammam,Raghunadhapalem ,0.0,25.0,39.4,28.0,93.1,0.0,2.5
2019-04-12,Khammam,Raghunadhapalem ,0.0,26.2,39.7,34.0,87.2,0.0,1.7
2019-04-13,Khammam,Raghunadhapalem ,0.0,24.4,40.4,25.4,80.5,0.0,2.1
2019-04-14,Khammam,Raghunadhapalem ,0.0,23.9,39.9,26.1,88.4,0.0,1.9
2019-04-15,Khammam,Raghunadhapalem ,0.0,26.0,40.6,27.1,91.6,0.0,1.9
2019-04-16,Khammam,Raghunadhapalem ,0.0,25.3,40.9,22.9,88.4,0.0,2.0
2019-04-17,Khammam,Raghunadhapalem ,0.0,24.8,40.5,19.7,89.5,0.2,1.5
2019-04-18,Khammam,Raghunadhapalem ,0.0,27.1,39.3,27.5,88.6,0.3,1.7
2019-04-19,Khammam,Raghunadhapalem ,1.0,26.7,38.8,37.8,94.4,0.0,2.2
2019-04-20,Khammam,Raghunadhapalem ,0.5,27.6,39.5,29.6,86.4,0.5,2.6
2019-04-21,Khammam,Raghunadhapalem ,0.0,27.9,39.3,34.9,85.2,0.3,2.1
2019-04-22,Khammam,Raghunadhapalem ,0.0,27.4,39.0,35.6,68.6,0.2,2.4
2019-04-23,Khammam,Raghunadhapalem ,0.5,24.1,38.4,26.8,91.4,0.0,2.3
2019-04-24,Khammam,Raghunadhapalem ,0.0,24.3,40.0,30.1,87.4,0.0,3.0
2019-04-25,Khammam,Raghunadhapalem ,0.0,26.6,39.5,32.8,90.2,0.3,2.0
2019-04-26,Khammam,Raghunadhapalem ,0.0,27.0,40.4,29.7,87.7,0.2,2.1
2019-04-27,Khammam,Raghunadhapalem ,0.0,27.9,41.2,30.3,88.3,0.0,1.7
2019-04-28,Khammam,Raghunadhapalem ,0.0,28.0,40.8,32.1,86.2,0.3,1.5
2019-04-29,Khammam,Raghunadhapalem ,0.0,27.2,40.6,28.4,87.9,0.1,1.3
2019-04-30,Khammam,Raghunadhapalem ,0.0,27.4,41.1,27.4,89.9,0.0,1.4
2019-05-01,Khammam,Raghunadhapalem ,0.0,28.2,41.2,33.5,74.6,0.0,2.3
2019-05-02,Khammam,Raghunadhapalem ,8.8,25.8,40.6,33.3,94.2,0.0,2.8
2019-05-03,Khammam,Raghunadhapalem ,0.0,27.1,40.4,24.1,80.5,0.0,2.2
2019-05-04,Khammam,Raghunadhapalem ,0.0,27.5,40.5,23.1,85.8,0.0,1.6
2019-05-05,Khammam,Raghunadhapalem ,0.0,25.2,42.1,16.6,70.2,0.0,2.4
2019-05-06,Khammam,Raghunadhapalem ,0.0,27.8,43.7,13.9,75.7,0.0,2.4
2019-05-07,Khammam,Raghunadhapalem ,0.0,29.6,43.7,12.4,83.8,0.0,1.6
2019-05-08,Khammam,Raghunadhapalem ,0.0,29.4,42.0,27.2,86.3,0.0,1.8
2019-05-09,Khammam,Raghunadhapalem ,0.0,29.0,42.4,25.4,80.0,0.0,5.6
2019-05-10,Khammam,Raghunadhapalem ,0.0,29.7,43.0,16.7,77.8,0.0,2.5
2019-05-11,Khammam,Raghunadhapalem ,0.0,29.6,43.3,26.1,85.1,0.2,1.4
2019-05-12,Khammam,Raghunadhapalem ,1.3,24.5,40.8,35.6,88.7,0.0,5.6
2019-05-13,Khammam,Raghunadhapalem ,0.0,28.6,38.6,37.3,87.9,0.2,1.9
2019-05-14,Khammam,Raghunadhapalem ,0.0,28.2,40.4,33.0,86.4,0.0,1.7
2019-05-15,Khammam,Raghunadhapalem ,0.0,28.9,40.1,35.6,86.3,0.0,1.7
2019-05-16,Khammam,Raghunadhapalem ,0.0,28.9,41.2,32.5,80.7,0.3,3.0
2019-05-17,Khammam,Raghunadhapalem ,0.0,29.2,41.2,31.5,81.9,0.0,1.9
2019-05-18,Khammam,Raghunadhapalem ,0.0,28.9,41.0,34.2,86.2,0.3,1.9
2019-05-19,Khammam,Raghunadhapalem ,0.0,29.4,42.1,25.1,79.3,0.0,1.6
2019-05-20,Khammam,Raghunadhapalem ,0.0,28.6,43.4,25.6,81.4,0.0,1.8
2019-05-21,Khammam,Raghunadhapalem ,0.0,28.2,42.2,26.7,84.1,0.3,1.7
2019-05-22,Khammam,Raghunadhapalem ,0.0,28.2,42.1,26.1,87.3,0.0,1.8
2019-05-23,Khammam,Raghunadhapalem ,0.0,28.1,42.4,27.9,85.0,0.0,2.0
2019-05-24,Khammam,Raghunadhapalem ,0.0,28.6,41.0,33.0,82.7,0.1,2.5
2019-05-25,Khammam,Raghunadhapalem ,0.0,29.7,41.2,33.0,81.8,0.1,1.6
2019-05-26,Khammam,Raghunadhapalem ,0.0,30.6,43.4,29.3,76.8,0.0,1.9
2019-05-27,Khammam,Raghunadhapalem ,0.5,30.5,44.4,23.3,88.1,0.4,1.5
2019-05-28,Khammam,Raghunadhapalem ,0.0,30.0,43.0,26.2,82.0,0.5,2.4
2019-05-29,Khammam,Raghunadhapalem ,0.0,29.9,43.1,31.8,84.8,0.3,2.0
2019-05-30,Khammam,Raghunadhapalem ,7.5,26.2,42.2,36.0,85.3,0.3,2.4
2019-05-31,Khammam,Raghunadhapalem ,0.0,27.7,37.7,42.4,91.5,0.0,1.1
