Date,District,Mandal,Rainfall (mm),temp_min (⁰C),temp_max (⁰C),humidity_min (%),Humidity_max (%),wind_speed_min (Kmph),wind_speed_max (Kmph)
2019-01-01,Khammam,Tirumalayapalem,0.0,12.4,30.4,35.1,84.4,0.0,9.3
2019-01-02,Khammam,Tirumalayapalem,0.0,11.3,32.9,23.3,97.6,0.0,9.1
2019-01-03,Khammam,Tirumalayapalem,0.0,13.4,32.9,40.4,92.9,0.0,7.1
2019-01-04,Khammam,Tirumalayapalem,0.0,13.9,33.8,38.2,96.2,0.0,6.5
2019-01-05,Khammam,Tirumalayapalem,0.0,16.8,31.6,62.2,97.6,0.0,6.5
2019-01-06,Khammam,Tirumalayapalem,0.0,17.0,32.9,48.9,97.6,0.0,9.7
2019-01-07,Khammam,Tirumalayapalem,0.0,14.9,30.8,53.2,96.2,0.0,11.0
2019-01-08,Khammam,Tirumalayapalem,0.0,16.9,32.9,47.8,96.2,0.0,8.2
2019-01-09,Khammam,Tirumalayapalem,0.0,12.7,32.9,34.0,96.2,0.0,9.4
2019-01-10,Khammam,Tirumalayapalem,0.0,12.7,30.8,21.9,79.5,0.0,12.3
2019-01-11,Khammam,Tirumalayapalem,0.0,17.5,30.9,47.3,96.2,0.0,9.6
2019-01-12,Khammam,Tirumalayapalem,0.0,19.1,31.2,68.2,94.8,0.0,9.4
2019-01-13,Khammam,Tirumalayapalem,0.0,18.6,31.0,58.6,97.6,0.0,12.6
2019-01-14,Khammam,Tirumalayapalem,0.0,16.7,31.3,50.5,96.2,0.0,13.1
2019-01-15,Khammam,Tirumalayapalem,0.0,16.4,32.9,48.5,97.6,0.0,9.1
2019-01-16,Khammam,Tirumalayapalem,0.0,15.2,32.9,45.1,97.6,0.0,12.9
2019-01-17,Khammam,Tirumalayapalem,0.0,18.6,32.0,44.4,97.6,0.0,10.0
2019-01-18,Khammam,Tirumalayapalem,0.0,18.8,29.8,45.2,91.9,0.0,6.4
2019-01-19,Khammam,Tirumalayapalem,0.0,18.4,32.5,62.8,95.3,0.0,6.5
2019-01-20,Khammam,Tirumalayapalem,0.0,18.2,30.7,40.9,93.4,0.0,10.2
2019-01-21,Khammam,Tirumalayapalem,0.0,17.2,32.8,38.2,94.1,0.0,7.8
2019-01-22,Khammam,Tirumalayapalem,0.0,18.4,31.6,56.7,94.8,0.0,9.4
2019-01-23,Khammam,Tirumalayapalem,0.0,18.4,31.7,51.0,92.9,0.0,12.7
2019-01-24,Khammam,Tirumalayapalem,0.0,20.0,31.3,54.3,92.4,0.0,9.6
2019-01-25,Khammam,Tirumalayapalem,0.0,21.1,32.1,53.5,91.3,0.0,10.7
2019-01-26,Khammam,Tirumalayapalem,0.0,21.3,31.9,55.6,92.3,0.0,14.4
2019-01-27,Khammam,Tirumalayapalem,0.0,21.5,29.7,72.7,92.2,0.0,10.4
2019-01-28,Khammam,Tirumalayapalem,23.5,20.4,28.5,71.9,96.1,1.8,11.9
2019-01-29,Khammam,Tirumalayapalem,0.0,17.7,24.5,87.8,96.9,0.0,11.3
2019-01-30,Khammam,Tirumalayapalem,0.0,14.1,28.8,41.5,88.5,0.0,15.5
2019-01-31,Khammam,Tirumalayapalem,0.0,16.4,31.9,31.1,94.6,0.0,8.9
2019-02-01,Khammam,Tirumalayapalem,0.0,18.4,31.7,52.9,94.8,0.0,10.8
2019-02-02,Khammam,Tirumalayapalem,0.0,18.1,32.0,44.6,93.6,0.0,7.8
2019-02-03,Khammam,Tirumalayapalem,0.0,18.8,32.5,49.9,94.3,0.0,6.8
2019-02-04,Khammam,Tirumalayapalem,0.0,20.0,33.3,46.5,86.6,0.0,10.5
2019-02-05,Khammam,Tirumalayapalem,0.0,19.9,32.6,40.2,93.4,0.0,7.9
2019-02-06,Khammam,Tirumalayapalem,0.0,19.5,32.5,57.1,95.8,0.0,10.6
2019-02-07,Khammam,Tirumalayapalem,0.0,19.3,32.4,50.5,95.4,0.0,10.7
2019-02-08,Khammam,Tirumalayapalem,0.0,21.4,31.9,54.8,90.9,0.2,12.7
2019-02-09,Khammam,Tirumalayapalem,0.0,21.6,30.9,63.2,95.1,0.0,12.9
2019-02-10,Khammam,Tirumalayapalem,0.0,17.2,30.3,28.7,59.1,3.2,20.6
2019-02-11,Khammam,Tirumalayapalem,0.0,22.7,33.4,38.7,93.1,0.0,9.1
2019-02-12,Khammam,Tirumalayapalem,0.0,21.9,32.3,59.0,94.1,0.0,10.7
2019-02-13,Khammam,Tirumalayapalem,0.0,20.6,31.9,55.7,94.1,0.0,8.0
2019-02-14,Khammam,Tirumalayapalem,0.0,19.8,34.1,49.8,97.0,0.0,6.8
2019-02-15,Khammam,Tirumalayapalem,0.0,19.7,32.4,42.1,97.2,0.0,9.7
2019-02-16,Khammam,Tirumalayapalem,0.0,22.0,33.9,58.1,94.1,2.7,14.6
2019-02-17,Khammam,Tirumalayapalem,0.0,22.5,33.5,52.7,93.6,1.9,13.8
2019-02-18,Khammam,Tirumalayapalem,0.0,23.5,33.7,58.8,95.3,0.0,14.0
2019-02-19,Khammam,Tirumalayapalem,0.0,23.3,35.2,52.9,95.0,0.0,10.5
2019-02-20,Khammam,Tirumalayapalem,0.0,23.6,34.4,58.1,95.4,1.5,10.7
2019-02-21,Khammam,Tirumalayapalem,0.0,21.9,34.8,61.9,94.1,0.0,12.5
2019-02-22,Khammam,Tirumalayapalem,0.0,20.4,35.5,45.2,93.6,0.0,10.1
2019-02-23,Khammam,Tirumalayapalem,0.0,20.0,36.1,34.0,88.3,0.0,10.2
2019-02-24,Khammam,Tirumalayapalem,0.0,19.2,36.2,30.1,74.7,0.0,8.5
2019-02-25,Khammam,Tirumalayapalem,0.0,19.5,35.5,30.7,92.4,0.0,10.1
2019-02-26,Khammam,Tirumalayapalem,0.0,21.2,36.5,31.6,96.5,0.0,11.4
2019-02-27,Khammam,Tirumalayapalem,0.0,22.0,33.2,46.6,92.3,2.8,14.9
2019-02-28,Khammam,Tirumalayapalem,0.0,22.1,32.8,52.7,95.1,0.0,12.7
2019-03-01,Khammam,Tirumalayapalem,0.0,21.7,33.7,49.8,89.6,0.0,10.1
2019-03-02,Khammam,Tirumalayapalem,0.0,22.0,35.6,45.9,93.1,0.0,10.7
2019-03-03,Khammam,Tirumalayapalem,0.0,21.9,33.2,50.9,94.1,1.3,13.1
2019-03-04,Khammam,Tirumalayapalem,0.0,21.7,33.4,52.1,94.1,0.0,11.4
2019-03-05,Khammam,Tirumalayapalem,0.0,21.9,34.5,48.8,92.6,1.5,13.6
2019-03-06,Khammam,Tirumalayapalem,0.0,23.2,36.6,41.9,94.0,0.0,8.5
2019-03-07,Khammam,Tirumalayapalem,0.0,20.8,36.9,17.7,98.6,0.0,14.6
2019-03-08,Khammam,Tirumalayapalem,0.0,24.1,35.4,44.3,90.0,0.0,9.0
2019-03-09,Khammam,Tirumalayapalem,0.0,23.3,36.1,39.6,95.8,0.0,10.2
2019-03-10,Khammam,Tirumalayapalem,0.0,23.1,35.8,48.2,98.0,0.0,14.1
2019-03-11,Khammam,Tirumalayapalem,0.0,23.5,35.9,44.1,94.7,1.5,14.8
2019-03-12,Khammam,Tirumalayapalem,0.0,22.1,35.5,57.2,92.6,0.0,13.8
2019-03-13,Khammam,Tirumalayapalem,0.0,21.8,35.4,42.7,94.5,0.0,11.1
2019-03-14,Khammam,Tirumalayapalem,0.0,20.3,35.1,34.5,87.3,0.0,11.9
2019-03-15,Khammam,Tirumalayapalem,0.0,22.0,36.7,21.4,71.5,0.0,12.8
2019-03-16,Khammam,Tirumalayapalem,0.0,20.2,37.5,27.7,93.7,0.0,12.7
2019-03-17,Khammam,Tirumalayapalem,0.0,20.5,35.3,34.6,93.1,0.0,14.9
2019-03-18,Khammam,Tirumalayapalem,0.0,19.9,35.7,37.6,92.9,0.0,14.3
2019-03-19,Khammam,Tirumalayapalem,0.0,21.1,33.5,41.6,83.5,0.7,14.7
2019-03-20,Khammam,Tirumalayapalem,0.0,22.9,34.1,48.8,87.3,0.1,11.3
2019-03-21,Khammam,Tirumalayapalem,0.0,22.0,35.5,50.8,89.1,0.9,15.4
2019-03-22,Khammam,Tirumalayapalem,0.0,22.5,35.9,37.3,91.1,2.3,15.0
2019-03-23,Khammam,Tirumalayapalem,0.0,22.4,36.1,40.0,84.2,0.0,10.7
2019-03-24,Khammam,Tirumalayapalem,0.0,21.4,37.5,46.6,90.0,0.0,10.9
2019-03-25,Khammam,Tirumalayapalem,0.0,21.4,37.3,34.3,93.5,0.0,9.8
2019-03-26,Khammam,Tirumalayapalem,0.0,22.1,38.0,47.0,94.0,3.1,5.8
2019-03-27,Khammam,Tirumalayapalem,0.0,22.4,35.5,42.7,85.3,0.0,12.8
2019-03-28,Khammam,Tirumalayapalem,0.0,24.8,35.8,37.7,85.0,0.0,10.7
2019-03-29,Khammam,Tirumalayapalem,0.0,23.8,37.7,29.1,93.0,0.0,9.3
2019-03-30,Khammam,Tirumalayapalem,0.0,24.1,37.7,45.4,94.4,0.0,9.9
2019-03-31,Khammam,Tirumalayapalem,0.0,24.8,37.9,38.8,97.0,0.0,12.2
2019-04-01,Khammam,Tirumalayapalem,0.0,25.7,39.4,30.8,90.5,0.0,10.9
2019-04-02,Khammam,Tirumalayapalem,0.0,24.1,38.1,37.1,89.1,0.0,13.9
2019-04-03,Khammam,Tirumalayapalem,0.0,23.9,37.9,29.2,83.0,0.0,18.6
2019-04-04,Khammam,Tirumalayapalem,0.0,22.6,38.2,38.2,95.0,0.0,13.8
2019-04-05,Khammam,Tirumalayapalem,0.0,23.6,38.0,39.1,90.9,0.0,11.4
2019-04-06,Khammam,Tirumalayapalem,0.0,25.0,39.9,27.5,90.8,0.0,8.4
2019-04-07,Khammam,Tirumalayapalem,0.0,23.4,40.9,35.5,73.2,0.0,0.9
2019-04-08,Khammam,Tirumalayapalem,0.0,24.4,37.8,34.5,96.4,1.4,12.8
2019-04-09,Khammam,Tirumalayapalem,0.0,25.3,37.5,33.2,94.5,0.7,15.2
2019-04-10,Khammam,Tirumalayapalem,0.0,26.2,37.9,43.6,88.5,3.9,5.8
2019-04-11,Khammam,Tirumalayapalem,0.0,24.8,38.4,37.1,80.9,0.0,14.6
2019-04-12,Khammam,Tirumalayapalem,0.0,25.3,39.3,36.0,94.0,0.0,13.5
2019-04-13,Khammam,Tirumalayapalem,0.0,23.1,38.5,29.7,77.8,0.0,12.9
2019-04-14,Khammam,Tirumalayapalem,0.0,24.5,39.6,26.1,77.2,1.1,6.3
2019-04-15,Khammam,Tirumalayapalem,0.0,24.5,39.5,23.5,90.4,0.0,14.6
2019-04-16,Khammam,Tirumalayapalem,0.0,23.9,40.3,21.0,94.5,0.0,9.6
2019-04-17,Khammam,Tirumalayapalem,0.0,22.6,39.2,19.0,97.4,0.0,11.4
2019-04-18,Khammam,Tirumalayapalem,0.0,24.7,38.7,25.9,93.1,0.0,14.8
2019-04-19,Khammam,Tirumalayapalem,5.0,25.9,38.4,37.6,100.0,1.3,11.7
2019-04-20,Khammam,Tirumalayapalem,6.5,25.0,38.9,30.6,98.8,0.0,12.1
2019-04-21,Khammam,Tirumalayapalem,0.0,26.2,37.9,38.2,90.8,0.8,11.0
2019-04-22,Khammam,Tirumalayapalem,0.0,26.9,39.3,28.9,67.4,0.0,13.9
2019-04-23,Khammam,Tirumalayapalem,0.0,23.4,39.6,20.7,65.4,0.0,15.3
2019-04-24,Khammam,Tirumalayapalem,0.0,23.1,39.2,28.7,66.3,0.0,21.9
2019-04-25,Khammam,Tirumalayapalem,0.0,24.5,38.5,29.1,87.8,0.0,13.3
2019-04-26,Khammam,Tirumalayapalem,0.0,25.4,39.6,29.3,64.4,0.8,11.1
2019-04-27,Khammam,Tirumalayapalem,0.0,26.0,41.6,22.5,70.4,1.5,10.2
2019-04-28,Khammam,Tirumalayapalem,0.0,26.3,40.7,26.1,66.3,0.0,14.5
2019-04-29,Khammam,Tirumalayapalem,0.0,26.4,40.3,23.5,85.4,1.5,14.6
2019-04-30,Khammam,Tirumalayapalem,0.0,26.5,40.6,27.4,87.2,0.1,14.2
2019-05-01,Khammam,Tirumalayapalem,0.0,28.2,41.7,26.8,72.8,0.0,12.5
2019-05-02,Khammam,Tirumalayapalem,0.0,27.3,40.3,31.3,52.5,0.0,15.0
2019-05-03,Khammam,Tirumalayapalem,0.0,26.3,42.1,14.7,61.3,0.0,22.0
2019-05-04,Khammam,Tirumalayapalem,0.0,27.5,41.4,16.8,58.1,0.0,15.8
2019-05-05,Khammam,Tirumalayapalem,0.0,27.7,42.6,7.8,63.5,0.0,13.9
2019-05-06,Khammam,Tirumalayapalem,0.0,27.5,44.4,16.3,64.4,0.0,14.9
2019-05-07,Khammam,Tirumalayapalem,0.0,30.1,44.4,7.1,87.7,7.4,11.8
2019-05-08,Khammam,Tirumalayapalem,0.0,30.1,42.2,24.0,86.8,0.0,10.3
2019-05-09,Khammam,Tirumalayapalem,0.0,26.9,44.3,22.0,70.0,0.0,18.0
2019-05-10,Khammam,Tirumalayapalem,0.0,30.1,44.4,9.2,77.0,0.0,21.8
2019-05-11,Khammam,Tirumalayapalem,0.0,30.1,44.1,21.8,86.5,0.0,26.5
2019-05-12,Khammam,Tirumalayapalem,22.5,24.8,41.6,32.5,85.1,0.0,33.6
2019-05-13,Khammam,Tirumalayapalem,0.0,29.3,39.2,37.0,98.8,0.0,12.7
2019-05-14,Khammam,Tirumalayapalem,0.0,27.4,39.3,41.4,94.6,0.0,15.4
2019-05-15,Khammam,Tirumalayapalem,0.0,27.4,39.4,43.4,92.7,0.0,15.5
2019-05-16,Khammam,Tirumalayapalem,0.0,27.7,39.6,40.3,87.3,0.0,13.8
2019-05-17,Khammam,Tirumalayapalem,0.0,27.6,41.5,38.1,92.1,4.1,6.6
2019-05-18,Khammam,Tirumalayapalem,0.0,27.8,39.9,41.8,90.9,0.0,14.0
2019-05-19,Khammam,Tirumalayapalem,0.0,27.2,42.3,33.4,87.5,0.1,13.3
2019-05-20,Khammam,Tirumalayapalem,0.0,28.9,41.9,31.7,90.9,2.3,23.3
2019-05-21,Khammam,Tirumalayapalem,0.0,27.2,41.9,29.2,90.8,0.0,13.3
2019-05-22,Khammam,Tirumalayapalem,0.0,29.4,41.4,40.2,97.3,0.0,7.4
2019-05-23,Khammam,Tirumalayapalem,0.0,27.6,42.2,31.7,84.3,0.0,15.2
2019-05-24,Khammam,Tirumalayapalem,0.0,27.8,41.3,35.8,86.0,3.9,19.6
2019-05-25,Khammam,Tirumalayapalem,0.0,27.4,42.2,33.3,93.5,0.0,14.1
2019-05-26,Khammam,Tirumalayapalem,0.0,30.1,44.1,27.2,84.3,0.0,12.1
2019-05-27,Khammam,Tirumalayapalem,0.0,29.6,45.1,21.7,84.4,0.0,13.4
2019-05-28,Khammam,Tirumalayapalem,0.0,30.1,44.2,23.7,84.3,2.4,14.8
2019-05-29,Khammam,Tirumalayapalem,0.0,31.1,44.4,24.4,86.3,0.3,15.3
2019-05-30,Khammam,Tirumalayapalem,0.0,27.4,42.5,31.4,74.6,0.0,17.7
2019-05-31,Khammam,Tirumalayapalem,0.0,27.7,34.4,64.2,70.4,0.0,14.2
2019-06-01,Khammam,Tirumalayapalem,0.0,28.8,41.8,36.1,83.2,2.8,15.5
2019-06-02,Khammam,Tirumalayapalem,0.0,29.8,39.9,30.0,79.2,0.0,17.5
2019-06-03,Khammam,Tirumalayapalem,0.0,30.4,43.1,29.1,83.2,4.2,16.5
2019-06-04,Khammam,Tirumalayapalem,0.0,27.8,40.0,34.4,67.3,0.0,20.4
2019-06-05,Khammam,Tirumalayapalem,0.0,29.8,41.4,32.1,82.5,0.2,15.2
2019-06-06,Khammam,Tirumalayapalem,0.0,29.9,43.3,28.1,71.1,3.6,15.3
2019-06-07,Khammam,Tirumalayapalem,30.0,25.4,40.4,38.1,89.7,1.1,21.8
2019-06-08,Khammam,Tirumalayapalem,0.2,25.0,39.2,38.7,91.1,0.7,27.6
2019-06-09,Khammam,Tirumalayapalem,0.0,29.7,39.5,37.7,79.4,0.0,14.7
2019-06-10,Khammam,Tirumalayapalem,0.0,30.7,41.1,29.2,72.6,1.1,12.1
2019-06-11,Khammam,Tirumalayapalem,0.0,28.0,39.7,35.9,82.6,0.0,10.5
2019-06-12,Khammam,Tirumalayapalem,0.0,29.6,41.3,32.3,73.4,2.2,13.6
2019-06-13,Khammam,Tirumalayapalem,0.0,29.7,41.0,29.1,61.2,4.6,14.6
2019-06-14,Khammam,Tirumalayapalem,0.0,30.1,40.5,32.6,57.3,5.3,15.1
2019-06-15,Khammam,Tirumalayapalem,0.0,31.5,39.6,33.7,52.5,0.0,16.6
2019-06-16,Khammam,Tirumalayapalem,0.0,32.4,41.1,25.1,49.0,0.0,19.1
2019-06-17,Khammam,Tirumalayapalem,0.0,30.0,39.8,27.9,62.7,2.9,20.3
2019-06-18,Khammam,Tirumalayapalem,20.0,24.4,36.8,39.9,93.5,0.0,17.4
2019-06-19,Khammam,Tirumalayapalem,0.0,30.5,39.4,31.1,74.4,0.0,14.5
2019-06-20,Khammam,Tirumalayapalem,0.0,31.6,41.0,29.3,60.2,0.0,16.4
2019-06-21,Khammam,Tirumalayapalem,5.4,25.3,38.2,39.5,92.6,2.4,15.9
2019-06-22,Khammam,Tirumalayapalem,0.0,27.1,33.8,71.7,91.4,0.0,8.7
2019-06-23,Khammam,Tirumalayapalem,0.0,26.8,35.1,58.1,84.2,0.0,15.1
2019-06-24,Khammam,Tirumalayapalem,0.0,26.8,35.2,52.6,83.9,1.0,8.6
2019-06-25,Khammam,Tirumalayapalem,0.0,26.5,38.4,43.9,85.5,0.3,14.6
2019-06-26,Khammam,Tirumalayapalem,1.6,27.4,37.5,47.8,85.1,2.3,11.3
2019-06-27,Khammam,Tirumalayapalem,0.0,27.4,36.4,52.4,76.5,2.5,14.7
2019-06-28,Khammam,Tirumalayapalem,0.0,29.7,38.1,38.6,59.4,0.0,15.7
2019-06-29,Khammam,Tirumalayapalem,0.0,29.1,35.9,45.2,61.4,1.8,15.5
2019-06-30,Khammam,Tirumalayapalem,0.0,26.4,32.2,54.9,82.9,2.0,14.6
2019-07-01,Khammam,Tirumalayapalem,0.1,26.8,32.2,53.2,79.0,0.0,20.0
2019-07-02,Khammam,Tirumalayapalem,2.0,25.4,32.3,56.8,93.0,0.0,19.3
2019-07-03,Khammam,Tirumalayapalem,0.7,26.4,31.9,61.6,85.1,3.0,15.7
2019-07-04,Khammam,Tirumalayapalem,0.0,28.1,34.9,47.1,70.0,2.1,20.1
2019-07-05,Khammam,Tirumalayapalem,0.1,28.7,37.7,39.6,65.0,0.4,16.8
2019-07-06,Khammam,Tirumalayapalem,0.2,27.1,32.8,55.1,82.4,1.5,15.5
2019-07-07,Khammam,Tirumalayapalem,0.0,28.9,35.3,46.2,64.4,2.1,16.0
2019-07-08,Khammam,Tirumalayapalem,0.1,26.7,36.9,43.6,76.7,4.5,18.3
2019-07-09,Khammam,Tirumalayapalem,5.8,25.6,37.7,38.0,90.5,0.0,18.1
2019-07-10,Khammam,Tirumalayapalem,0.0,27.8,36.8,43.6,75.1,0.0,17.8
2019-07-11,Khammam,Tirumalayapalem,7.2,26.6,36.9,41.0,78.1,2.0,19.9
2019-07-12,Khammam,Tirumalayapalem,1.6,25.3,35.9,42.0,89.7,0.0,15.1
2019-07-13,Khammam,Tirumalayapalem,0.0,27.7,37.2,42.5,72.3,0.0,15.0
2019-07-14,Khammam,Tirumalayapalem,25.4,23.0,37.6,41.0,97.2,0.1,14.5
2019-07-15,Khammam,Tirumalayapalem,20.0,24.6,35.2,42.8,93.2,0.0,16.0
2019-07-16,Khammam,Tirumalayapalem,0.4,25.1,35.5,48.9,96.5,0.0,27.2
2019-07-17,Khammam,Tirumalayapalem,0.3,26.2,37.1,43.6,91.3,0.0,15.4
2019-07-18,Khammam,Tirumalayapalem,0.0,27.9,38.0,34.6,72.6,0.0,18.9
2019-07-19,Khammam,Tirumalayapalem,1.4,25.5,37.8,39.2,88.0,0.0,18.1
2019-07-20,Khammam,Tirumalayapalem,1.1,25.1,33.1,56.6,94.4,0.0,9.5
2019-07-21,Khammam,Tirumalayapalem,0.1,25.9,31.8,74.5,94.4,0.0,11.1
2019-07-22,Khammam,Tirumalayapalem,20.3,25.7,35.8,48.9,97.0,0.0,12.5
2019-07-23,Khammam,Tirumalayapalem,2.2,26.0,36.3,48.5,91.7,3.5,13.6
2019-07-24,Khammam,Tirumalayapalem,0.0,26.5,35.3,56.9,85.9,1.6,10.1
2019-07-25,Khammam,Tirumalayapalem,0.0,28.5,36.9,48.3,76.7,1.5,10.0
2019-07-26,Khammam,Tirumalayapalem,61.8,23.6,35.1,48.4,89.1,1.4,15.0
2019-07-27,Khammam,Tirumalayapalem,45.4,23.3,25.8,93.0,98.9,0.0,11.2
2019-07-28,Khammam,Tirumalayapalem,11.1,24.0,28.9,83.3,95.1,0.0,11.8
2019-07-29,Khammam,Tirumalayapalem,24.3,23.8,25.2,94.7,97.9,0.6,7.5
2019-07-30,Khammam,Tirumalayapalem,4.5,24.4,28.0,85.8,96.3,0.3,14.0
2019-07-31,Khammam,Tirumalayapalem,0.0,25.5,31.1,74.6,91.6,0.0,14.5
2019-08-01,Khammam,Tirumalayapalem,10.0,24.2,33.9,57.3,95.3,3.6,15.2
2019-08-02,Khammam,Tirumalayapalem,19.8,24.1,31.7,77.2,92.3,5.3,9.6
2019-08-03,Khammam,Tirumalayapalem,42.9,24.0,25.0,94.5,96.6,0.1,11.8
2019-08-04,Khammam,Tirumalayapalem,0.0,25.6,29.3,80.9,92.0,2.8,15.3
2019-08-05,Khammam,Tirumalayapalem,0.6,25.4,31.9,75.0,87.7,2.3,14.7
2019-08-06,Khammam,Tirumalayapalem,20.3,24.2,32.0,74.7,96.6,3.7,14.8
2019-08-07,Khammam,Tirumalayapalem,15.4,24.0,28.5,86.6,96.3,4.9,9.6
2019-08-08,Khammam,Tirumalayapalem,10.8,24.7,29.3,88.2,96.2,2.4,8.6
2019-08-09,Khammam,Tirumalayapalem,2.5,24.6,31.8,72.2,91.8,2.0,14.6
2019-08-10,Khammam,Tirumalayapalem,0.0,26.3,31.7,79.9,86.6,1.5,12.1
2019-08-11,Khammam,Tirumalayapalem,0.0,26.3,34.3,58.5,84.9,0.0,13.1
2019-08-12,Khammam,Tirumalayapalem,0.0,26.3,34.1,53.1,84.9,0.0,14.7
2019-08-13,Khammam,Tirumalayapalem,0.1,25.6,33.4,58.9,85.5,4.6,20.9
2019-08-14,Khammam,Tirumalayapalem,7.0,25.7,32.6,67.3,93.5,0.0,16.1
2019-08-15,Khammam,Tirumalayapalem,1.5,26.1,33.3,68.4,89.0,0.0,9.9
2019-08-16,Khammam,Tirumalayapalem,0.0,26.7,34.7,55.8,89.2,0.0,10.2
2019-08-17,Khammam,Tirumalayapalem,32.3,24.5,34.1,60.3,96.8,0.9,14.5
2019-08-18,Khammam,Tirumalayapalem,0.0,26.4,34.5,59.9,93.3,0.0,14.9
2019-08-19,Khammam,Tirumalayapalem,0.0,25.5,31.4,71.8,93.6,0.0,29.9
2019-08-20,Khammam,Tirumalayapalem,0.0,25.5,36.1,54.5,91.9,0.0,18.1
2019-08-21,Khammam,Tirumalayapalem,43.0,24.6,32.3,80.9,97.3,0.0,16.4
2019-08-22,Khammam,Tirumalayapalem,28.3,24.2,34.0,69.9,97.1,0.0,28.8
2019-08-23,Khammam,Tirumalayapalem,7.7,24.2,33.2,70.7,96.5,0.0,25.7
2019-08-24,Khammam,Tirumalayapalem,0.0,26.1,30.0,82.6,93.9,2.6,15.0
2019-08-25,Khammam,Tirumalayapalem,11.3,24.1,32.5,70.2,96.6,0.0,16.0
2019-08-26,Khammam,Tirumalayapalem,0.0,25.8,33.4,64.3,90.5,0.0,14.4
2019-08-27,Khammam,Tirumalayapalem,0.0,25.9,33.9,57.0,83.2,0.0,13.4
2019-08-28,Khammam,Tirumalayapalem,0.0,26.1,34.4,51.1,90.2,0.0,12.1
2019-08-29,Khammam,Tirumalayapalem,0.0,26.9,35.1,49.1,86.1,0.0,12.6
2019-08-30,Khammam,Tirumalayapalem,1.5,26.3,35.8,51.8,90.5,0.0,9.6
2019-08-31,Khammam,Tirumalayapalem,18.7,24.8,34.5,73.4,96.7,0.0,8.3
2019-09-01,Khammam,Tirumalayapalem,13.8,24.4,30.8,83.2,96.8,0.0,9.6
2019-09-02,Khammam,Tirumalayapalem,13.1,24.1,29.9,85.1,96.7,0.0,9.5
2019-09-03,Khammam,Tirumalayapalem,4.1,24.4,30.4,81.9,95.9,0.0,12.2
2019-09-04,Khammam,Tirumalayapalem,0.0,25.0,29.3,86.4,94.9,0.0,9.8
2019-09-05,Khammam,Tirumalayapalem,0.3,24.3,30.9,84.1,96.4,0.0,14.4
2019-09-06,Khammam,Tirumalayapalem,0.1,26.0,32.6,80.0,90.8,0.0,13.7
2019-09-07,Khammam,Tirumalayapalem,1.8,25.3,30.8,83.3,94.0,0.0,8.6
2019-09-08,Khammam,Tirumalayapalem,0.0,26.0,31.2,84.1,89.3,0.0,11.8
2019-09-09,Khammam,Tirumalayapalem,0.0,25.4,32.3,72.0,89.5,1.3,14.3
