Date,District,Mandal,Rainfall (mm),temp_min (⁰C),temp_max (⁰C),humidity_min (%),Humidity_max (%),wind_speed_min (Kmph),wind_speed_max (Kmph)
2019-01-01,Karimnagar,Chigurumamidi,0.0,9.1,27.5,23.0,60.3,0.0,7.7
2019-01-02,Karimnagar,Chigurumamidi,0.0,9.7,28.5,20.2,78.5,0.0,0.1
2019-01-03,Karimnagar,Chigurumamidi,0.0,12.3,31.0,20.4,89.7,0.0,0.1
2019-01-04,Karimnagar,Chigurumamidi,0.0,10.6,30.8,21.8,90.6,0.0,1.5
2019-01-05,Karimnagar,Chigurumamidi,0.0,14.7,30.7,26.0,90.6,0.0,7.5
2019-01-06,Karimnagar,Chigurumamidi,0.0,15.9,31.9,29.1,93.4,0.0,0.1
2019-01-07,Karimnagar,Chigurumamidi,0.0,15.0,30.9,34.4,93.4,0.0,3.8
2019-01-08,Karimnagar,Chigurumamidi,0.0,14.1,29.8,38.5,89.4,0.0,2.4
2019-01-09,Karimnagar,Chigurumamidi,0.0,9.1,28.4,27.8,84.3,0.0,2.1
2019-01-10,Karimnagar,Chigurumamidi,0.0,9.8,29.9,22.5,78.0,0.0,0.1
2019-01-11,Karimnagar,Chigurumamidi,0.0,13.9,30.0,20.4,92.3,0.0,1.2
2019-01-12,Karimnagar,Chigurumamidi,0.0,16.9,31.9,34.4,100.0,0.0,1.1
2019-01-13,Karimnagar,Chigurumamidi,0.0,18.9,31.2,39.6,97.3,0.0,1.3
2019-01-14,Karimnagar,Chigurumamidi,0.0,16.4,32.2,37.0,95.5,0.0,10.1
2019-01-15,Karimnagar,Chigurumamidi,0.0,15.8,30.3,43.1,93.1,0.0,0.5
2019-01-16,Karimnagar,Chigurumamidi,0.0,13.0,29.5,43.4,95.8,0.0,0.1
2019-01-17,Karimnagar,Chigurumamidi,0.0,12.7,30.7,28.8,78.1,0.0,6.9
2019-01-18,Karimnagar,Chigurumamidi,0.0,14.7,31.7,21.1,93.9,0.0,5.9
2019-01-19,Karimnagar,Chigurumamidi,0.0,13.3,31.0,26.7,93.1,0.0,0.3
2019-01-20,Karimnagar,Chigurumamidi,0.0,12.2,30.9,29.5,87.6,0.0,0.2
2019-01-21,Karimnagar,Chigurumamidi,0.0,12.7,31.8,22.5,93.1,0.0,0.7
2019-01-22,Karimnagar,Chigurumamidi,0.0,17.0,32.2,27.4,86.1,0.0,11.6
2019-01-23,Karimnagar,Chigurumamidi,0.0,18.8,33.1,26.2,92.3,0.0,6.5
2019-01-24,Karimnagar,Chigurumamidi,0.0,18.0,32.6,36.4,98.1,0.0,2.9
2019-01-25,Karimnagar,Chigurumamidi,0.0,20.3,31.0,44.3,87.2,0.0,4.6
2019-01-26,Karimnagar,Chigurumamidi,0.0,21.9,31.8,41.4,83.6,0.0,7.9
2019-01-27,Karimnagar,Chigurumamidi,33.5,18.7,24.4,77.3,92.5,0.0,0.9
2019-01-28,Karimnagar,Chigurumamidi,0.0,18.3,21.0,93.0,100.0,0.0,2.2
2019-01-29,Karimnagar,Chigurumamidi,0.0,14.6,25.0,67.5,93.9,0.2,4.3
2019-01-30,Karimnagar,Chigurumamidi,0.0,10.0,26.3,31.7,88.3,0.0,7.8
2019-01-31,Karimnagar,Chigurumamidi,0.0,11.7,27.5,27.8,59.9,1.3,7.2
2019-02-01,Karimnagar,Chigurumamidi,0.0,18.0,31.1,34.9,93.9,0.0,13.0
2019-02-02,Karimnagar,Chigurumamidi,0.0,16.4,31.3,37.9,97.6,0.0,11.3
2019-02-03,Karimnagar,Chigurumamidi,0.0,16.9,30.2,40.8,81.6,1.3,7.7
2019-02-04,Karimnagar,Chigurumamidi,0.0,17.4,30.2,43.1,79.0,0.0,9.1
2019-02-05,Karimnagar,Chigurumamidi,0.0,17.3,32.3,29.5,91.3,0.0,8.0
2019-02-06,Karimnagar,Chigurumamidi,0.0,17.6,31.9,28.4,89.4,0.0,8.1
2019-02-07,Karimnagar,Chigurumamidi,0.0,20.9,32.8,32.3,66.3,2.2,9.4
2019-02-08,Karimnagar,Chigurumamidi,0.0,21.5,33.8,28.4,85.3,0.0,11.9
2019-02-09,Karimnagar,Chigurumamidi,0.0,17.4,30.5,47.8,77.3,0.0,6.7
2019-02-10,Karimnagar,Chigurumamidi,0.0,12.7,28.1,22.3,39.7,0.1,9.0
2019-02-11,Karimnagar,Chigurumamidi,0.0,16.8,30.0,23.2,31.3,0.0,6.7
2019-02-12,Karimnagar,Chigurumamidi,0.0,20.1,32.7,42.3,96.2,0.1,8.3
2019-02-13,Karimnagar,Chigurumamidi,0.0,18.0,31.9,40.2,95.7,0.9,11.2
2019-02-14,Karimnagar,Chigurumamidi,0.0,18.3,32.9,27.6,96.0,0.1,6.9
2019-02-15,Karimnagar,Chigurumamidi,0.0,20.0,35.3,32.8,86.5,0.0,11.4
2019-02-16,Karimnagar,Chigurumamidi,2.5,20.0,36.3,27.2,84.3,0.0,13.9
2019-02-17,Karimnagar,Chigurumamidi,0.0,20.4,34.0,37.6,95.2,0.0,6.4
2019-02-18,Karimnagar,Chigurumamidi,0.0,18.0,32.4,50.6,99.4,0.0,5.9
2019-02-19,Karimnagar,Chigurumamidi,0.0,19.4,34.6,42.3,95.6,0.0,5.9
2019-02-20,Karimnagar,Chigurumamidi,0.0,21.5,37.2,47.1,97.5,4.3,10.8
2019-02-21,Karimnagar,Chigurumamidi,0.0,19.7,34.6,43.7,98.4,0.0,12.0
2019-02-22,Karimnagar,Chigurumamidi,0.0,20.7,36.0,32.9,70.1,0.0,10.4
2019-02-23,Karimnagar,Chigurumamidi,0.0,21.4,37.6,28.3,72.1,0.0,3.7
2019-02-24,Karimnagar,Chigurumamidi,0.0,19.9,36.9,26.6,54.6,0.0,4.9
2019-02-25,Karimnagar,Chigurumamidi,0.0,20.4,36.8,23.6,49.2,0.0,7.3
2019-02-26,Karimnagar,Chigurumamidi,0.0,17.4,39.4,22.3,90.1,0.1,10.1
2019-02-27,Karimnagar,Chigurumamidi,0.0,21.7,34.2,32.5,83.1,0.0,5.2
2019-02-28,Karimnagar,Chigurumamidi,0.0,18.8,34.8,47.1,90.1,0.0,5.9
2019-03-01,Karimnagar,Chigurumamidi,0.0,16.8,33.2,30.6,69.3,0.0,10.0
2019-03-02,Karimnagar,Chigurumamidi,0.0,22.2,35.1,48.6,87.1,0.0,9.2
2019-03-03,Karimnagar,Chigurumamidi,0.0,22.5,35.2,47.1,83.2,5.5,12.0
2019-03-04,Karimnagar,Chigurumamidi,0.0,21.1,36.8,40.4,72.4,0.1,10.6
2019-03-05,Karimnagar,Chigurumamidi,0.0,20.6,38.3,24.4,95.8,0.0,10.8
2019-03-06,Karimnagar,Chigurumamidi,0.0,17.1,35.0,30.6,70.1,0.0,9.0
2019-03-07,Karimnagar,Chigurumamidi,0.0,15.5,37.3,23.3,70.7,0.0,7.8
2019-03-08,Karimnagar,Chigurumamidi,0.0,17.5,35.8,27.0,79.0,0.0,7.3
2019-03-09,Karimnagar,Chigurumamidi,0.0,19.6,36.8,32.1,90.3,0.0,7.8
2019-03-10,Karimnagar,Chigurumamidi,0.0,20.3,37.8,39.8,84.5,0.0,8.9
2019-03-11,Karimnagar,Chigurumamidi,0.0,20.8,39.1,34.2,83.7,1.7,9.6
2019-03-12,Karimnagar,Chigurumamidi,0.0,23.4,39.3,34.1,78.8,0.0,13.3
2019-03-13,Karimnagar,Chigurumamidi,0.0,22.4,34.9,33.7,71.6,0.0,8.4
2019-03-14,Karimnagar,Chigurumamidi,0.0,21.8,36.8,24.0,58.0,0.0,11.9
2019-03-15,Karimnagar,Chigurumamidi,0.0,21.0,38.3,15.9,55.4,0.0,10.2
2019-03-16,Karimnagar,Chigurumamidi,0.0,20.8,37.7,18.2,39.4,0.0,9.0
2019-03-17,Karimnagar,Chigurumamidi,0.0,21.5,36.5,21.5,77.3,0.0,12.7
2019-03-18,Karimnagar,Chigurumamidi,0.0,20.4,36.0,26.1,81.1,0.0,13.7
2019-03-19,Karimnagar,Chigurumamidi,0.0,20.5,33.9,30.5,90.2,0.0,10.2
2019-03-20,Karimnagar,Chigurumamidi,0.0,22.7,36.0,34.5,83.2,0.0,11.7
2019-03-21,Karimnagar,Chigurumamidi,0.0,23.0,34.4,41.0,76.4,5.8,11.5
2019-03-22,Karimnagar,Chigurumamidi,0.0,21.7,36.5,30.2,76.9,0.0,16.4
2019-03-23,Karimnagar,Chigurumamidi,0.0,22.1,35.2,43.2,70.4,0.0,8.7
2019-03-24,Karimnagar,Chigurumamidi,0.0,22.8,35.5,39.9,78.9,0.0,7.5
2019-03-25,Karimnagar,Chigurumamidi,0.0,22.8,36.8,34.7,86.8,0.0,11.1
2019-03-26,Karimnagar,Chigurumamidi,0.0,22.3,37.5,27.9,67.8,1.6,11.0
2019-03-27,Karimnagar,Chigurumamidi,0.0,22.6,37.9,31.4,64.2,0.0,10.8
2019-03-28,Karimnagar,Chigurumamidi,0.0,23.5,37.7,31.4,54.6,0.0,8.4
2019-03-29,Karimnagar,Chigurumamidi,0.0,22.1,37.6,30.4,55.0,0.0,7.1
2019-03-30,Karimnagar,Chigurumamidi,0.0,22.4,38.3,22.7,76.6,0.0,8.9
2019-03-31,Karimnagar,Chigurumamidi,0.0,23.8,39.1,26.7,71.1,0.0,8.3
2019-04-01,Karimnagar,Chigurumamidi,0.0,24.8,41.4,17.4,63.3,0.0,8.9
2019-04-02,Karimnagar,Chigurumamidi,0.0,23.5,40.4,17.2,62.6,0.1,9.3
2019-04-03,Karimnagar,Chigurumamidi,0.0,23.4,39.7,22.0,82.1,0.0,9.9
2019-04-04,Karimnagar,Chigurumamidi,0.0,23.7,38.2,29.3,86.5,3.4,11.3
2019-04-05,Karimnagar,Chigurumamidi,0.0,24.0,38.2,27.5,62.8,0.0,11.7
2019-04-06,Karimnagar,Chigurumamidi,0.0,23.2,36.4,31.8,50.2,0.0,9.6
2019-04-07,Karimnagar,Chigurumamidi,0.0,23.5,39.1,26.3,78.2,0.0,10.8
2019-04-08,Karimnagar,Chigurumamidi,0.0,23.4,40.0,22.1,71.9,4.6,14.4
2019-04-09,Karimnagar,Chigurumamidi,0.0,23.9,39.3,26.0,94.4,0.0,11.6
2019-04-10,Karimnagar,Chigurumamidi,0.0,25.0,37.4,33.4,84.0,0.0,13.2
2019-04-11,Karimnagar,Chigurumamidi,0.0,25.3,39.5,32.3,76.9,0.0,12.4
2019-04-12,Karimnagar,Chigurumamidi,0.0,26.2,41.8,16.9,63.7,0.0,9.3
2019-04-13,Karimnagar,Chigurumamidi,0.0,22.1,41.5,23.6,73.7,0.0,13.6
2019-04-14,Karimnagar,Chigurumamidi,0.0,24.5,40.0,24.8,62.2,0.0,12.2
2019-04-15,Karimnagar,Chigurumamidi,0.0,25.7,41.3,23.2,55.3,0.0,7.8
2019-04-16,Karimnagar,Chigurumamidi,0.0,24.1,40.9,22.2,54.7,0.0,10.5
2019-04-17,Karimnagar,Chigurumamidi,0.0,24.6,38.6,22.9,39.8,0.0,13.4
2019-04-18,Karimnagar,Chigurumamidi,2.3,22.6,38.6,31.2,86.2,0.0,11.0
2019-04-19,Karimnagar,Chigurumamidi,0.0,23.9,37.7,29.3,91.9,0.0,7.7
2019-04-20,Karimnagar,Chigurumamidi,2.0,22.5,37.5,41.1,95.8,0.0,10.3
2019-04-21,Karimnagar,Chigurumamidi,0.0,24.1,37.2,47.5,83.7,4.4,13.1
2019-04-22,Karimnagar,Chigurumamidi,0.0,26.0,37.7,30.9,73.7,1.6,10.2
2019-04-23,Karimnagar,Chigurumamidi,0.0,24.1,37.5,29.7,71.1,0.0,13.3
2019-04-24,Karimnagar,Chigurumamidi,0.0,22.6,39.4,21.0,64.3,0.0,6.8
2019-04-25,Karimnagar,Chigurumamidi,0.0,26.8,40.4,21.9,62.6,0.0,10.4
2019-04-26,Karimnagar,Chigurumamidi,0.0,25.8,41.5,24.7,56.4,0.0,6.2
2019-04-27,Karimnagar,Chigurumamidi,0.0,27.0,42.2,20.6,57.5,0.0,10.8
2019-04-28,Karimnagar,Chigurumamidi,0.0,26.2,42.3,17.4,62.3,0.0,12.1
2019-04-29,Karimnagar,Chigurumamidi,0.0,27.3,41.5,23.9,65.8,0.0,13.6
2019-04-30,Karimnagar,Chigurumamidi,0.0,26.8,41.9,21.7,65.2,0.0,8.8
2019-05-01,Karimnagar,Chigurumamidi,0.0,28.6,42.0,23.8,56.3,0.0,7.6
2019-05-02,Karimnagar,Chigurumamidi,0.0,27.5,40.3,26.7,64.0,0.0,7.3
2019-05-03,Karimnagar,Chigurumamidi,0.0,26.9,41.2,13.9,41.6,0.0,13.6
2019-05-04,Karimnagar,Chigurumamidi,0.0,28.8,40.9,10.6,33.8,1.5,12.7
2019-05-05,Karimnagar,Chigurumamidi,0.0,29.9,41.4,13.1,31.0,2.2,11.4
2019-05-06,Karimnagar,Chigurumamidi,0.0,25.7,42.6,8.1,39.2,0.0,13.3
2019-05-07,Karimnagar,Chigurumamidi,0.0,27.5,41.1,13.6,47.5,0.0,7.6
2019-05-08,Karimnagar,Chigurumamidi,0.0,28.5,41.8,14.6,56.6,0.0,7.8
2019-05-09,Karimnagar,Chigurumamidi,0.0,27.4,41.9,10.0,28.1,0.0,11.5
2019-05-10,Karimnagar,Chigurumamidi,0.0,26.9,43.0,9.4,23.0,0.0,11.6
2019-05-11,Karimnagar,Chigurumamidi,0.0,29.4,42.4,9.4,49.4,0.0,10.4
2019-05-12,Karimnagar,Chigurumamidi,0.0,26.7,41.3,23.2,49.0,0.0,15.3
2019-05-13,Karimnagar,Chigurumamidi,0.0,26.8,41.3,18.0,65.9,0.0,9.4
2019-05-14,Karimnagar,Chigurumamidi,0.5,26.9,42.4,21.3,61.2,0.0,14.6
2019-05-15,Karimnagar,Chigurumamidi,0.0,28.8,40.2,18.7,73.2,0.3,14.2
2019-05-16,Karimnagar,Chigurumamidi,0.0,28.6,41.3,22.0,68.4,2.8,14.5
2019-05-17,Karimnagar,Chigurumamidi,0.0,28.8,41.6,15.1,50.6,0.0,11.5
2019-05-18,Karimnagar,Chigurumamidi,0.0,29.1,42.4,16.1,57.5,0.0,3.4
2019-05-19,Karimnagar,Chigurumamidi,0.0,29.0,43.0,10.9,62.2,1.0,13.0
2019-05-20,Karimnagar,Chigurumamidi,0.0,29.1,43.0,12.3,19.7,0.1,12.1
2019-05-21,Karimnagar,Chigurumamidi,0.0,29.5,42.4,15.1,50.8,0.0,5.9
2019-05-22,Karimnagar,Chigurumamidi,0.0,29.2,40.9,18.7,39.7,1.9,10.3
2019-05-23,Karimnagar,Chigurumamidi,0.0,29.8,43.0,17.3,61.2,0.0,8.3
2019-05-24,Karimnagar,Chigurumamidi,0.0,28.9,42.3,20.1,68.8,0.0,9.2
2019-05-25,Karimnagar,Chigurumamidi,0.0,30.2,42.7,20.1,61.2,0.0,7.1
2019-05-26,Karimnagar,Chigurumamidi,0.0,30.5,43.1,14.4,52.3,0.0,7.6
2019-05-27,Karimnagar,Chigurumamidi,0.0,32.2,43.9,12.4,61.2,0.0,8.0
2019-05-28,Karimnagar,Chigurumamidi,0.0,30.1,44.7,11.0,60.2,5.9,11.9
2019-05-29,Karimnagar,Chigurumamidi,0.0,30.8,43.3,15.1,58.6,0.0,10.7
2019-05-30,Karimnagar,Chigurumamidi,0.0,28.9,43.6,13.9,52.4,0.0,9.5
2019-05-31,Karimnagar,Chigurumamidi,0.0,29.7,40.1,25.6,63.8,0.0,10.9
2019-06-01,Karimnagar,Chigurumamidi,0.0,25.3,42.4,20.7,68.2,0.0,21.2
2019-06-02,Karimnagar,Chigurumamidi,0.0,26.8,38.0,27.2,75.7,0.0,9.5
2019-06-03,Karimnagar,Chigurumamidi,0.0,31.2,43.2,19.4,54.7,2.5,12.1
2019-06-04,Karimnagar,Chigurumamidi,4.0,24.6,42.1,24.3,76.7,0.0,30.8
2019-06-05,Karimnagar,Chigurumamidi,0.0,30.2,39.6,32.2,60.9,0.0,11.2
2019-06-06,Karimnagar,Chigurumamidi,0.0,30.4,42.2,21.7,58.7,0.0,15.4
2019-06-07,Karimnagar,Chigurumamidi,0.0,28.3,42.8,20.5,58.5,0.0,27.0
2019-06-08,Karimnagar,Chigurumamidi,43.6,23.3,42.0,22.5,93.4,0.0,14.5
2019-06-09,Karimnagar,Chigurumamidi,0.0,28.0,35.8,41.6,77.8,0.0,10.0
2019-06-10,Karimnagar,Chigurumamidi,0.0,29.6,41.8,26.1,58.9,0.0,12.7
2019-06-11,Karimnagar,Chigurumamidi,0.0,28.3,41.0,26.4,69.4,0.0,15.1
2019-06-12,Karimnagar,Chigurumamidi,0.0,30.7,40.9,25.1,51.9,0.0,13.7
2019-06-13,Karimnagar,Chigurumamidi,0.0,28.8,40.3,28.4,57.3,4.7,15.9
2019-06-14,Karimnagar,Chigurumamidi,0.0,28.8,39.1,29.3,58.4,0.0,16.6
2019-06-15,Karimnagar,Chigurumamidi,0.0,30.3,39.2,30.6,51.7,0.0,15.1
2019-06-16,Karimnagar,Chigurumamidi,0.0,30.8,39.1,24.7,49.7,0.0,20.3
2019-06-17,Karimnagar,Chigurumamidi,0.0,31.9,39.5,24.7,50.1,0.0,20.0
2019-06-18,Karimnagar,Chigurumamidi,0.4,29.4,37.8,32.4,64.0,0.0,17.8
2019-06-19,Karimnagar,Chigurumamidi,0.0,30.8,38.2,25.2,49.4,0.0,17.8
2019-06-20,Karimnagar,Chigurumamidi,0.0,30.3,40.5,24.2,57.7,0.0,15.5
2019-06-21,Karimnagar,Chigurumamidi,37.7,24.3,38.1,35.9,100.0,0.0,33.7
2019-06-22,Karimnagar,Chigurumamidi,0.0,25.8,34.7,58.5,98.8,0.0,14.4
2019-06-23,Karimnagar,Chigurumamidi,2.2,25.2,33.7,58.5,91.3,0.0,18.5
2019-06-24,Karimnagar,Chigurumamidi,1.5,25.0,33.4,63.9,95.4,0.0,7.9
2019-06-25,Karimnagar,Chigurumamidi,1.0,25.7,36.7,50.1,87.9,0.0,10.7
2019-06-26,Karimnagar,Chigurumamidi,0.0,27.8,35.4,51.7,80.7,0.0,8.8
2019-06-27,Karimnagar,Chigurumamidi,0.0,27.3,38.2,39.8,74.3,0.0,14.5
2019-06-28,Karimnagar,Chigurumamidi,0.0,27.7,37.8,40.6,76.9,0.0,15.7
2019-06-29,Karimnagar,Chigurumamidi,0.2,25.4,35.7,45.2,86.2,0.0,20.6
2019-06-30,Karimnagar,Chigurumamidi,5.6,23.5,31.8,57.9,99.1,0.0,16.0
2019-07-01,Karimnagar,Chigurumamidi,22.1,23.2,28.9,72.0,100.0,0.0,22.1
2019-07-02,Karimnagar,Chigurumamidi,22.6,23.9,29.8,75.3,100.0,0.0,16.1
2019-07-03,Karimnagar,Chigurumamidi,53.6,23.2,31.7,72.4,100.0,0.0,16.4
2019-07-04,Karimnagar,Chigurumamidi,0.9,25.6,31.1,74.3,96.2,0.0,15.0
2019-07-05,Karimnagar,Chigurumamidi,0.1,26.3,34.2,57.5,81.8,0.0,15.2
2019-07-06,Karimnagar,Chigurumamidi,6.0,25.1,32.7,61.4,88.7,0.0,16.4
2019-07-07,Karimnagar,Chigurumamidi,0.0,27.1,31.5,60.6,77.8,3.3,20.4
2019-07-08,Karimnagar,Chigurumamidi,27.7,24.4,35.0,55.5,100.0,0.8,18.4
2019-07-09,Karimnagar,Chigurumamidi,2.9,25.3,34.3,65.1,99.1,0.0,17.6
2019-07-10,Karimnagar,Chigurumamidi,1.2,24.5,33.8,63.9,100.0,0.0,18.6
2019-07-11,Karimnagar,Chigurumamidi,5.4,24.8,34.8,61.2,98.6,0.0,16.7
2019-07-12,Karimnagar,Chigurumamidi,6.4,24.5,33.2,64.7,99.2,0.0,19.6
2019-07-13,Karimnagar,Chigurumamidi,0.0,26.7,34.1,62.6,89.6,0.0,16.1
2019-07-14,Karimnagar,Chigurumamidi,0.1,26.3,35.0,57.6,88.9,0.0,14.5
2019-07-15,Karimnagar,Chigurumamidi,1.1,24.5,36.4,48.4,97.4,0.0,15.4
2019-07-16,Karimnagar,Chigurumamidi,0.0,26.7,34.6,53.2,79.1,0.0,14.8
2019-07-17,Karimnagar,Chigurumamidi,0.0,26.2,36.8,46.0,83.5,0.0,13.9
2019-07-18,Karimnagar,Chigurumamidi,0.0,27.1,37.4,44.1,77.5,0.0,18.1
2019-07-19,Karimnagar,Chigurumamidi,0.0,25.6,38.0,43.1,92.6,0.0,15.5
2019-07-20,Karimnagar,Chigurumamidi,65.0,24.2,37.2,47.2,100.0,0.0,5.6
2019-07-21,Karimnagar,Chigurumamidi,0.0,25.6,34.2,79.8,100.0,0.0,3.7
2019-07-22,Karimnagar,Chigurumamidi,0.0,26.2,35.7,64.7,97.9,0.0,11.2
2019-07-23,Karimnagar,Chigurumamidi,0.0,25.2,35.5,59.0,99.5,0.0,11.3
2019-07-24,Karimnagar,Chigurumamidi,0.0,26.5,37.2,48.8,91.0,0.0,21.3
2019-07-25,Karimnagar,Chigurumamidi,0.0,26.9,35.6,59.1,88.5,0.0,15.3
2019-07-26,Karimnagar,Chigurumamidi,46.0,24.1,34.3,63.4,100.0,0.0,22.1
2019-07-27,Karimnagar,Chigurumamidi,25.5,23.9,27.3,95.6,100.0,0.0,15.8
2019-07-28,Karimnagar,Chigurumamidi,24.1,24.0,29.1,89.6,100.0,0.0,14.9
2019-07-29,Karimnagar,Chigurumamidi,58.0,23.3,27.5,93.7,100.0,0.0,14.8
2019-07-30,Karimnagar,Chigurumamidi,40.0,23.2,25.5,99.9,100.0,0.0,14.8
2019-07-31,Karimnagar,Chigurumamidi,0.0,24.2,29.1,89.4,100.0,4.5,15.2
2019-08-01,Karimnagar,Chigurumamidi,2.6,24.5,32.4,75.0,100.0,2.1,16.2
2019-08-02,Karimnagar,Chigurumamidi,38.1,24.0,30.3,82.4,100.0,0.0,15.7
2019-08-03,Karimnagar,Chigurumamidi,30.2,24.1,25.9,98.4,100.0,7.9,14.6
2019-08-04,Karimnagar,Chigurumamidi,11.3,23.7,28.6,94.8,100.0,5.4,15.5
2019-08-05,Karimnagar,Chigurumamidi,0.0,24.6,31.7,85.3,100.0,3.9,15.4
2019-08-06,Karimnagar,Chigurumamidi,25.1,24.1,31.8,83.1,100.0,4.7,16.7
2019-08-07,Karimnagar,Chigurumamidi,25.2,24.2,27.6,95.4,100.0,0.0,19.7
2019-08-08,Karimnagar,Chigurumamidi,17.4,24.2,27.0,98.9,100.0,0.0,13.2
2019-08-09,Karimnagar,Chigurumamidi,16.2,23.1,29.8,89.3,100.0,0.0,14.1
2019-08-10,Karimnagar,Chigurumamidi,1.9,23.6,31.9,82.8,100.0,0.0,15.6
2019-08-11,Karimnagar,Chigurumamidi,0.0,24.6,34.0,74.4,98.5,0.0,13.0
2019-08-12,Karimnagar,Chigurumamidi,0.0,24.4,34.1,71.8,100.0,0.0,15.0
2019-08-13,Karimnagar,Chigurumamidi,4.4,24.6,33.4,76.2,100.0,0.0,13.5
2019-08-14,Karimnagar,Chigurumamidi,0.0,25.2,29.5,88.9,100.0,0.0,13.7
2019-08-15,Karimnagar,Chigurumamidi,2.0,24.4,31.7,84.1,100.0,0.0,12.1
2019-08-16,Karimnagar,Chigurumamidi,0.0,24.4,33.2,78.0,100.0,0.0,9.1
2019-08-17,Karimnagar,Chigurumamidi,0.0,26.2,33.4,74.4,100.0,0.0,14.6
2019-08-18,Karimnagar,Chigurumamidi,0.0,25.3,33.7,75.4,100.0,0.0,6.1
2019-08-19,Karimnagar,Chigurumamidi,12.5,24.3,29.4,95.8,100.0,0.0,5.0
2019-08-20,Karimnagar,Chigurumamidi,0.0,25.4,34.6,73.8,100.0,0.0,6.8
2019-08-21,Karimnagar,Chigurumamidi,0.0,24.9,32.3,81.2,100.0,0.0,15.4
2019-08-22,Karimnagar,Chigurumamidi,0.0,24.4,32.2,80.4,100.0,0.0,14.1
2019-08-23,Karimnagar,Chigurumamidi,16.2,22.6,31.6,85.7,100.0,0.0,12.4
2019-08-24,Karimnagar,Chigurumamidi,1.9,24.7,29.0,98.6,100.0,0.0,7.2
2019-08-25,Karimnagar,Chigurumamidi,0.0,24.3,33.0,68.9,100.0,0.0,16.5
2019-08-26,Karimnagar,Chigurumamidi,2.4,24.3,33.0,74.0,100.0,0.0,15.3
2019-08-27,Karimnagar,Chigurumamidi,0.3,24.0,33.3,68.9,97.0,0.0,13.4
2019-08-28,Karimnagar,Chigurumamidi,0.0,24.3,33.9,56.7,94.9,0.0,11.2
2019-08-29,Karimnagar,Chigurumamidi,0.0,24.0,35.4,47.3,98.3,0.0,7.8
2019-08-30,Karimnagar,Chigurumamidi,8.0,23.9,35.5,55.5,100.0,0.0,11.4
2019-08-31,Karimnagar,Chigurumamidi,25.1,23.5,35.1,64.4,100.0,0.0,10.8
2019-09-01,Karimnagar,Chigurumamidi,26.2,23.3,30.9,82.7,100.0,0.0,14.1
2019-09-02,Karimnagar,Chigurumamidi,10.0,21.9,30.7,82.5,100.0,0.0,17.6
2019-09-03,Karimnagar,Chigurumamidi,4.8,23.0,27.1,91.9,100.0,0.0,11.9
2019-09-04,Karimnagar,Chigurumamidi,0.3,23.8,28.3,93.3,100.0,0.0,10.7
2019-09-05,Karimnagar,Chigurumamidi,0.0,24.3,31.0,84.3,99.9,0.0,14.3
2019-09-06,Karimnagar,Chigurumamidi,0.0,24.2,31.9,80.2,99.0,0.0,13.6
2019-09-07,Karimnagar,Chigurumamidi,0.3,24.4,28.9,88.4,99.6,0.0,16.2
2019-09-08,Karimnagar,Chigurumamidi,0.2,24.3,28.6,88.6,99.4,0.0,12.7
2019-09-09,Karimnagar,Chigurumamidi,4.6,24.2,30.6,83.7,100.0,0.0,14.7
2019-09-11,Karimnagar,Chigurumamidi,3.8,24.0,33.15,72.75,100.0,0.0,14.3
2019-09-12,Karimnagar,Chigurumamidi,0.0,24.95,31.85,74.2,100.0,0.0,14.2
2019-09-13,Karimnagar,Chigurumamidi,2.9,23.75,27.65,87.3,100.0,0.0,13.4
2019-09-14,Karimnagar,Chigurumamidi,0.7,23.1,32.05,75.85,100.0,0.0,13.3
2019-09-15,Karimnagar,Chigurumamidi,0.0,23.7,34.05,63.4,99.9,0.0,7.3
2019-09-16,Karimnagar,Chigurumamidi,0.0,25.35,32.9,68.85,100.0,0.0,10.6
2019-09-17,Karimnagar,Chigurumamidi,0.0,25.05,33.3,71.1,100.0,0.0,9.0
2019-09-18 00:00:00,Karimnagar,Chigurumamidi,10.1,23.1,33.6,75.1,100.0,0.0,13.8
2019-09-19 00:00:00,Karimnagar,Chigurumamidi,1.6,23.7,34.3,77.0,100.0,0.0,7.4
2019-09-20 00:00:00,Karimnagar,Chigurumamidi,0.7,22.8,33.5,77.8,100.0,0.0,5.3
2019-09-21 00:00:00,Karimnagar,Chigurumamidi,27.7,23.5,32.8,79.6,100.0,0.0,0.9
2019-09-22 00:00:00,Karimnagar,Chigurumamidi,22.1,23.4,32.9,81.1,100.0,0.0,9.0
2019-09-23 00:00:00,Karimnagar,Chigurumamidi,7.3,23.4,36.2,56.9,100.0,0.0,2.8
2019-09-24 00:00:00,Karimnagar,Chigurumamidi,6.5,22.9,36.0,66.2,100.0,0.0,2.7
2019-09-25 00:00:00,Karimnagar,Chigurumamidi,59.6,22.3,34.2,81.4,100.0,0.0,3.2
2019-09-26 00:00:00,Karimnagar,Chigurumamidi,0.8,24.35,30.95,92.45,100.0,0.0,8.0
2019-09-27 00:00:00,Karimnagar,Chigurumamidi,24.7,21.65,28.5,96.5,100.0,0.0,9.3
2019-09-28 00:00:00,Karimnagar,Chigurumamidi,4.1,22.7,33.2,83.45,100.0,0.0,4.9
2019-09-29 00:00:00,Karimnagar,Chigurumamidi,11.4,21.9,34.15,78.4,100.0,0.0,7.5
2019-09-30 00:00:00,Karimnagar,Chigurumamidi,12.6,22.5,35.2,73.8,100.0,0.0,5.4
2019-10-01,Karimnagar,Chigurumamidi,0.2,22.65,34.25,80.55,100.0,0.0,3.8
2019-10-02,Karimnagar,Chigurumamidi,18.6,21.9,34.3,70.7,100.0,0.0,6.9
2019-10-03,Karimnagar,Chigurumamidi,0.0,23.4,33.5,75.0,100.0,0.0,4.8
2019-10-04,Karimnagar,Chigurumamidi,0.0,22.1,34.6,61.5,100.0,0.0,3.1
2019-10-05,Karimnagar,Chigurumamidi,0.0,22.2,35.7,57.8,100.0,0.0,1.1
2019-10-06,Karimnagar,Chigurumamidi,0.0,23.0,35.6,64.0,100.0,0.0,6.6
2019-10-07,Karimnagar,Chigurumamidi,0.0,22.1,34.5,65.8,100.0,0.0,12.4
2019-10-08,Karimnagar,Chigurumamidi,0.0,22.2,35.2,56.0,100.0,0.0,0.3
2019-10-09,Karimnagar,Chigurumamidi,0.0,22.6,34.5,66.0,100.0,0.0,2.1
2019-10-10,Karimnagar,Chigurumamidi,0.0,22.6,35.1,54.7,100.0,0.0,2.6
2019-10-11,Karimnagar,Chigurumamidi,10.9,22.2,35.2,56.6,100.0,0.0,12.1
2019-10-12,Karimnagar,Chigurumamidi,7.6,21.9,34.8,70.3,100.0,0.0,9.6
2019-10-13,Karimnagar,Chigurumamidi,0.0,22.4,35.9,65.4,100.0,0.0,0.5
2019-10-14,Karimnagar,Chigurumamidi,0.0,23.0,34.4,69.2,100.0,0.0,1.6
2019-10-15,Karimnagar,Chigurumamidi,0.0,21.9,34.5,66.0,100.0,0.0,5.1
2019-10-16,Karimnagar,Chigurumamidi,0.0,22.8,34.2,59.8,100.0,0.0,5.4
2019-10-17,Karimnagar,Chigurumamidi,3.4,21.6,32.8,69.6,100.0,0.1,5.4
2019-10-18,Karimnagar,Chigurumamidi,15.6,22.5,35.2,55.4,100.0,0.0,8.2
2019-10-19,Karimnagar,Chigurumamidi,37.6,21.9,33.1,77.5,100.0,0.1,7.0
2019-10-20,Karimnagar,Chigurumamidi,48.6,21.9,33.7,70.0,100.0,0.1,4.7
2019-10-21,Karimnagar,Chigurumamidi,45.5,22.5,31.9,84.8,100.0,0.0,5.6
2019-10-22,Karimnagar,Chigurumamidi,0.0,21.8,31.8,72.0,100.0,0.0,2.6
2019-10-23,Karimnagar,Chigurumamidi,0.0,23.3,32.5,76.5,100.0,0.0,3.9
2019-10-24,Karimnagar,Chigurumamidi,0.3,21.7,33.4,76.0,100.0,0.0,10.3
2019-10-25,Karimnagar,Chigurumamidi,24.8,21.8,33.4,68.6,100.0,0.0,9.4
2019-10-26,Karimnagar,Chigurumamidi,0.4,23.5,32.6,76.4,100.0,0.0,3.6
2019-10-27,Karimnagar,Chigurumamidi,0.0,23.0,34.6,58.6,100.0,0.0,6.5
2019-10-28,Karimnagar,Chigurumamidi,0.0,22.7,34.0,60.2,100.0,0.0,3.9
2019-10-29,Karimnagar,Chigurumamidi,0.3,21.5,34.4,71.0,100.0,0.0,8.6
2019-10-30,Karimnagar,Chigurumamidi,0.8,22.8,33.8,66.9,100.0,0.0,10.8
2019-10-31,Karimnagar,Chigurumamidi,25.3,21.6,35.1,61.8,100.0,0.0,9.3
2019-11-01,Karimnagar,Chigurumamidi,0.0,22.4,29.5,94.3,100.0,0.0,4.2
2019-11-02,Karimnagar,Chigurumamidi,0.0,22.1,34.3,59.6,100.0,0.0,1.3
2019-11-03,Karimnagar,Chigurumamidi,4.5,21.1,34.4,60.1,100.0,0.0,4.4
2019-11-04,Karimnagar,Chigurumamidi,0.0,20.6,33.9,60.5,100.0,0.0,5.0
2019-11-05,Karimnagar,Chigurumamidi,0.0,20.2,34.1,55.7,100.0,0.0,4.7
2019-11-06,Karimnagar,Chigurumamidi,0.0,21.3,34.0,55.3,100.0,0.0,3.7
2019-11-07,Karimnagar,Chigurumamidi,0.0,20.2,34.3,52.9,100.0,0.0,2.8
2019-11-08,Karimnagar,Chigurumamidi,0.0,19.9,33.7,48.8,100.0,0.0,4.2
2019-11-09,Karimnagar,Chigurumamidi,0.0,19.5,33.5,50.8,100.0,0.0,3.3
2019-11-10,Karimnagar,Chigurumamidi,0.0,17.9,32.4,50.1,100.0,0.0,4.3
2019-11-11,Karimnagar,Chigurumamidi,0.0,18.9,33.1,46.0,100.0,0.0,3.5
2019-11-12,Karimnagar,Chigurumamidi,0.0,18.4,33.4,46.8,100.0,0.0,4.4
2019-11-13,Karimnagar,Chigurumamidi,0.0,15.8,32.6,39.2,100.0,0.0,4.7
2019-11-14,Karimnagar,Chigurumamidi,0.0,17.5,32.4,39.7,100.0,0.0,5.5
2019-11-15,Karimnagar,Chigurumamidi,0.0,18.9,32.7,43.6,100.0,0.0,3.0
2019-11-16,Karimnagar,Chigurumamidi,0.0,18.4,32.6,40.7,100.0,0.0,1.8
2019-11-17,Karimnagar,Chigurumamidi,0.0,18.1,34.2,39.1,100.0,0.0,5.4
2019-11-18,Karimnagar,Chigurumamidi,0.0,16.7,33.7,38.5,100.0,0.0,5.1
2019-11-19,Karimnagar,Chigurumamidi,0.0,17.9,33.6,40.6,100.0,0.0,6.8
2019-11-20,Karimnagar,Chigurumamidi,0.0,17.6,33.2,37.1,100.0,0.0,2.2
2019-11-21,Karimnagar,Chigurumamidi,0.0,18.9,32.8,46.5,100.0,0.0,4.2
2019-11-22,Karimnagar,Chigurumamidi,0.0,17.8,32.8,47.6,100.0,0.0,4.1
2019-11-23,Karimnagar,Chigurumamidi,0.0,16.3,33.3,38.8,100.0,0.0,4.6
2019-11-24,Karimnagar,Chigurumamidi,0.0,15.4,32.2,36.4,100.0,0.0,3.3
2019-11-25,Karimnagar,Chigurumamidi,0.0,16.4,32.1,41.1,100.0,0.0,3.6
2019-11-26,Karimnagar,Chigurumamidi,0.0,16.9,31.5,46.6,100.0,0.0,9.7
2019-11-27,Karimnagar,Chigurumamidi,0.0,16.5,32.4,42.3,100.0,0.0,5.4
2019-11-28,Karimnagar,Chigurumamidi,0.0,16.5,32.4,37.4,100.0,0.0,2.3
2019-11-29,Karimnagar,Chigurumamidi,0.0,17.8,32.6,45.0,100.0,0.0,6.6
2019-11-30,Karimnagar,Chigurumamidi,0.0,17.8,32.4,47.9,100.0,0.0,5.7
2019-12-01,Karimnagar,Chigurumamidi,0.0,18.9,33.2,45.0,100.0,0.0,3.4
2019-12-02,Karimnagar,Chigurumamidi,0.0,21.5,32.3,52.6,97.6,0.0,0.7
2019-12-03,Karimnagar,Chigurumamidi,3.1,21.1,27.9,75.9,100.0,0.0,8.8
2019-12-04,Karimnagar,Chigurumamidi,0.0,18.55,31.7,55.0,100.0,0.0,6.8
2019-12-05,Karimnagar,Chigurumamidi,0.0,16.8,30.85,46.55,100.0,0.0,4.1
2019-12-06,Karimnagar,Chigurumamidi,0.0,14.8,30.85,45.5,100.0,0.0,9.6
2019-12-07,Karimnagar,Chigurumamidi,0.0,15.4,30.65,43.1,100.0,0.0,6.0
2019-12-08,Karimnagar,Chigurumamidi,0.0,16.2,29.65,42.85,100.0,0.0,7.1
2019-12-09,Karimnagar,Chigurumamidi,0.0,17.55,30.95,49.15,100.0,0.0,7.3
2019-12-10,Karimnagar,Chigurumamidi,0.0,17.95,31.3,45.85,100.0,0.0,2.8
2019-12-11,Karimnagar,Chigurumamidi,0.0,16.35,32.3,40.4,100.0,0.0,6.3
2019-12-12,Karimnagar,Chigurumamidi,0.0,16.2,31.75,36.45,100.0,0.0,8.3
2019-12-13,Karimnagar,Chigurumamidi,0.0,18.55,31.2,39.0,100.0,0.0,11.9
2019-12-14,Karimnagar,Chigurumamidi,0.0,19.15,32.4,43.75,100.0,0.0,12.1
2019-12-15,Karimnagar,Chigurumamidi,0.0,19.05,32.1,46.05,100.0,0.0,7.5
2019-12-16,Karimnagar,Chigurumamidi,0.0,17.15,32.2,38.65,100.0,0.0,14.0
2019-12-17,Karimnagar,Chigurumamidi,0.0,16.6,31.9,41.75,100.0,0.0,2.4
2019-12-18,Karimnagar,Chigurumamidi,0.0,16.65,30.45,47.75,100.0,0.0,3.3
2019-12-19,Karimnagar,Chigurumamidi,0.0,15.25,30.9,46.6,100.0,0.0,3.5
2019-12-20,Karimnagar,Chigurumamidi,0.0,15.8,31.4,49.5,100.0,0.0,6.6
2019-12-21,Karimnagar,Chigurumamidi,0.0,16.6,31.75,42.7,99.9,0.0,6.0
2019-12-22,Karimnagar,Chigurumamidi,0.0,16.25,30.15,42.55,100.0,0.0,3.2
2019-12-23,Karimnagar,Chigurumamidi,0.0,16.75,30.55,40.25,100.0,0.0,6.5
2019-12-24,Karimnagar,Chigurumamidi,0.0,16.55,29.75,47.95,100.0,0.0,6.5
2019-12-25,Karimnagar,Chigurumamidi,0.0,17.5,30.05,44.05,100.0,0.0,6.8
2019-12-26,Karimnagar,Chigurumamidi,0.0,19.95,31.6,42.2,87.8,0.0,2.2
2019-12-27,Karimnagar,Chigurumamidi,0.0,19.2,29.1,58.55,100.0,0.0,5.4
2019-12-28,Karimnagar,Chigurumamidi,0.0,17.15,28.9,59.9,87.45,0.0,6.4
2019-12-29,Karimnagar,Chigurumamidi,0.0,13.15,27.95,41.95,78.35,0.0,5.9
2019-12-30,Karimnagar,Chigurumamidi,0.0,13.7,28.15,32.75,87.4,0.0,6.9
2019-12-31,Karimnagar,Chigurumamidi,0.0,19.05,29.4,44.3,91.4,0.0,4.9
