Date,District,Mandal,Rainfall (mm),temp_min (⁰C),temp_max (⁰C),humidity_min (%),Humidity_max (%),wind_speed_min (Kmph),wind_speed_max (Kmph)
2019-01-01,Karimnagar,Ellandakunta,0.0,12.2,27.3,22.4,80.2,0.0,6.7
2019-01-02,Karimnagar,Ellandakunta,0.0,12.4,29.0,23.0,79.8,0.0,7.0
2019-01-03,Karimnagar,Ellandakunta,0.0,14.6,31.1,25.2,73.9,0.0,6.3
2019-01-04,Karimnagar,Ellandakunta,0.0,14.9,30.9,28.7,93.1,0.0,2.7
2019-01-05,Karimnagar,Ellandakunta,0.0,17.4,31.2,31.8,79.1,0.0,8.0
2019-01-06,Karimnagar,Ellandakunta,0.0,17.1,30.1,38.1,88.5,0.0,13.4
2019-01-07,Karimnagar,Ellandakunta,0.0,16.1,29.3,45.0,94.1,0.0,19.7
2019-01-08,Karimnagar,Ellandakunta,0.0,16.8,29.8,41.9,90.7,0.0,6.0
2019-01-09,Karimnagar,Ellandakunta,0.0,13.4,28.3,31.3,90.0,0.0,7.5
2019-01-10,Karimnagar,Ellandakunta,0.0,13.3,29.5,23.6,92.3,0.0,7.1
2019-01-11,Karimnagar,Ellandakunta,0.0,16.8,29.9,28.2,96.3,0.0,6.3
2019-01-12,Karimnagar,Ellandakunta,0.0,18.0,30.1,41.0,85.4,0.0,13.8
2019-01-13,Karimnagar,Ellandakunta,0.0,19.6,30.0,45.1,86.5,0.0,14.5
2019-01-14,Karimnagar,Ellandakunta,0.0,17.3,29.8,48.5,95.1,0.0,14.4
2019-01-15,Karimnagar,Ellandakunta,0.0,18.6,31.9,40.0,88.7,0.0,9.6
2019-01-16,Karimnagar,Ellandakunta,0.0,17.1,31.4,40.0,82.5,0.0,8.4
2019-01-17,Karimnagar,Ellandakunta,0.0,14.9,32.6,22.8,80.2,0.0,8.6
2019-01-18,Karimnagar,Ellandakunta,0.0,15.7,32.2,37.8,92.1,0.0,8.1
2019-01-19,Karimnagar,Ellandakunta,0.0,16.7,30.8,44.4,91.1,0.0,8.4
2019-01-20,Karimnagar,Ellandakunta,0.0,14.9,32.4,30.2,86.5,0.0,10.2
2019-01-21,Karimnagar,Ellandakunta,0.0,15.5,34.4,24.8,95.5,0.0,7.0
2019-01-22,Karimnagar,Ellandakunta,0.0,17.1,33.2,25.3,95.0,0.0,10.0
2019-01-23,Karimnagar,Ellandakunta,0.0,18.9,31.2,38.9,93.8,0.0,18.1
2019-01-24,Karimnagar,Ellandakunta,0.0,19.7,32.2,43.4,89.7,0.0,13.7
2019-01-25,Karimnagar,Ellandakunta,0.0,20.8,30.9,47.5,94.5,0.0,14.5
2019-01-26,Karimnagar,Ellandakunta,0.0,22.8,30.4,54.5,83.1,3.0,14.6
2019-01-27,Karimnagar,Ellandakunta,44.5,19.9,27.9,61.9,97.2,0.0,15.2
2019-01-28,Karimnagar,Ellandakunta,0.0,18.9,22.6,89.4,100.0,0.0,3.7
2019-01-29,Karimnagar,Ellandakunta,0.0,12.9,24.6,61.9,95.1,0.0,9.9
2019-01-30,Karimnagar,Ellandakunta,0.0,12.0,26.3,33.7,90.9,0.0,11.8
2019-01-31,Karimnagar,Ellandakunta,0.0,14.2,27.5,32.7,82.1,0.0,6.9
2019-02-01,Karimnagar,Ellandakunta,0.0,18.9,29.1,44.9,95.4,0.0,13.2
2019-02-02,Karimnagar,Ellandakunta,0.0,17.1,34.8,44.4,94.5,0.0,14.8
2019-02-03,Karimnagar,Ellandakunta,0.0,18.9,30.4,44.9,91.7,0.0,12.1
2019-02-04,Karimnagar,Ellandakunta,0.0,19.5,32.9,38.5,82.2,0.0,8.0
2019-02-05,Karimnagar,Ellandakunta,0.0,17.8,32.5,35.5,88.8,0.0,9.3
2019-02-06,Karimnagar,Ellandakunta,0.0,18.7,33.2,39.8,90.4,0.0,6.9
2019-02-07,Karimnagar,Ellandakunta,0.0,19.9,34.4,39.4,80.5,0.0,16.3
2019-02-08,Karimnagar,Ellandakunta,0.0,21.7,35.0,34.6,89.1,0.0,16.0
2019-02-09,Karimnagar,Ellandakunta,0.0,17.8,31.2,58.7,95.4,0.0,11.0
2019-02-10,Karimnagar,Ellandakunta,0.0,12.4,30.8,20.5,77.5,0.0,14.6
2019-02-11,Karimnagar,Ellandakunta,0.0,17.9,30.5,31.4,69.1,0.0,10.7
2019-02-12,Karimnagar,Ellandakunta,0.0,20.7,35.8,46.9,100.0,0.0,15.0
2019-02-13,Karimnagar,Ellandakunta,0.0,20.4,35.2,40.3,89.4,0.0,12.7
2019-02-14,Karimnagar,Ellandakunta,0.0,19.8,36.1,27.3,100.0,0.0,9.7
2019-02-15,Karimnagar,Ellandakunta,0.0,19.7,32.0,35.7,100.0,0.0,14.1
2019-02-16,Karimnagar,Ellandakunta,0.0,23.0,36.3,31.4,94.1,0.0,16.9
2019-02-17,Karimnagar,Ellandakunta,0.0,23.6,33.9,49.0,100.0,0.0,12.0
2019-02-18,Karimnagar,Ellandakunta,0.0,21.5,36.5,62.0,95.7,0.0,6.5
2019-02-19,Karimnagar,Ellandakunta,0.0,23.2,35.0,39.1,100.0,0.0,9.0
2019-02-20,Karimnagar,Ellandakunta,0.0,25.2,36.6,42.5,91.4,0.0,15.7
2019-02-21,Karimnagar,Ellandakunta,0.0,21.7,35.8,46.2,92.5,1.5,5.2
2019-02-22,Karimnagar,Ellandakunta,0.0,21.6,35.8,37.4,78.8,0.0,13.3
2019-02-23,Karimnagar,Ellandakunta,0.0,21.3,37.0,26.7,72.5,0.0,7.5
2019-02-24,Karimnagar,Ellandakunta,0.0,19.9,38.0,29.3,61.5,0.0,6.8
2019-02-25,Karimnagar,Ellandakunta,0.0,19.9,37.9,25.0,64.3,3.7,14.5
2019-02-26,Karimnagar,Ellandakunta,0.0,20.1,37.2,26.3,86.3,0.0,7.5
2019-02-27,Karimnagar,Ellandakunta,0.0,22.3,34.6,36.8,75.2,0.0,10.1
2019-02-28,Karimnagar,Ellandakunta,0.0,20.8,33.1,46.1,90.3,0.0,12.3
2019-03-01,Karimnagar,Ellandakunta,0.0,19.1,33.2,32.3,70.0,0.5,10.7
2019-03-02,Karimnagar,Ellandakunta,0.0,22.9,35.4,41.9,90.0,0.0,11.4
2019-03-03,Karimnagar,Ellandakunta,0.0,23.1,34.0,43.3,86.2,8.2,18.5
2019-03-04,Karimnagar,Ellandakunta,0.0,22.9,34.2,38.5,86.3,4.6,17.9
2019-03-05,Karimnagar,Ellandakunta,0.0,23.0,37.7,34.7,87.8,5.4,8.2
2019-03-06,Karimnagar,Ellandakunta,0.0,17.6,35.5,33.8,74.9,2.4,8.6
2019-03-07,Karimnagar,Ellandakunta,0.0,17.4,33.7,21.3,85.4,0.0,15.1
2019-03-08,Karimnagar,Ellandakunta,0.0,19.3,37.0,25.8,83.0,0.0,7.5
2019-03-09,Karimnagar,Ellandakunta,0.0,20.8,35.6,23.2,99.9,0.0,13.2
2019-03-10,Karimnagar,Ellandakunta,0.0,23.2,36.3,41.1,93.1,0.0,15.1
2019-03-11,Karimnagar,Ellandakunta,0.0,23.3,37.0,38.3,94.1,5.3,14.1
2019-03-12,Karimnagar,Ellandakunta,0.0,24.2,37.4,32.5,82.0,0.0,15.3
2019-03-13,Karimnagar,Ellandakunta,0.0,22.4,37.9,31.6,89.4,0.0,13.7
2019-03-14,Karimnagar,Ellandakunta,0.0,21.0,37.5,17.3,79.3,0.0,14.8
2019-03-15,Karimnagar,Ellandakunta,0.0,19.8,39.4,13.3,80.6,0.0,15.1
2019-03-16,Karimnagar,Ellandakunta,0.0,19.9,38.0,21.1,73.1,0.0,17.2
2019-03-17,Karimnagar,Ellandakunta,0.0,22.8,37.3,25.0,92.6,0.0,16.0
2019-03-18,Karimnagar,Ellandakunta,0.0,21.1,36.9,30.5,91.4,0.0,17.0
2019-03-19,Karimnagar,Ellandakunta,0.0,21.6,33.8,40.2,89.4,0.0,15.3
2019-03-20,Karimnagar,Ellandakunta,0.0,23.8,37.2,38.3,90.4,0.0,15.3
2019-03-21,Karimnagar,Ellandakunta,0.0,23.7,35.3,44.0,88.4,0.0,19.1
2019-03-22,Karimnagar,Ellandakunta,0.0,23.0,37.5,25.8,91.3,0.0,18.5
2019-03-23,Karimnagar,Ellandakunta,0.0,22.4,37.3,35.8,89.9,0.0,14.7
2019-03-24,Karimnagar,Ellandakunta,0.0,23.3,38.9,33.9,85.2,0.0,8.5
2019-03-25,Karimnagar,Ellandakunta,0.0,22.9,38.8,28.4,87.2,0.0,8.1
2019-03-26,Karimnagar,Ellandakunta,0.0,23.2,38.2,28.3,81.7,0.0,10.6
2019-03-27,Karimnagar,Ellandakunta,0.0,23.0,37.8,28.5,82.2,0.1,13.5
2019-03-28,Karimnagar,Ellandakunta,0.0,23.1,38.7,29.3,79.9,0.0,13.7
2019-03-29,Karimnagar,Ellandakunta,0.0,23.6,41.2,25.5,84.3,0.0,9.9
2019-03-30,Karimnagar,Ellandakunta,0.0,23.0,40.5,19.5,90.7,0.0,14.1
2019-03-31,Karimnagar,Ellandakunta,0.0,23.3,39.4,29.9,93.6,0.0,15.2
2019-04-01,Karimnagar,Ellandakunta,0.0,24.7,42.6,19.1,77.0,0.0,14.1
2019-04-02,Karimnagar,Ellandakunta,0.0,24.0,41.7,21.5,89.9,0.6,16.1
2019-04-03,Karimnagar,Ellandakunta,0.0,23.4,38.8,25.9,91.2,0.1,16.1
2019-04-04,Karimnagar,Ellandakunta,0.0,23.6,38.1,33.9,92.6,6.1,15.6
2019-04-05,Karimnagar,Ellandakunta,0.0,24.5,37.2,34.6,68.3,3.7,15.5
2019-04-06,Karimnagar,Ellandakunta,0.0,22.9,38.7,20.9,82.9,0.0,12.2
2019-04-07,Karimnagar,Ellandakunta,0.0,22.8,41.5,22.2,76.3,0.0,18.4
2019-04-08,Karimnagar,Ellandakunta,0.0,24.6,40.6,26.6,90.7,0.0,16.8
2019-04-09,Karimnagar,Ellandakunta,0.0,25.0,39.3,29.9,93.0,0.0,16.0
2019-04-10,Karimnagar,Ellandakunta,0.0,26.1,39.2,35.8,89.8,2.6,18.6
2019-04-11,Karimnagar,Ellandakunta,0.0,24.4,39.2,31.1,89.6,0.0,17.8
2019-04-12,Karimnagar,Ellandakunta,0.0,25.9,43.0,19.5,71.2,0.0,13.9
2019-04-13,Karimnagar,Ellandakunta,0.0,22.5,43.3,19.5,79.0,0.0,15.0
2019-04-14,Karimnagar,Ellandakunta,0.0,24.9,41.1,18.2,77.0,0.0,14.9
2019-04-15,Karimnagar,Ellandakunta,0.0,24.8,41.6,22.2,78.4,0.0,12.4
2019-04-16,Karimnagar,Ellandakunta,0.0,22.2,41.2,20.9,61.0,0.0,13.6
2019-04-17,Karimnagar,Ellandakunta,0.0,23.0,40.5,18.7,59.5,0.0,15.0
2019-04-18,Karimnagar,Ellandakunta,3.3,21.9,38.9,28.6,92.2,0.0,13.8
2019-04-19,Karimnagar,Ellandakunta,0.0,25.1,38.7,31.8,91.8,0.0,17.9
2019-04-20,Karimnagar,Ellandakunta,0.8,22.7,39.5,29.6,90.8,0.0,15.3
2019-04-21,Karimnagar,Ellandakunta,0.0,25.8,40.5,25.9,86.0,0.0,21.7
2019-04-22,Karimnagar,Ellandakunta,0.0,25.7,39.1,32.4,71.8,0.0,17.1
2019-04-23,Karimnagar,Ellandakunta,0.0,25.4,39.0,18.1,65.3,0.0,15.4
2019-04-24,Karimnagar,Ellandakunta,0.0,23.4,40.9,16.4,72.8,0.0,16.2
2019-04-25,Karimnagar,Ellandakunta,0.0,27.0,41.4,16.6,67.2,0.0,13.7
2019-04-26,Karimnagar,Ellandakunta,0.0,25.1,43.3,18.8,66.7,0.0,18.6
2019-04-27,Karimnagar,Ellandakunta,0.0,26.8,43.3,21.8,70.4,0.0,18.8
2019-04-28,Karimnagar,Ellandakunta,0.0,27.2,43.4,21.1,74.5,0.0,17.0
2019-04-29,Karimnagar,Ellandakunta,0.0,27.0,42.4,20.9,80.4,3.7,14.9
2019-04-30,Karimnagar,Ellandakunta,0.0,27.0,42.6,18.0,72.7,1.2,15.4
2019-05-01,Karimnagar,Ellandakunta,0.0,29.0,43.2,20.1,74.5,0.0,17.2
2019-05-02,Karimnagar,Ellandakunta,0.0,28.6,42.5,28.9,63.9,0.0,15.3
2019-05-03,Karimnagar,Ellandakunta,0.0,26.7,43.7,13.3,51.9,0.0,14.3
2019-05-04,Karimnagar,Ellandakunta,0.0,28.8,41.4,16.0,33.0,0.0,14.5
2019-05-05,Karimnagar,Ellandakunta,0.0,29.1,42.7,14.4,34.0,0.0,16.1
2019-05-06,Karimnagar,Ellandakunta,0.0,27.1,43.5,12.4,36.2,0.0,13.9
2019-05-07,Karimnagar,Ellandakunta,0.0,29.4,42.7,14.4,59.1,0.0,12.5
2019-05-08,Karimnagar,Ellandakunta,0.0,28.0,44.2,13.7,65.4,0.0,13.9
2019-05-09,Karimnagar,Ellandakunta,0.0,26.7,43.1,16.9,51.4,0.0,14.4
2019-05-10,Karimnagar,Ellandakunta,0.0,26.1,45.8,6.9,43.9,0.0,13.2
2019-05-11,Karimnagar,Ellandakunta,0.0,28.3,43.7,14.8,56.7,0.0,10.5
2019-05-12,Karimnagar,Ellandakunta,3.8,26.1,41.6,30.6,77.7,0.0,16.1
2019-05-13,Karimnagar,Ellandakunta,0.0,28.9,43.5,16.0,80.8,0.0,15.8
2019-05-14,Karimnagar,Ellandakunta,14.0,27.5,44.6,15.0,70.4,0.0,15.2
2019-05-15,Karimnagar,Ellandakunta,0.0,28.5,41.4,28.2,83.6,0.0,15.4
2019-05-16,Karimnagar,Ellandakunta,0.0,28.1,41.9,24.9,71.0,0.4,24.3
2019-05-17,Karimnagar,Ellandakunta,0.0,28.4,43.2,16.5,76.8,0.0,18.9
2019-05-18,Karimnagar,Ellandakunta,0.0,28.8,45.0,12.7,71.3,0.0,11.4
2019-05-19,Karimnagar,Ellandakunta,0.0,30.3,44.0,7.5,60.3,0.0,12.9
2019-05-20,Karimnagar,Ellandakunta,0.0,29.2,44.3,13.8,68.5,0.0,14.5
2019-05-21,Karimnagar,Ellandakunta,0.0,29.1,43.4,13.4,62.7,0.5,15.3
2019-05-22,Karimnagar,Ellandakunta,0.0,28.7,44.2,15.6,64.2,0.1,18.1
2019-05-23,Karimnagar,Ellandakunta,0.0,29.0,42.5,18.8,67.5,0.0,22.4
2019-05-24,Karimnagar,Ellandakunta,0.0,30.3,43.9,20.3,65.0,4.5,21.6
2019-05-25,Karimnagar,Ellandakunta,0.0,30.8,44.2,17.5,57.5,0.0,22.7
2019-05-26,Karimnagar,Ellandakunta,0.0,31.0,46.1,12.6,58.9,0.0,14.5
2019-05-27,Karimnagar,Ellandakunta,0.0,32.0,46.9,10.3,51.1,0.0,16.4
2019-05-28,Karimnagar,Ellandakunta,0.0,31.2,46.3,9.1,58.5,0.0,21.6
2019-05-29,Karimnagar,Ellandakunta,0.0,31.3,46.3,13.2,56.5,0.0,17.1
2019-05-30,Karimnagar,Ellandakunta,0.0,29.0,43.7,17.5,50.7,0.0,23.7
2019-05-31,Karimnagar,Ellandakunta,0.0,29.0,43.2,23.2,79.0,4.7,24.8
2019-06-01,Karimnagar,Ellandakunta,0.0,27.8,42.6,19.8,68.7,0.0,22.0
2019-06-02,Karimnagar,Ellandakunta,0.0,26.2,38.1,29.2,90.7,0.0,16.7
2019-06-03,Karimnagar,Ellandakunta,0.0,31.9,44.7,15.2,54.3,0.0,23.2
2019-06-04,Karimnagar,Ellandakunta,0.0,26.7,42.9,21.4,63.9,0.0,23.0
2019-06-05,Karimnagar,Ellandakunta,0.0,30.5,41.6,24.5,68.3,0.0,15.2
2019-06-06,Karimnagar,Ellandakunta,0.0,31.3,44.7,19.1,68.9,0.0,23.0
2019-06-07,Karimnagar,Ellandakunta,0.0,29.3,42.9,26.4,61.6,0.0,28.1
2019-06-08,Karimnagar,Ellandakunta,10.0,25.3,41.8,20.6,78.2,0.0,14.2
2019-06-09,Karimnagar,Ellandakunta,0.0,27.9,38.4,33.7,66.8,0.0,10.5
2019-06-10,Karimnagar,Ellandakunta,0.0,32.2,42.0,18.2,87.8,0.0,16.0
2019-06-11,Karimnagar,Ellandakunta,0.0,29.0,42.9,23.0,74.9,0.0,18.5
2019-06-12,Karimnagar,Ellandakunta,0.0,31.5,42.2,28.9,68.3,0.0,15.2
2019-06-13,Karimnagar,Ellandakunta,0.0,29.5,42.0,30.2,58.6,5.7,19.1
2019-06-14,Karimnagar,Ellandakunta,0.0,30.1,42.0,30.2,60.1,6.4,18.4
2019-06-15,Karimnagar,Ellandakunta,0.0,31.4,40.8,32.3,52.9,3.8,20.3
2019-06-16,Karimnagar,Ellandakunta,0.0,30.8,40.9,28.1,49.6,3.1,22.0
2019-06-17,Karimnagar,Ellandakunta,0.0,30.7,40.9,27.5,58.6,0.0,20.6
2019-06-18,Karimnagar,Ellandakunta,0.0,28.8,37.9,37.7,67.2,0.0,18.1
2019-06-19,Karimnagar,Ellandakunta,0.0,31.5,39.6,31.3,51.5,0.0,18.3
2019-06-20,Karimnagar,Ellandakunta,0.0,31.3,41.3,30.2,59.6,0.0,20.3
2019-06-21,Karimnagar,Ellandakunta,39.0,24.3,38.3,34.3,99.6,0.3,15.7
2019-06-22,Karimnagar,Ellandakunta,0.0,26.2,34.3,56.0,96.1,0.0,13.4
2019-06-23,Karimnagar,Ellandakunta,1.5,24.0,34.1,57.7,92.7,0.0,16.2
2019-06-24,Karimnagar,Ellandakunta,0.0,25.1,32.5,75.3,92.7,0.0,12.4
2019-06-25,Karimnagar,Ellandakunta,0.0,26.3,37.8,39.4,84.9,0.0,15.5
2019-06-26,Karimnagar,Ellandakunta,0.0,27.7,38.5,36.7,86.5,4.5,16.5
2019-06-27,Karimnagar,Ellandakunta,0.0,28.5,39.4,48.4,76.9,0.0,17.2
2019-06-28,Karimnagar,Ellandakunta,0.0,28.6,39.3,38.8,76.9,0.0,15.3
2019-06-29,Karimnagar,Ellandakunta,0.0,27.3,37.9,45.6,90.8,0.0,15.5
2019-06-30,Karimnagar,Ellandakunta,15.8,24.5,32.6,63.7,99.4,5.7,16.9
2019-07-01,Karimnagar,Ellandakunta,15.8,23.9,30.1,76.9,99.9,0.0,17.2
2019-07-02,Karimnagar,Ellandakunta,4.8,24.0,32.4,77.0,97.3,0.0,12.7
2019-07-03,Karimnagar,Ellandakunta,45.3,23.5,30.7,74.5,97.6,0.0,20.6
2019-07-04,Karimnagar,Ellandakunta,0.3,27.3,32.4,70.6,91.6,0.0,19.0
2019-07-05,Karimnagar,Ellandakunta,0.0,26.9,35.9,54.6,80.2,0.0,18.5
2019-07-06,Karimnagar,Ellandakunta,14.5,24.1,32.6,60.9,99.1,0.0,15.5
2019-07-07,Karimnagar,Ellandakunta,0.0,27.0,31.6,63.7,95.8,0.0,19.7
2019-07-08,Karimnagar,Ellandakunta,13.3,23.5,34.0,53.3,95.6,0.0,27.5
2019-07-09,Karimnagar,Ellandakunta,0.5,25.2,34.2,57.3,95.9,0.0,22.2
2019-07-10,Karimnagar,Ellandakunta,19.0,24.7,33.2,58.5,99.9,0.0,14.7
2019-07-11,Karimnagar,Ellandakunta,8.0,25.9,34.3,56.6,87.0,0.0,14.4
2019-07-12,Karimnagar,Ellandakunta,1.8,24.5,33.6,57.7,91.8,0.0,18.8
2019-07-13,Karimnagar,Ellandakunta,0.0,27.3,35.2,54.6,95.3,0.0,14.2
2019-07-14,Karimnagar,Ellandakunta,1.3,25.8,34.8,53.4,93.9,0.0,15.3
2019-07-15,Karimnagar,Ellandakunta,0.5,26.2,35.9,48.3,86.3,0.0,16.7
2019-07-16,Karimnagar,Ellandakunta,0.0,25.8,35.6,46.2,90.8,0.0,15.2
2019-07-17,Karimnagar,Ellandakunta,0.0,27.5,37.3,42.0,83.8,0.0,16.9
2019-07-18,Karimnagar,Ellandakunta,0.0,27.9,37.9,39.3,84.3,0.0,12.2
2019-07-19,Karimnagar,Ellandakunta,1.3,23.7,37.9,36.7,97.6,0.0,14.0
2019-07-20,Karimnagar,Ellandakunta,22.0,24.3,37.8,53.1,99.9,0.0,13.2
2019-07-21,Karimnagar,Ellandakunta,0.0,25.9,35.7,71.9,100.0,0.1,13.0
2019-07-22,Karimnagar,Ellandakunta,0.0,26.5,35.5,55.7,97.6,2.8,17.2
2019-07-23,Karimnagar,Ellandakunta,0.0,25.9,37.2,50.4,97.6,4.0,16.8
2019-07-24,Karimnagar,Ellandakunta,0.0,26.5,36.2,51.2,91.6,0.0,15.4
2019-07-25,Karimnagar,Ellandakunta,0.0,27.5,36.1,49.1,86.3,0.0,13.2
2019-07-26,Karimnagar,Ellandakunta,42.0,24.2,35.2,62.2,99.9,0.0,17.1
2019-07-27,Karimnagar,Ellandakunta,18.8,22.9,27.7,84.3,99.9,2.9,16.8
2019-07-28,Karimnagar,Ellandakunta,44.3,24.9,28.2,82.2,99.9,0.0,10.4
2019-07-29,Karimnagar,Ellandakunta,39.3,24.1,30.1,77.6,99.9,0.0,16.1
2019-07-30,Karimnagar,Ellandakunta,45.8,24.2,28.1,90.4,100.0,0.0,19.1
2019-07-31,Karimnagar,Ellandakunta,0.0,24.9,30.4,81.1,91.9,0.0,15.7
2019-08-01,Karimnagar,Ellandakunta,2.8,24.6,33.3,70.9,96.9,1.0,16.1
2019-08-02,Karimnagar,Ellandakunta,117.3,24.9,32.4,77.7,99.9,0.0,17.9
2019-08-03,Karimnagar,Ellandakunta,28.3,23.8,27.3,85.6,100.0,8.2,16.7
2019-08-04,Karimnagar,Ellandakunta,3.3,23.7,27.1,82.9,96.8,1.5,3.8
2019-08-05,Karimnagar,Ellandakunta,0.0,23.8,33.0,74.0,98.2,5.5,23.3
2019-08-06,Karimnagar,Ellandakunta,9.3,24.2,33.1,76.6,98.9,6.3,16.1
2019-08-07,Karimnagar,Ellandakunta,30.3,23.3,27.9,84.2,100.0,2.6,15.9
2019-08-08,Karimnagar,Ellandakunta,30.8,24.9,28.2,90.8,99.9,0.0,15.3
2019-08-09,Karimnagar,Ellandakunta,4.8,23.4,30.5,84.0,99.9,0.0,21.6
2019-08-10,Karimnagar,Ellandakunta,0.0,24.9,31.1,78.9,88.8,0.0,19.4
2019-08-11,Karimnagar,Ellandakunta,0.0,25.4,33.0,66.9,86.9,0.0,14.7
2019-08-12,Karimnagar,Ellandakunta,4.3,25.0,33.0,64.7,97.1,0.0,14.9
2019-08-13,Karimnagar,Ellandakunta,0.0,26.0,32.0,71.2,93.6,0.0,15.5
2019-08-14,Karimnagar,Ellandakunta,0.0,25.3,30.1,78.1,97.6,0.0,12.2
2019-08-15,Karimnagar,Ellandakunta,0.5,24.7,32.9,75.9,98.4,0.0,11.4
2019-08-16,Karimnagar,Ellandakunta,0.0,26.0,33.2,70.2,95.2,0.0,10.7
2019-08-17,Karimnagar,Ellandakunta,0.0,26.4,33.5,62.6,96.4,0.0,14.1
2019-08-18,Karimnagar,Ellandakunta,0.0,26.0,32.1,71.9,98.1,0.0,12.7
2019-08-19,Karimnagar,Ellandakunta,17.3,24.4,30.6,86.9,99.9,0.0,11.4
2019-08-20,Karimnagar,Ellandakunta,0.0,25.8,35.0,77.6,98.7,0.0,6.6
2019-08-21,Karimnagar,Ellandakunta,0.0,25.7,32.6,77.5,99.3,0.0,10.8
2019-08-22,Karimnagar,Ellandakunta,10.0,24.3,32.5,79.0,97.0,0.0,12.6
2019-08-23,Karimnagar,Ellandakunta,11.3,23.0,32.6,77.5,98.2,0.0,14.1
2019-08-24,Karimnagar,Ellandakunta,0.0,24.5,27.4,92.8,100.0,0.0,11.7
2019-08-25,Karimnagar,Ellandakunta,4.0,25.0,31.8,68.8,98.4,0.0,12.2
2019-08-26,Karimnagar,Ellandakunta,0.0,24.9,32.4,71.5,97.4,0.0,13.2
2019-08-27,Karimnagar,Ellandakunta,1.0,23.9,33.3,70.9,99.7,0.0,12.4
2019-08-28,Karimnagar,Ellandakunta,0.0,25.5,34.4,52.8,94.2,0.0,13.9
2019-08-29,Karimnagar,Ellandakunta,0.0,25.8,35.6,63.5,98.1,0.0,13.5
2019-08-30,Karimnagar,Ellandakunta,0.0,25.6,36.4,54.4,97.6,0.0,14.8
2019-08-31,Karimnagar,Ellandakunta,56.8,23.9,35.2,66.6,99.9,0.0,25.3
2019-09-01,Karimnagar,Ellandakunta,62.5,24.0,32.8,77.7,99.9,0.1,15.5
2019-09-02,Karimnagar,Ellandakunta,0.0,24.7,32.4,79.3,96.7,0.0,17.6
2019-09-03,Karimnagar,Ellandakunta,5.8,23.5,30.2,83.8,100.0,0.0,15.0
2019-09-04,Karimnagar,Ellandakunta,0.5,24.3,28.3,90.6,100.0,0.0,13.0
2019-09-05,Karimnagar,Ellandakunta,0.0,24.3,30.1,84.6,96.0,0.0,14.6
2019-09-06,Karimnagar,Ellandakunta,2.0,23.8,32.1,77.4,99.4,0.0,17.1
2019-09-07,Karimnagar,Ellandakunta,1.0,23.7,30.5,83.9,96.2,0.0,14.9
2019-09-08,Karimnagar,Ellandakunta,0.0,25.3,30.2,80.3,97.4,0.0,15.2
2019-09-09,Karimnagar,Ellandakunta,2.3,24.7,30.3,81.7,100.0,0.0,14.3
2019-09-11,Karimnagar,Ellandakunta,0.0,25.9,34.8,70.0,97.6,0.0,14.7
2019-09-12,Karimnagar,Ellandakunta,0.0,24.5,34.8,66.8,99.2,0.0,14.5
2019-09-13,Karimnagar,Ellandakunta,1.3,24.6,30.1,80.2,99.8,0.0,10.8
2019-09-14,Karimnagar,Ellandakunta,2.0,24.7,34.7,71.1,98.3,0.0,14.1
2019-09-15,Karimnagar,Ellandakunta,1.3,24.5,35.6,64.3,98.5,0.0,13.1
2019-09-16,Karimnagar,Ellandakunta,0.0,27.5,32.6,73.9,97.6,0.0,10.3
2019-09-17,Karimnagar,Ellandakunta,0.0,25.5,34.7,74.5,99.3,0.0,7.8
2019-09-18 00:00:00,Karimnagar,Ellandakunta,9.0,22.9,35.1,77.5,100.0,0.0,14.2
2019-09-19 00:00:00,Karimnagar,Ellandakunta,5.0,24.9,31.7,84.1,99.9,0.0,10.4
2019-09-20 00:00:00,Karimnagar,Ellandakunta,11.0,24.9,35.3,66.3,100.0,0.0,14.0
2019-09-21 00:00:00,Karimnagar,Ellandakunta,0.8,24.6,34.9,72.3,100.0,0.0,10.4
2019-09-22 00:00:00,Karimnagar,Ellandakunta,2.5,24.9,35.2,67.3,99.6,0.0,7.9
2019-09-23 00:00:00,Karimnagar,Ellandakunta,5.0,25.7,35.2,62.4,99.9,0.0,9.1
2019-09-24 00:00:00,Karimnagar,Ellandakunta,0.0,24.6,35.3,72.2,99.4,0.0,10.0
2019-09-25 00:00:00,Karimnagar,Ellandakunta,25.0,23.1,32.6,77.5,100.0,0.0,7.0
2019-09-26 00:00:00,Karimnagar,Ellandakunta,18.0,26.0,32.1,84.3,99.1,0.0,11.2
2019-09-27 00:00:00,Karimnagar,Ellandakunta,1.0,23.3,30.3,85.5,99.6,0.0,16.2
2019-09-28 00:00:00,Karimnagar,Ellandakunta,0.0,23.4,32.1,73.2,99.3,0.0,14.2
2019-09-29 00:00:00,Karimnagar,Ellandakunta,0.0,24.5,32.3,64.6,97.9,0.0,15.4
2019-09-30 00:00:00,Karimnagar,Ellandakunta,16.8,22.9,34.7,64.8,100.0,0.0,17.0
2019-10-01,Karimnagar,Ellandakunta,3.0,23.2,32.6,79.2,100.0,0.0,8.5
2019-10-02,Karimnagar,Ellandakunta,8.3,22.1,34.9,64.1,99.5,0.0,10.8
2019-10-03,Karimnagar,Ellandakunta,0.0,24.4,33.8,69.2,100.0,0.0,6.3
2019-10-04,Karimnagar,Ellandakunta,0.0,23.8,35.7,59.0,100.0,0.0,9.2
2019-10-05,Karimnagar,Ellandakunta,0.0,23.7,34.8,57.2,99.4,0.0,4.7
2019-10-06,Karimnagar,Ellandakunta,0.0,24.7,35.3,64.4,99.5,0.0,4.8
2019-10-07,Karimnagar,Ellandakunta,0.0,23.7,35.2,61.5,100.0,0.0,8.1
2019-10-08,Karimnagar,Ellandakunta,0.0,24.4,35.7,71.1,100.0,0.0,4.7
2019-10-09,Karimnagar,Ellandakunta,0.0,24.2,35.5,65.7,99.9,0.0,9.1
2019-10-10,Karimnagar,Ellandakunta,0.0,24.8,35.2,64.7,98.7,0.0,6.3
2019-10-11,Karimnagar,Ellandakunta,11.0,22.9,33.6,68.5,100.0,0.0,10.0
2019-10-12,Karimnagar,Ellandakunta,5.8,22.9,35.2,66.5,100.0,0.0,7.9
2019-10-13,Karimnagar,Ellandakunta,0.0,23.9,34.1,61.2,100.0,0.0,5.9
2019-10-14,Karimnagar,Ellandakunta,0.0,24.8,35.1,62.1,99.9,0.0,7.7
2019-10-15,Karimnagar,Ellandakunta,0.0,23.3,35.5,72.7,99.8,0.0,3.4
2019-10-16,Karimnagar,Ellandakunta,0.0,23.5,34.2,59.0,98.9,0.0,8.7
2019-10-17,Karimnagar,Ellandakunta,0.0,22.8,34.7,72.5,100.0,0.0,8.3
2019-10-18,Karimnagar,Ellandakunta,61.0,23.3,34.8,58.9,99.9,0.0,16.9
2019-10-19,Karimnagar,Ellandakunta,24.5,22.6,32.7,65.7,99.9,0.0,6.5
2019-10-20,Karimnagar,Ellandakunta,136.0,22.5,32.6,67.1,99.9,0.0,6.9
2019-10-21,Karimnagar,Ellandakunta,19.0,24.9,32.1,71.8,99.9,0.0,5.6
2019-10-22,Karimnagar,Ellandakunta,0.0,23.1,33.2,66.5,99.9,0.0,3.5
2019-10-23,Karimnagar,Ellandakunta,0.8,24.9,33.3,62.9,99.4,0.0,5.2
2019-10-24,Karimnagar,Ellandakunta,5.5,23.4,33.0,68.7,99.1,0.0,6.4
2019-10-25,Karimnagar,Ellandakunta,8.5,23.3,32.5,69.7,99.9,0.0,9.1
2019-10-26,Karimnagar,Ellandakunta,0.5,24.7,32.9,59.4,99.9,0.0,7.9
2019-10-27,Karimnagar,Ellandakunta,0.0,23.4,35.1,63.9,99.3,0.0,11.5
2019-10-28,Karimnagar,Ellandakunta,0.0,23.8,32.9,63.2,99.9,0.0,7.7
2019-10-29,Karimnagar,Ellandakunta,29.0,22.0,34.1,61.6,99.5,0.0,7.1
2019-10-30,Karimnagar,Ellandakunta,0.0,24.4,32.9,65.1,99.9,0.0,13.8
2019-10-31,Karimnagar,Ellandakunta,9.5,22.9,33.4,67.9,99.9,0.0,16.8
2019-11-01,Karimnagar,Ellandakunta,0.0,24.9,30.4,77.9,99.9,0.0,7.3
2019-11-02,Karimnagar,Ellandakunta,0.0,24.9,33.1,62.3,99.4,0.0,8.4
2019-11-03,Karimnagar,Ellandakunta,3.3,23.9,33.1,64.0,99.9,0.0,10.8
2019-11-04,Karimnagar,Ellandakunta,0.0,22.4,32.6,71.1,99.6,0.0,1.9
2019-11-05,Karimnagar,Ellandakunta,0.0,22.3,34.0,56.1,98.8,0.0,7.5
2019-11-06,Karimnagar,Ellandakunta,0.0,23.4,33.6,58.7,99.9,0.0,6.4
2019-11-07,Karimnagar,Ellandakunta,0.0,21.7,32.9,56.6,99.9,0.0,6.4
2019-11-08,Karimnagar,Ellandakunta,0.0,21.7,34.0,50.6,97.7,0.0,6.6
2019-11-09,Karimnagar,Ellandakunta,0.0,21.1,32.4,55.1,97.5,0.0,8.7
2019-11-10,Karimnagar,Ellandakunta,0.0,19.8,32.2,48.2,98.0,0.0,9.0
2019-11-11,Karimnagar,Ellandakunta,0.0,21.7,32.9,48.8,95.2,0.0,6.1
2019-11-12,Karimnagar,Ellandakunta,0.0,20.8,33.6,49.9,98.1,0.0,10.2
2019-11-13,Karimnagar,Ellandakunta,0.0,18.9,33.1,40.4,96.8,0.0,10.2
2019-11-14,Karimnagar,Ellandakunta,0.0,19.5,32.3,47.8,97.4,0.0,5.8
2019-11-15,Karimnagar,Ellandakunta,0.0,20.3,32.1,51.6,98.2,0.0,6.3
2019-11-16,Karimnagar,Ellandakunta,0.0,20.2,33.0,45.7,97.5,0.0,5.8
2019-11-17,Karimnagar,Ellandakunta,0.0,21.0,34.1,41.8,97.5,0.0,4.8
2019-11-18,Karimnagar,Ellandakunta,0.0,19.5,33.3,47.5,94.5,0.0,6.8
2019-11-19,Karimnagar,Ellandakunta,0.0,19.8,32.7,48.8,97.1,0.0,8.8
2019-11-20,Karimnagar,Ellandakunta,0.0,19.6,33.3,45.0,98.4,0.0,6.3
2019-11-21,Karimnagar,Ellandakunta,0.0,21.0,33.2,52.1,98.5,0.0,8.4
2019-11-22,Karimnagar,Ellandakunta,0.0,19.6,32.3,52.2,98.7,0.0,7.1
2019-11-23,Karimnagar,Ellandakunta,0.0,19.0,32.9,44.1,98.1,0.0,6.3
2019-11-24,Karimnagar,Ellandakunta,0.0,18.6,32.6,44.5,98.0,0.0,4.3
2019-11-25,Karimnagar,Ellandakunta,0.0,18.2,31.8,45.6,98.3,0.0,6.6
2019-11-26,Karimnagar,Ellandakunta,0.0,18.8,32.7,47.5,99.1,0.0,6.0
2019-11-27,Karimnagar,Ellandakunta,0.0,18.6,32.1,49.4,96.8,0.0,11.4
2019-11-28,Karimnagar,Ellandakunta,0.0,19.3,33.6,40.8,96.8,0.0,8.3
2019-11-29,Karimnagar,Ellandakunta,0.0,19.6,32.6,49.4,97.3,0.0,5.9
2019-11-30,Karimnagar,Ellandakunta,0.0,20.0,34.1,52.1,98.2,0.0,8.5
2019-12-01,Karimnagar,Ellandakunta,0.0,21.2,32.6,49.4,97.1,0.0,5.4
2019-12-02,Karimnagar,Ellandakunta,0.0,23.2,32.2,53.4,97.8,0.0,7.6
2019-12-03,Karimnagar,Ellandakunta,0.0,22.2,27.2,83.4,97.5,0.0,7.6
2019-12-04,Karimnagar,Ellandakunta,0.0,20.3,31.2,57.0,98.1,0.0,5.1
2019-12-05,Karimnagar,Ellandakunta,0.0,18.8,31.3,42.7,97.1,0.0,8.2
2019-12-06,Karimnagar,Ellandakunta,0.0,17.4,31.1,44.7,95.8,0.0,4.6
2019-12-07,Karimnagar,Ellandakunta,0.0,17.5,30.4,46.9,98.4,0.0,8.2
2019-12-08,Karimnagar,Ellandakunta,0.0,18.0,31.4,41.6,97.8,0.0,4.1
2019-12-09,Karimnagar,Ellandakunta,0.0,19.3,31.5,49.8,97.2,0.0,3.6
2019-12-10,Karimnagar,Ellandakunta,0.0,18.9,31.3,47.9,96.7,0.0,6.0
2019-12-11,Karimnagar,Ellandakunta,0.0,17.7,32.3,42.8,98.4,0.0,5.8
2019-12-12,Karimnagar,Ellandakunta,0.0,18.2,32.8,46.9,97.9,0.0,6.7
2019-12-13,Karimnagar,Ellandakunta,0.0,18.9,32.0,45.3,97.4,0.0,13.3
2019-12-14,Karimnagar,Ellandakunta,0.0,19.7,31.8,45.1,98.2,0.0,15.2
2019-12-15,Karimnagar,Ellandakunta,0.0,19.4,33.1,46.3,98.6,0.0,11.9
2019-12-16,Karimnagar,Ellandakunta,0.0,19.3,31.9,41.3,97.5,0.0,12.7
2019-12-17,Karimnagar,Ellandakunta,0.0,18.8,31.9,44.2,98.8,0.0,11.7
2019-12-18,Karimnagar,Ellandakunta,0.0,18.8,31.3,50.8,98.1,0.0,9.4
2019-12-19,Karimnagar,Ellandakunta,0.0,17.4,30.3,47.8,98.6,0.0,6.2
2019-12-20,Karimnagar,Ellandakunta,0.0,17.4,31.0,46.4,98.1,0.0,6.1
2019-12-21,Karimnagar,Ellandakunta,0.0,18.4,30.9,43.4,97.9,0.0,5.8
2019-12-22,Karimnagar,Ellandakunta,0.0,18.2,30.6,49.7,97.8,0.0,6.8
2019-12-23,Karimnagar,Ellandakunta,0.0,17.6,33.1,38.6,97.9,0.0,12.6
2019-12-24,Karimnagar,Ellandakunta,0.0,18.7,30.3,53.2,97.4,0.0,15.4
2019-12-25,Karimnagar,Ellandakunta,0.0,19.6,31.3,44.4,95.5,0.0,13.3
2019-12-26,Karimnagar,Ellandakunta,0.0,21.5,30.7,49.5,93.9,0.0,16.0
2019-12-27,Karimnagar,Ellandakunta,0.0,20.3,28.4,68.7,96.5,0.0,14.0
2019-12-28,Karimnagar,Ellandakunta,0.0,16.4,28.4,62.0,84.9,0.0,7.7
2019-12-29,Karimnagar,Ellandakunta,0.0,15.8,28.0,40.9,82.8,0.0,8.9
2019-12-30,Karimnagar,Ellandakunta,0.0,15.4,29.3,36.9,89.7,0.0,8.7
2019-12-31,Karimnagar,Ellandakunta,0.0,18.5,29.8,47.3,94.1,0.0,11.9
