Date,District,Mandal,Rainfall (mm),temp_min (⁰C),temp_max (⁰C),humidity_min (%),Humidity_max (%),wind_speed_min (Kmph),wind_speed_max (Kmph)
2019-01-01,Karimnagar,Gangadhara,0.0,10.1,32.1,22.9,99.7,0.0,6.8
2019-01-02,Karimnagar,Gangadhara,0.0,15.0,32.5,24.3,91.7,0.0,9.8
2019-01-03,Karimnagar,Gangadhara,0.0,17.5,32.9,26.8,84.1,0.0,3.7
2019-01-04,Karimnagar,Gangadhara,0.0,13.3,32.9,28.1,93.1,0.0,4.3
2019-01-05,Karimnagar,Gangadhara,0.0,15.0,32.9,28.4,96.2,0.0,6.9
2019-01-06,Karimnagar,Gangadhara,0.0,18.2,32.9,42.6,96.2,0.0,7.1
2019-01-07,Karimnagar,Gangadhara,0.0,20.0,32.9,45.0,96.2,0.0,7.7
2019-01-08,Karimnagar,Gangadhara,0.0,17.8,32.9,43.2,96.2,0.0,4.7
2019-01-09,Karimnagar,Gangadhara,0.0,12.1,30.4,29.2,96.0,0.0,6.0
2019-01-10,Karimnagar,Gangadhara,0.0,11.6,31.1,19.2,87.6,0.0,6.0
2019-01-11,Karimnagar,Gangadhara,0.0,17.5,31.3,26.6,91.2,0.0,7.7
2019-01-12,Karimnagar,Gangadhara,0.0,20.1,32.9,43.7,97.5,0.0,7.8
2019-01-13,Karimnagar,Gangadhara,0.0,21.3,32.8,52.2,96.2,0.0,6.9
2019-01-14,Karimnagar,Gangadhara,0.0,20.0,32.9,49.6,96.2,0.0,2.6
2019-01-15,Karimnagar,Gangadhara,0.0,19.5,32.8,52.6,96.2,0.0,8.4
2019-01-16,Karimnagar,Gangadhara,0.0,17.5,31.0,51.7,96.2,0.0,8.4
2019-01-17,Karimnagar,Gangadhara,0.0,13.1,31.1,35.4,90.5,0.0,8.2
2019-01-18,Karimnagar,Gangadhara,0.0,16.8,31.9,29.0,91.3,0.0,2.5
2019-01-19,Karimnagar,Gangadhara,0.0,14.4,31.5,43.4,96.1,0.0,7.3
2019-01-20,Karimnagar,Gangadhara,0.0,14.8,31.3,36.8,92.9,0.0,7.6
2019-01-21,Karimnagar,Gangadhara,0.0,14.9,32.0,28.6,91.2,0.0,4.6
2019-01-22,Karimnagar,Gangadhara,0.0,18.3,32.3,31.0,91.1,0.0,6.7
2019-01-23,Karimnagar,Gangadhara,0.0,17.4,31.6,37.1,96.3,0.0,8.5
2019-01-24,Karimnagar,Gangadhara,0.0,18.3,30.8,45.6,94.6,0.0,5.4
2019-01-25,Karimnagar,Gangadhara,0.0,21.3,29.2,57.2,92.9,0.1,9.3
2019-01-26,Karimnagar,Gangadhara,36.3,20.8,30.8,54.3,97.4,0.0,11.1
2019-01-27,Karimnagar,Gangadhara,38.8,21.0,23.6,87.3,97.2,0.0,5.7
2019-01-28,Karimnagar,Gangadhara,0.0,17.7,23.8,85.3,96.4,0.0,6.3
2019-01-29,Karimnagar,Gangadhara,0.0,14.4,26.4,67.0,97.1,0.0,7.9
2019-01-30,Karimnagar,Gangadhara,0.0,8.2,26.3,32.1,95.2,0.0,6.9
2019-01-31,Karimnagar,Gangadhara,0.0,14.3,28.9,29.1,88.7,0.0,4.9
2019-02-01,Karimnagar,Gangadhara,0.0,17.2,30.7,54.8,96.9,0.0,7.9
2019-02-02,Karimnagar,Gangadhara,0.0,18.6,30.3,43.4,95.6,0.0,11.4
2019-02-03,Karimnagar,Gangadhara,0.0,17.7,29.8,46.2,95.8,0.0,10.1
2019-02-04,Karimnagar,Gangadhara,0.0,18.2,31.4,45.1,96.0,0.0,10.0
2019-02-05,Karimnagar,Gangadhara,0.0,17.4,32.5,42.7,95.0,0.0,7.7
2019-02-06,Karimnagar,Gangadhara,0.0,17.3,32.0,44.3,95.8,0.0,6.0
2019-02-07,Karimnagar,Gangadhara,0.0,21.4,31.9,47.5,80.6,0.0,9.0
2019-02-08,Karimnagar,Gangadhara,0.0,20.9,34.1,38.5,93.5,0.0,15.0
2019-02-09,Karimnagar,Gangadhara,0.0,15.4,30.6,47.3,95.9,0.0,6.1
2019-02-10,Karimnagar,Gangadhara,0.0,12.6,28.8,29.0,87.3,0.0,9.4
2019-02-11,Karimnagar,Gangadhara,0.0,16.8,30.3,30.7,73.9,0.0,5.9
2019-02-12,Karimnagar,Gangadhara,0.0,21.5,32.1,51.1,95.9,0.0,6.5
2019-02-13,Karimnagar,Gangadhara,0.0,20.1,31.5,58.8,97.0,0.0,8.6
2019-02-14,Karimnagar,Gangadhara,0.0,18.7,33.2,40.1,97.2,0.0,10.0
2019-02-15,Karimnagar,Gangadhara,0.0,19.0,32.5,47.1,93.0,0.0,6.6
2019-02-16,Karimnagar,Gangadhara,6.3,20.0,34.1,38.9,96.1,0.0,11.4
2019-02-17,Karimnagar,Gangadhara,0.0,23.1,32.2,62.4,96.5,0.0,5.4
2019-02-18,Karimnagar,Gangadhara,0.0,20.0,31.7,63.6,97.3,0.0,4.8
2019-02-19,Karimnagar,Gangadhara,0.0,18.6,34.4,31.7,92.9,0.0,6.5
2019-02-20,Karimnagar,Gangadhara,0.0,23.7,33.4,60.5,94.7,0.0,9.0
2019-02-21,Karimnagar,Gangadhara,0.0,21.8,33.0,59.3,87.0,0.0,11.8
2019-02-22,Karimnagar,Gangadhara,0.0,19.7,34.9,37.2,90.6,0.0,7.7
2019-02-23,Karimnagar,Gangadhara,0.0,20.8,36.2,33.6,85.3,0.0,7.5
2019-02-24,Karimnagar,Gangadhara,0.0,19.0,35.5,30.1,80.3,0.0,8.9
2019-02-25,Karimnagar,Gangadhara,0.0,19.4,36.1,27.0,75.1,0.0,9.0
2019-02-26,Karimnagar,Gangadhara,0.0,17.8,34.0,25.7,86.0,0.0,7.6
2019-02-27,Karimnagar,Gangadhara,0.0,18.7,31.7,31.0,94.1,0.0,8.2
2019-02-28,Karimnagar,Gangadhara,0.0,17.8,31.7,32.4,79.4,0.0,8.5
2019-03-01,Karimnagar,Gangadhara,0.0,17.5,31.7,28.1,84.8,0.0,8.2
2019-03-02,Karimnagar,Gangadhara,0.0,20.7,30.6,51.3,94.2,0.0,11.7
2019-03-03,Karimnagar,Gangadhara,0.0,22.2,30.4,56.1,90.1,1.7,10.2
2019-03-04,Karimnagar,Gangadhara,0.0,21.4,33.2,46.5,77.6,2.1,14.4
2019-03-05,Karimnagar,Gangadhara,0.0,20.1,33.5,37.7,90.7,0.0,9.0
2019-03-06,Karimnagar,Gangadhara,0.0,17.2,33.9,30.9,71.8,0.0,8.5
2019-03-07,Karimnagar,Gangadhara,0.0,16.6,33.5,21.9,79.5,0.0,9.3
2019-03-08,Karimnagar,Gangadhara,0.0,16.7,32.9,24.3,74.7,0.0,5.9
2019-03-09,Karimnagar,Gangadhara,0.0,19.0,34.2,35.7,81.6,0.0,11.3
2019-03-10,Karimnagar,Gangadhara,0.0,20.7,34.5,47.3,88.9,0.0,9.3
2019-03-11,Karimnagar,Gangadhara,0.0,21.6,34.2,46.4,87.8,0.0,10.0
2019-03-12,Karimnagar,Gangadhara,0.0,22.8,35.5,42.1,84.7,0.0,12.7
2019-03-13,Karimnagar,Gangadhara,0.0,21.6,32.9,44.6,78.5,0.0,10.5
2019-03-14,Karimnagar,Gangadhara,0.0,20.0,34.4,34.5,72.6,0.0,12.2
2019-03-15,Karimnagar,Gangadhara,0.0,19.7,36.8,28.8,70.0,0.0,6.4
2019-03-16,Karimnagar,Gangadhara,0.0,18.5,37.3,18.9,65.5,0.0,9.8
2019-03-17,Karimnagar,Gangadhara,0.0,20.9,34.7,27.7,87.5,0.0,7.7
2019-03-18,Karimnagar,Gangadhara,0.0,18.7,35.5,33.0,73.1,0.0,7.7
2019-03-19,Karimnagar,Gangadhara,0.0,19.6,31.8,44.2,88.5,0.0,9.4
2019-03-20,Karimnagar,Gangadhara,0.0,22.3,34.6,42.2,89.6,0.0,10.4
2019-03-21,Karimnagar,Gangadhara,10.5,22.0,32.0,54.2,90.4,0.0,12.7
2019-03-22,Karimnagar,Gangadhara,0.0,20.1,34.3,48.8,91.5,0.0,9.4
2019-03-23,Karimnagar,Gangadhara,0.0,22.0,33.6,49.6,84.6,0.0,8.1
2019-03-24,Karimnagar,Gangadhara,0.0,22.5,35.7,39.5,80.4,0.0,8.9
2019-03-25,Karimnagar,Gangadhara,0.0,22.7,36.1,36.4,88.4,0.0,4.7
2019-03-26,Karimnagar,Gangadhara,0.0,22.7,35.6,40.3,76.3,0.0,8.4
2019-03-27,Karimnagar,Gangadhara,0.0,22.2,36.2,37.1,77.8,0.0,7.3
2019-03-28,Karimnagar,Gangadhara,0.0,23.1,36.4,39.6,72.3,0.0,7.1
2019-03-29,Karimnagar,Gangadhara,0.0,22.6,36.4,36.9,73.1,0.0,7.2
2019-03-30,Karimnagar,Gangadhara,0.0,21.4,38.3,26.9,67.4,0.0,5.1
2019-03-31,Karimnagar,Gangadhara,0.0,23.8,37.7,34.5,72.7,0.0,6.3
2019-04-01,Karimnagar,Gangadhara,0.0,23.6,39.1,23.0,65.1,0.0,3.9
2019-04-02,Karimnagar,Gangadhara,0.0,22.7,38.1,23.8,76.6,0.0,5.5
2019-04-03,Karimnagar,Gangadhara,0.0,22.5,37.0,38.3,74.7,0.0,7.7
2019-04-04,Karimnagar,Gangadhara,0.0,22.2,35.2,49.7,81.1,0.0,6.7
2019-04-05,Karimnagar,Gangadhara,0.0,23.0,36.1,39.7,69.8,0.0,6.5
2019-04-06,Karimnagar,Gangadhara,0.0,23.6,37.2,29.3,62.3,0.0,10.4
2019-04-07,Karimnagar,Gangadhara,0.0,23.3,39.5,22.0,76.6,0.0,6.4
2019-04-08,Karimnagar,Gangadhara,0.0,22.8,38.5,18.0,74.1,0.0,7.9
2019-04-09,Karimnagar,Gangadhara,0.0,23.2,39.7,26.6,86.3,0.0,6.8
2019-04-10,Karimnagar,Gangadhara,0.0,23.8,37.6,37.4,83.7,0.0,7.1
2019-04-11,Karimnagar,Gangadhara,0.0,25.3,39.1,28.0,71.4,0.0,5.2
2019-04-12,Karimnagar,Gangadhara,0.0,26.6,41.1,15.8,65.5,0.0,6.4
2019-04-13,Karimnagar,Gangadhara,0.0,23.4,40.7,23.6,63.6,0.0,9.5
2019-04-14,Karimnagar,Gangadhara,0.0,22.8,39.0,23.7,70.1,0.0,4.7
2019-04-15,Karimnagar,Gangadhara,0.0,25.1,40.6,21.0,60.8,0.0,5.5
2019-04-16,Karimnagar,Gangadhara,0.0,24.5,40.4,20.3,62.4,0.0,5.4
2019-04-17,Karimnagar,Gangadhara,0.0,23.0,37.9,20.1,61.8,0.0,5.3
2019-04-18,Karimnagar,Gangadhara,0.0,23.3,37.4,31.2,70.5,0.0,8.4
2019-04-19,Karimnagar,Gangadhara,0.0,23.7,38.0,28.8,82.4,0.0,5.9
2019-04-20,Karimnagar,Gangadhara,2.0,22.0,37.2,41.2,83.1,0.0,5.6
2019-04-21,Karimnagar,Gangadhara,0.0,23.9,37.5,40.0,83.4,0.0,10.8
2019-04-22,Karimnagar,Gangadhara,0.0,25.4,38.0,34.9,77.2,0.0,8.4
2019-04-23,Karimnagar,Gangadhara,0.0,23.2,38.3,28.8,71.4,0.0,12.7
2019-04-24,Karimnagar,Gangadhara,0.0,23.8,38.6,23.6,72.0,0.0,7.1
2019-04-25,Karimnagar,Gangadhara,0.0,26.1,40.3,19.3,63.6,0.0,4.0
2019-04-26,Karimnagar,Gangadhara,0.0,26.8,40.8,18.5,62.9,0.0,6.2
2019-04-27,Karimnagar,Gangadhara,0.0,26.3,41.1,19.4,59.9,0.0,4.4
2019-04-28,Karimnagar,Gangadhara,0.0,26.5,43.1,17.1,60.7,0.0,4.8
2019-04-29,Karimnagar,Gangadhara,0.0,27.7,41.8,21.7,60.7,0.0,4.6
2019-04-30,Karimnagar,Gangadhara,0.0,28.1,41.5,21.0,59.4,0.0,5.9
2019-05-01,Karimnagar,Gangadhara,0.0,28.9,40.8,22.0,60.6,0.0,5.0
2019-05-02,Karimnagar,Gangadhara,0.0,26.3,40.5,25.0,67.0,0.0,7.3
2019-05-03,Karimnagar,Gangadhara,0.0,24.4,42.7,13.0,45.8,0.0,13.8
2019-05-04,Karimnagar,Gangadhara,0.0,29.2,40.7,12.4,26.0,0.0,9.5
2019-05-05,Karimnagar,Gangadhara,0.0,24.9,41.5,11.6,38.0,0.0,10.2
2019-05-06,Karimnagar,Gangadhara,0.0,27.0,41.6,11.7,35.7,0.0,9.3
2019-05-07,Karimnagar,Gangadhara,0.0,27.3,41.3,12.9,37.9,0.0,7.9
2019-05-08,Karimnagar,Gangadhara,0.0,28.6,42.9,11.3,48.3,0.0,9.1
2019-05-09,Karimnagar,Gangadhara,0.0,29.3,41.7,12.6,37.0,0.0,9.3
2019-05-10,Karimnagar,Gangadhara,0.0,28.1,43.0,11.1,38.9,0.0,9.0
2019-05-11,Karimnagar,Gangadhara,0.0,28.8,42.0,12.1,48.7,0.0,9.8
2019-05-12,Karimnagar,Gangadhara,0.0,26.6,42.3,20.1,58.3,0.0,6.2
2019-05-13,Karimnagar,Gangadhara,0.0,27.2,42.4,17.9,53.4,0.0,5.4
2019-05-14,Karimnagar,Gangadhara,0.0,26.9,42.4,18.6,56.3,0.0,7.9
2019-05-15,Karimnagar,Gangadhara,0.0,27.6,40.4,28.4,74.4,0.0,5.3
2019-05-16,Karimnagar,Gangadhara,0.0,28.7,42.5,13.9,57.9,1.5,7.0
2019-05-17,Karimnagar,Gangadhara,0.0,27.2,42.4,17.2,60.7,0.0,6.5
2019-05-18,Karimnagar,Gangadhara,0.0,28.6,42.8,16.6,56.8,0.0,10.8
2019-05-19,Karimnagar,Gangadhara,0.0,24.8,42.3,14.5,58.8,0.0,10.2
2019-05-20,Karimnagar,Gangadhara,0.0,26.3,44.0,13.4,63.6,0.0,7.7
2019-05-21,Karimnagar,Gangadhara,0.0,28.0,42.9,21.3,63.6,0.0,12.5
2019-05-22,Karimnagar,Gangadhara,5.0,24.9,41.9,29.4,81.9,0.0,13.7
2019-05-23,Karimnagar,Gangadhara,0.0,29.2,42.7,22.6,64.7,0.0,12.8
2019-05-24,Karimnagar,Gangadhara,0.0,29.4,43.0,24.2,59.8,0.0,16.5
2019-05-25,Karimnagar,Gangadhara,0.0,28.2,43.9,21.5,78.4,0.0,11.6
2019-05-26,Karimnagar,Gangadhara,0.0,28.0,43.7,16.8,50.3,0.0,11.4
2019-05-27,Karimnagar,Gangadhara,0.0,29.6,44.8,16.3,50.3,0.0,10.7
2019-05-28,Karimnagar,Gangadhara,0.0,30.0,45.2,14.7,68.0,0.0,16.9
2019-05-29,Karimnagar,Gangadhara,0.0,29.8,43.9,20.1,73.6,0.0,14.9
2019-05-30,Karimnagar,Gangadhara,0.0,27.7,44.2,21.5,58.3,0.0,18.4
2019-05-31,Karimnagar,Gangadhara,0.0,29.4,40.5,30.7,71.3,0.0,13.9
2019-06-01,Karimnagar,Gangadhara,68.9,21.3,43.6,21.0,98.8,3.4,27.2
2019-06-02,Karimnagar,Gangadhara,0.6,24.1,35.0,50.8,95.5,0.0,11.0
2019-06-03,Karimnagar,Gangadhara,0.0,29.9,41.6,23.5,62.8,0.0,15.7
2019-06-04,Karimnagar,Gangadhara,21.6,21.2,41.6,26.5,96.2,0.0,23.3
2019-06-05,Karimnagar,Gangadhara,0.0,28.0,38.2,39.4,79.5,0.0,14.8
2019-06-06,Karimnagar,Gangadhara,0.0,29.8,42.3,27.3,72.1,0.0,13.5
2019-06-07,Karimnagar,Gangadhara,0.0,27.3,41.9,23.9,71.6,0.9,23.4
2019-06-08,Karimnagar,Gangadhara,10.2,24.5,40.8,29.3,87.2,0.0,17.1
2019-06-09,Karimnagar,Gangadhara,0.0,27.9,36.9,40.6,76.0,0.0,20.8
2019-06-10,Karimnagar,Gangadhara,0.0,30.1,40.0,33.7,57.3,0.0,15.4
2019-06-11,Karimnagar,Gangadhara,0.0,27.9,41.0,28.6,73.4,1.2,13.0
2019-06-12,Karimnagar,Gangadhara,0.0,29.8,40.6,29.6,51.6,2.2,22.0
2019-06-13,Karimnagar,Gangadhara,0.0,27.4,38.8,31.7,55.1,7.5,24.2
2019-06-14,Karimnagar,Gangadhara,0.0,28.4,39.9,32.2,64.9,1.5,12.2
2019-06-15,Karimnagar,Gangadhara,0.0,29.6,39.2,33.3,55.6,0.9,11.2
2019-06-16,Karimnagar,Gangadhara,0.0,31.2,39.9,28.1,51.8,0.0,15.8
2019-06-17,Karimnagar,Gangadhara,0.0,27.7,39.3,30.7,73.1,0.0,11.8
2019-06-18,Karimnagar,Gangadhara,0.2,27.7,37.9,34.2,69.1,0.0,14.5
2019-06-19,Karimnagar,Gangadhara,0.3,28.9,38.5,30.8,61.0,0.0,8.1
2019-06-20,Karimnagar,Gangadhara,0.0,29.3,39.5,31.5,62.5,0.0,11.2
2019-06-21,Karimnagar,Gangadhara,22.6,22.9,38.2,35.5,99.3,0.1,23.2
2019-06-22,Karimnagar,Gangadhara,0.3,25.9,34.3,55.5,93.4,0.9,18.3
2019-06-23,Karimnagar,Gangadhara,0.3,25.1,33.4,57.8,92.1,0.0,15.6
2019-06-24,Karimnagar,Gangadhara,0.0,24.6,34.1,59.6,92.6,0.0,11.8
2019-06-25,Karimnagar,Gangadhara,6.6,25.4,35.0,57.8,93.6,1.9,8.2
2019-06-26,Karimnagar,Gangadhara,0.0,26.7,35.7,53.4,90.4,0.4,16.4
2019-06-27,Karimnagar,Gangadhara,1.3,26.6,37.1,50.5,82.3,2.7,20.7
2019-06-28,Karimnagar,Gangadhara,0.0,28.4,37.2,46.8,77.6,0.0,18.1
2019-06-29,Karimnagar,Gangadhara,5.4,24.2,34.7,53.0,98.4,4.8,19.2
2019-06-30,Karimnagar,Gangadhara,0.3,24.5,30.3,75.8,94.1,8.5,25.4
2019-07-01,Karimnagar,Gangadhara,24.2,23.8,29.5,72.6,99.5,2.9,23.6
2019-07-02,Karimnagar,Gangadhara,4.3,24.9,30.4,79.5,96.6,3.3,16.9
2019-07-03,Karimnagar,Gangadhara,6.4,23.9,31.2,76.6,98.5,2.7,20.5
2019-07-04,Karimnagar,Gangadhara,3.5,25.2,30.6,78.6,94.7,4.0,24.8
2019-07-05,Karimnagar,Gangadhara,0.0,26.1,34.4,57.3,88.5,1.7,24.3
2019-07-06,Karimnagar,Gangadhara,5.0,24.5,32.9,57.6,100.0,0.0,23.8
2019-07-07,Karimnagar,Gangadhara,0.3,25.9,31.2,61.3,86.8,9.1,23.3
2019-07-08,Karimnagar,Gangadhara,2.6,24.2,32.6,62.5,91.7,3.4,25.0
2019-07-09,Karimnagar,Gangadhara,2.9,25.4,33.9,58.8,89.5,4.0,22.0
2019-07-10,Karimnagar,Gangadhara,22.2,24.2,34.5,58.6,100.0,0.0,19.9
2019-07-11,Karimnagar,Gangadhara,6.5,25.1,34.9,58.2,91.9,1.5,22.8
2019-07-12,Karimnagar,Gangadhara,1.4,23.9,32.2,66.3,96.6,3.4,17.6
2019-07-13,Karimnagar,Gangadhara,0.0,25.5,33.6,61.6,86.9,2.6,18.1
2019-07-14,Karimnagar,Gangadhara,0.2,25.1,33.6,59.9,90.0,0.0,15.7
2019-07-15,Karimnagar,Gangadhara,0.2,25.7,34.9,54.3,83.6,0.0,21.4
2019-07-16,Karimnagar,Gangadhara,0.1,27.3,35.3,48.6,71.6,2.9,15.9
2019-07-17,Karimnagar,Gangadhara,0.0,26.3,35.6,43.8,78.4,0.0,16.9
2019-07-18,Karimnagar,Gangadhara,0.0,26.3,37.4,43.0,74.2,0.0,12.8
2019-07-19,Karimnagar,Gangadhara,1.2,24.4,37.8,38.4,97.8,0.0,14.0
2019-07-20,Karimnagar,Gangadhara,61.1,23.3,35.9,48.0,100.0,0.0,15.3
2019-07-21,Karimnagar,Gangadhara,3.7,24.8,32.9,73.7,100.0,0.0,12.0
2019-07-22,Karimnagar,Gangadhara,0.2,25.7,34.7,61.5,95.3,1.9,18.4
2019-07-23,Karimnagar,Gangadhara,0.0,25.2,35.2,57.5,97.3,2.8,13.8
2019-07-24,Karimnagar,Gangadhara,0.0,25.9,35.3,56.0,87.7,0.0,11.4
2019-07-25,Karimnagar,Gangadhara,0.0,26.2,33.8,62.9,89.2,0.0,16.1
2019-07-26,Karimnagar,Gangadhara,15.7,23.8,34.1,60.6,100.0,2.6,17.3
2019-07-27,Karimnagar,Gangadhara,15.8,23.2,27.0,86.5,100.0,1.6,21.7
2019-07-28,Karimnagar,Gangadhara,14.5,23.2,28.5,84.2,99.3,3.8,22.0
2019-07-29,Karimnagar,Gangadhara,19.6,23.3,26.7,90.9,100.0,5.3,18.5
2019-07-30,Karimnagar,Gangadhara,21.5,22.8,24.5,97.5,100.0,8.5,18.1
2019-07-31,Karimnagar,Gangadhara,1.5,23.6,27.3,88.3,97.1,15.8,24.0
2019-08-01,Karimnagar,Gangadhara,0.0,24.7,30.7,73.2,90.0,0.0,13.7
2019-08-02,Karimnagar,Gangadhara,28.5,23.2,28.3,83.1,100.0,5.3,22.9
2019-08-03,Karimnagar,Gangadhara,21.0,23.5,24.4,96.6,100.0,13.2,23.7
2019-08-04,Karimnagar,Gangadhara,14.6,23.6,25.9,91.2,99.8,11.9,25.8
2019-08-05,Karimnagar,Gangadhara,0.0,24.0,30.3,82.2,95.7,7.7,25.7
2019-08-06,Karimnagar,Gangadhara,10.1,23.9,31.3,78.9,100.0,5.2,22.6
2019-08-07,Karimnagar,Gangadhara,19.3,23.4,27.7,89.2,100.0,10.7,23.4
2019-08-08,Karimnagar,Gangadhara,15.8,23.5,25.4,95.4,100.0,7.8,16.8
2019-08-09,Karimnagar,Gangadhara,2.4,24.4,27.0,90.9,99.8,2.8,19.6
2019-08-10,Karimnagar,Gangadhara,0.0,24.2,30.7,80.0,96.2,4.1,24.0
2019-08-11,Karimnagar,Gangadhara,0.0,24.3,32.5,74.7,95.1,0.5,17.9
2019-08-12,Karimnagar,Gangadhara,11.5,23.4,32.4,71.1,100.0,0.8,16.4
2019-08-13,Karimnagar,Gangadhara,0.0,25.5,31.7,76.8,99.3,0.0,15.9
2019-08-14,Karimnagar,Gangadhara,1.8,24.2,27.8,87.6,100.0,0.0,16.6
2019-08-15,Karimnagar,Gangadhara,20.9,23.4,30.1,85.0,100.0,0.0,15.3
2019-08-16,Karimnagar,Gangadhara,0.0,24.5,32.2,76.6,99.8,0.1,15.1
2019-08-17,Karimnagar,Gangadhara,0.0,26.0,32.7,73.3,99.6,0.0,14.7
2019-08-18,Karimnagar,Gangadhara,0.0,24.9,31.4,75.5,100.0,0.0,13.9
2019-08-19,Karimnagar,Gangadhara,0.9,23.9,29.5,87.5,100.0,0.0,10.8
2019-08-20,Karimnagar,Gangadhara,0.0,25.8,33.6,72.4,97.6,0.0,15.4
2019-08-21,Karimnagar,Gangadhara,7.0,25.0,32.5,77.4,100.0,0.0,16.2
2019-08-22,Karimnagar,Gangadhara,8.8,24.2,31.8,82.3,100.0,0.7,15.4
2019-08-23,Karimnagar,Gangadhara,7.5,23.2,28.9,89.1,100.0,0.0,16.0
2019-08-24,Karimnagar,Gangadhara,0.0,24.6,26.9,94.8,100.0,0.0,13.2
2019-08-25,Karimnagar,Gangadhara,0.0,24.5,31.6,72.4,100.0,0.0,13.9
2019-08-26,Karimnagar,Gangadhara,0.0,24.9,31.7,78.1,96.8,2.4,15.3
2019-08-27,Karimnagar,Gangadhara,0.7,23.3,32.3,73.8,99.8,1.7,16.8
2019-08-28,Karimnagar,Gangadhara,0.0,24.5,32.5,62.0,100.0,0.0,16.4
2019-08-29,Karimnagar,Gangadhara,0.0,24.2,33.1,60.5,100.0,0.0,12.7
2019-08-30,Karimnagar,Gangadhara,0.0,25.7,34.8,62.3,98.4,0.0,13.7
2019-08-31,Karimnagar,Gangadhara,9.9,23.7,33.4,67.7,100.0,0.6,12.3
2019-09-01,Karimnagar,Gangadhara,2.9,23.4,30.2,85.2,100.0,2.5,15.5
2019-09-02,Karimnagar,Gangadhara,0.3,22.7,29.5,86.7,99.3,3.9,21.3
2019-09-03,Karimnagar,Gangadhara,22.2,23.1,27.4,89.0,100.0,3.5,19.8
2019-09-04,Karimnagar,Gangadhara,0.6,24.0,28.4,89.7,100.0,0.2,14.2
2019-09-05,Karimnagar,Gangadhara,0.0,24.3,29.4,89.1,97.2,12.7,14.5
2019-09-06,Karimnagar,Gangadhara,1.2,24.1,31.7,81.0,99.7,5.6,16.9
2019-09-07,Karimnagar,Gangadhara,0.9,23.9,28.0,89.7,99.8,0.0,20.0
2019-09-08,Karimnagar,Gangadhara,0.5,24.5,29.6,87.9,98.8,2.7,19.6
2019-09-09,Karimnagar,Gangadhara,7.4,24.0,30.2,86.9,100.0,1.3,17.6
2019-09-11,Karimnagar,Gangadhara,7.1,23.9,31.3,82.25,100.0,3.2,16.4
2019-09-12,Karimnagar,Gangadhara,14.8,23.35,30.95,80.65,100.0,2.9,18.7
2019-09-13,Karimnagar,Gangadhara,4.6,23.3,27.3,93.9,100.0,3.7,20.3
2019-09-14,Karimnagar,Gangadhara,0.4,22.9,31.95,78.4,100.0,1.9,20.9
2019-09-15,Karimnagar,Gangadhara,0.2,23.7,32.5,74.7,100.0,1.2,12.8
2019-09-16,Karimnagar,Gangadhara,0.0,24.5,32.1,77.5,100.0,0.0,13.4
2019-09-17,Karimnagar,Gangadhara,0.0,25.0,31.85,79.05,100.0,0.9,15.1
2019-09-18 00:00:00,Karimnagar,Gangadhara,78.9,22.9,32.3,81.5,100.0,0.0,11.7
2019-09-19 00:00:00,Karimnagar,Gangadhara,1.5,23.4,31.9,83.1,100.0,0.0,11.1
2019-09-20 00:00:00,Karimnagar,Gangadhara,8.1,23.9,31.2,87.6,100.0,0.0,9.5
2019-09-21 00:00:00,Karimnagar,Gangadhara,12.0,23.6,33.3,69.6,100.0,0.0,8.4
2019-09-22 00:00:00,Karimnagar,Gangadhara,2.3,23.3,33.1,76.4,100.0,0.0,12.2
2019-09-23 00:00:00,Karimnagar,Gangadhara,0.0,23.9,34.0,64.6,100.0,0.0,9.5
2019-09-24 00:00:00,Karimnagar,Gangadhara,47.2,22.5,34.3,69.1,100.0,0.0,14.4
2019-09-25 00:00:00,Karimnagar,Gangadhara,71.2,22.55,33.2,78.65,100.0,0.0,9.1
2019-09-26 00:00:00,Karimnagar,Gangadhara,1.3,23.85,29.55,92.15,100.0,4.5,11.8
2019-09-27 00:00:00,Karimnagar,Gangadhara,45.7,22.55,27.7,93.85,100.0,0.7,14.2
2019-09-28 00:00:00,Karimnagar,Gangadhara,32.9,22.85,31.25,84.5,100.0,0.0,15.3
2019-09-29 00:00:00,Karimnagar,Gangadhara,0.0,22.75,31.45,82.4,100.0,0.0,14.7
2019-09-30 00:00:00,Karimnagar,Gangadhara,103.3,21.15,31.7,83.8,100.0,0.0,11.7
2019-10-01,Karimnagar,Gangadhara,3.5,22.5,31.5,84.45,100.0,0.0,15.1
2019-10-02,Karimnagar,Gangadhara,2.7,22.9,31.8,86.5,100.0,0.0,10.5
2019-10-03,Karimnagar,Gangadhara,0.0,23.0,32.6,72.7,100.0,0.0,10.5
2019-10-04,Karimnagar,Gangadhara,0.0,22.5,32.4,72.0,100.0,0.0,9.5
2019-10-05,Karimnagar,Gangadhara,0.0,22.0,32.7,69.4,100.0,0.0,7.3
2019-10-06,Karimnagar,Gangadhara,0.0,22.7,32.5,73.4,100.0,0.0,8.7
2019-10-07,Karimnagar,Gangadhara,1.2,21.9,32.0,75.6,100.0,0.0,10.3
2019-10-08,Karimnagar,Gangadhara,0.0,22.6,32.0,75.1,100.0,0.0,8.5
2019-10-09,Karimnagar,Gangadhara,0.0,22.8,31.7,75.5,100.0,0.0,6.4
2019-10-10,Karimnagar,Gangadhara,11.3,22.1,31.2,81.0,100.0,0.0,7.1
2019-10-11,Karimnagar,Gangadhara,8.3,21.8,31.6,80.5,100.0,0.0,7.8
2019-10-12,Karimnagar,Gangadhara,6.7,23.3,32.2,77.3,100.0,0.0,7.6
2019-10-13,Karimnagar,Gangadhara,1.9,22.6,32.3,78.1,100.0,0.0,8.4
2019-10-14,Karimnagar,Gangadhara,0.0,23.4,31.8,76.6,100.0,0.0,8.5
2019-10-15,Karimnagar,Gangadhara,0.0,21.5,31.5,74.9,100.0,0.0,7.7
2019-10-16,Karimnagar,Gangadhara,0.0,21.1,31.4,73.6,100.0,0.0,9.6
2019-10-17,Karimnagar,Gangadhara,0.0,20.9,30.8,79.7,100.0,0.0,8.8
2019-10-18,Karimnagar,Gangadhara,10.6,22.5,32.1,71.1,100.0,0.0,10.9
2019-10-19,Karimnagar,Gangadhara,15.4,22.0,30.1,82.7,100.0,0.0,9.3
2019-10-20,Karimnagar,Gangadhara,5.8,22.2,30.2,82.1,100.0,0.0,8.0
2019-10-21,Karimnagar,Gangadhara,20.0,22.2,29.1,87.3,100.0,0.0,8.8
2019-10-22,Karimnagar,Gangadhara,0.0,21.1,29.2,87.9,100.0,0.0,8.4
2019-10-23,Karimnagar,Gangadhara,0.0,22.4,30.7,79.5,99.8,0.0,9.2
2019-10-24,Karimnagar,Gangadhara,1.5,21.9,31.0,81.4,100.0,0.0,15.5
2019-10-25,Karimnagar,Gangadhara,60.8,21.4,30.6,81.3,100.0,0.0,14.3
2019-10-26,Karimnagar,Gangadhara,0.9,23.4,30.6,77.8,100.0,0.0,7.0
2019-10-27,Karimnagar,Gangadhara,9.1,21.3,32.8,70.5,100.0,0.0,12.2
2019-10-28,Karimnagar,Gangadhara,0.0,23.3,32.3,73.8,100.0,0.0,9.6
2019-10-29,Karimnagar,Gangadhara,10.4,21.4,31.2,80.3,100.0,0.0,9.0
2019-10-30,Karimnagar,Gangadhara,0.0,22.4,33.1,81.7,100.0,0.0,8.9
2019-10-31,Karimnagar,Gangadhara,25.2,21.3,28.4,98.3,100.0,0.0,12.1
2019-11-01,Karimnagar,Gangadhara,0.0,22.6,28.2,92.7,100.0,0.0,4.9
2019-11-02,Karimnagar,Gangadhara,0.0,23.0,30.8,78.3,100.0,0.0,7.8
2019-11-03,Karimnagar,Gangadhara,11.2,21.5,33.7,55.6,100.0,0.0,13.8
2019-11-04,Karimnagar,Gangadhara,0.0,20.7,31.0,80.6,100.0,0.0,5.9
2019-11-05,Karimnagar,Gangadhara,0.0,20.5,31.8,49.4,100.0,0.0,7.6
2019-11-06,Karimnagar,Gangadhara,0.0,21.2,32.3,56.2,100.0,0.0,5.5
2019-11-07,Karimnagar,Gangadhara,0.0,20.8,31.6,56.0,100.0,0.0,6.3
2019-11-08,Karimnagar,Gangadhara,0.0,20.3,32.4,57.3,100.0,0.0,6.6
2019-11-09,Karimnagar,Gangadhara,0.0,19.5,31.4,61.3,100.0,0.0,6.3
2019-11-10,Karimnagar,Gangadhara,0.0,17.7,30.4,62.4,100.0,0.0,6.8
2019-11-11,Karimnagar,Gangadhara,0.0,19.6,30.7,48.5,100.0,0.0,9.7
2019-11-12,Karimnagar,Gangadhara,0.0,19.1,30.7,45.9,100.0,0.0,8.1
2019-11-13,Karimnagar,Gangadhara,0.0,16.7,30.5,43.3,100.0,0.0,8.7
2019-11-14,Karimnagar,Gangadhara,0.0,16.5,29.3,42.3,100.0,0.0,9.6
2019-11-15,Karimnagar,Gangadhara,0.0,18.8,29.9,43.8,100.0,0.0,5.4
2019-11-16,Karimnagar,Gangadhara,0.0,17.7,30.0,52.6,100.0,0.0,5.3
2019-11-17,Karimnagar,Gangadhara,0.0,18.5,31.3,48.8,100.0,0.0,6.4
2019-11-18,Karimnagar,Gangadhara,0.0,17.6,31.2,46.3,100.0,0.0,8.3
2019-11-19,Karimnagar,Gangadhara,0.0,17.5,30.4,40.0,100.0,0.0,7.7
2019-11-20,Karimnagar,Gangadhara,0.0,16.5,30.9,47.1,100.0,0.0,5.6
2019-11-21,Karimnagar,Gangadhara,0.0,17.5,30.8,52.4,93.4,0.0,6.8
2019-11-22,Karimnagar,Gangadhara,0.0,17.1,30.5,60.2,99.8,0.0,6.3
2019-11-23,Karimnagar,Gangadhara,0.0,15.8,31.0,52.2,93.8,0.0,6.9
2019-11-24,Karimnagar,Gangadhara,0.0,15.6,29.7,51.2,93.9,0.0,6.1
2019-11-25,Karimnagar,Gangadhara,0.0,16.2,29.7,50.0,93.9,0.0,6.6
2019-11-26,Karimnagar,Gangadhara,0.0,17.2,29.8,53.2,91.0,0.0,9.6
2019-11-27,Karimnagar,Gangadhara,0.0,17.3,30.2,53.3,94.0,0.0,12.9
2019-11-28,Karimnagar,Gangadhara,0.0,16.3,30.1,50.5,100.0,0.0,8.8
2019-11-29,Karimnagar,Gangadhara,0.0,18.1,30.3,43.9,100.0,0.0,12.0
2019-11-30,Karimnagar,Gangadhara,0.0,18.1,30.4,46.7,100.0,0.0,10.9
2019-12-01,Karimnagar,Gangadhara,0.0,18.5,30.7,44.2,100.0,0.0,7.7
2019-12-02,Karimnagar,Gangadhara,0.0,22.7,30.5,47.4,100.0,0.0,8.3
2019-12-03,Karimnagar,Gangadhara,0.0,20.9,26.9,76.3,99.5,0.0,7.9
2019-12-04,Karimnagar,Gangadhara,0.0,18.8,28.75,68.55,94.05,0.0,7.7
2019-12-05,Karimnagar,Gangadhara,0.0,16.4,28.75,53.55,93.6,0.0,10.2
2019-12-06,Karimnagar,Gangadhara,0.0,15.65,28.35,51.05,93.25,0.0,9.0
2019-12-07,Karimnagar,Gangadhara,0.0,15.65,28.0,51.65,93.8,0.0,7.8
2019-12-08,Karimnagar,Gangadhara,0.0,16.0,27.4,56.05,93.65,0.0,6.2
2019-12-09,Karimnagar,Gangadhara,0.0,17.6,29.6,62.4,93.75,0.0,5.3
2019-12-10,Karimnagar,Gangadhara,0.0,17.05,29.25,53.95,93.95,0.0,7.6
2019-12-11,Karimnagar,Gangadhara,0.0,16.55,30.1,53.8,93.9,0.0,5.5
2019-12-12,Karimnagar,Gangadhara,0.0,16.4,30.65,53.3,93.85,0.0,7.7
2019-12-13,Karimnagar,Gangadhara,0.0,17.75,29.35,51.15,93.8,0.0,11.3
2019-12-14,Karimnagar,Gangadhara,0.0,18.2,30.25,51.05,93.8,0.0,15.1
2019-12-15,Karimnagar,Gangadhara,0.0,18.6,30.7,53.65,93.85,0.0,12.4
2019-12-16,Karimnagar,Gangadhara,0.0,17.2,30.45,51.2,100.0,0.0,15.8
2019-12-17,Karimnagar,Gangadhara,0.0,16.9,30.6,50.0,93.9,0.0,12.7
2019-12-18,Karimnagar,Gangadhara,0.0,17.65,28.75,55.9,100.0,0.0,7.2
2019-12-19,Karimnagar,Gangadhara,0.0,16.1,28.4,54.2,100.0,0.0,7.8
2019-12-20,Karimnagar,Gangadhara,0.0,15.95,28.85,50.9,100.0,0.0,6.3
2019-12-21,Karimnagar,Gangadhara,0.0,16.65,29.25,49.5,100.0,0.0,5.7
2019-12-22,Karimnagar,Gangadhara,0.0,16.55,28.15,53.7,93.75,0.0,6.3
2019-12-23,Karimnagar,Gangadhara,0.0,16.6,29.1,53.8,100.0,0.0,9.0
2019-12-24,Karimnagar,Gangadhara,0.0,17.05,27.95,59.7,93.7,0.4,9.8
2019-12-25,Karimnagar,Gangadhara,0.0,18.5,28.7,46.55,100.0,0.0,14.4
2019-12-26,Karimnagar,Gangadhara,0.0,20.6,29.15,47.8,99.45,0.0,13.5
2019-12-27,Karimnagar,Gangadhara,0.0,20.5,26.45,76.0,100.0,0.0,12.4
2019-12-28,Karimnagar,Gangadhara,0.0,15.65,25.3,60.05,100.0,0.0,7.1
2019-12-29,Karimnagar,Gangadhara,0.0,13.0,25.3,42.0,82.7,0.0,5.6
2019-12-30,Karimnagar,Gangadhara,0.0,13.25,26.7,31.75,84.8,0.0,7.2
2019-12-31,Karimnagar,Gangadhara,0.0,19.4,27.55,44.3,96.6,0.0,9.0
