Date,District,Mandal,Rainfall (mm),temp_min (⁰C),temp_max (⁰C),humidity_min (%),Humidity_max (%),wind_speed_min (Kmph),wind_speed_max (Kmph)
2019-01-01,Karimnagar,Gannervaram,0.0,9.3,31.6,25.8,91.9,0.0,16.1
2019-01-02,Karimnagar,Gannervaram,0.0,9.4,32.9,20.2,87.1,0.0,6.5
2019-01-03,Karimnagar,Gannervaram,0.0,17.0,35.5,20.7,73.5,0.0,3.5
2019-01-04,Karimnagar,Gannervaram,0.0,9.2,35.5,24.1,86.2,0.0,9.0
2019-01-05,Karimnagar,Gannervaram,0.0,11.4,35.5,26.5,92.4,0.0,14.0
2019-01-06,Karimnagar,Gannervaram,0.0,11.4,35.5,30.7,91.3,0.0,9.5
2019-01-07,Karimnagar,Gannervaram,0.0,14.1,33.0,35.3,94.0,0.0,16.5
2019-01-08,Karimnagar,Gannervaram,0.0,17.2,33.3,39.0,93.2,0.0,21.7
2019-01-09,Karimnagar,Gannervaram,0.0,16.6,33.0,30.5,94.7,0.0,10.8
2019-01-10,Karimnagar,Gannervaram,0.0,15.4,33.5,22.2,91.8,0.0,15.4
2019-01-11,Karimnagar,Gannervaram,0.0,9.5,33.6,23.6,90.7,0.0,13.5
2019-01-12,Karimnagar,Gannervaram,0.0,10.0,35.5,26.6,83.5,0.0,12.6
2019-01-13,Karimnagar,Gannervaram,0.0,15.5,35.5,39.6,85.7,0.0,24.4
2019-01-14,Karimnagar,Gannervaram,0.0,17.4,35.5,45.9,93.0,0.0,17.5
2019-01-15,Karimnagar,Gannervaram,0.0,17.7,35.5,43.9,91.2,0.0,16.2
2019-01-16,Karimnagar,Gannervaram,0.0,17.5,33.3,49.0,93.1,0.0,10.2
2019-01-17,Karimnagar,Gannervaram,0.0,18.0,33.8,31.5,95.7,0.0,8.3
2019-01-18,Karimnagar,Gannervaram,0.0,16.2,33.1,30.4,91.1,0.0,11.7
2019-01-19,Karimnagar,Gannervaram,0.0,11.8,33.3,28.5,87.4,0.0,12.4
2019-01-20,Karimnagar,Gannervaram,0.0,17.2,32.7,30.0,82.0,0.0,17.9
2019-01-21,Karimnagar,Gannervaram,0.0,12.8,33.9,24.8,91.7,0.0,19.1
2019-01-22,Karimnagar,Gannervaram,0.0,11.9,33.4,21.9,90.9,0.0,10.3
2019-01-23,Karimnagar,Gannervaram,0.0,11.7,33.8,29.3,90.6,0.0,21.7
2019-01-24,Karimnagar,Gannervaram,0.0,16.8,32.7,33.2,86.3,0.0,14.2
2019-01-25,Karimnagar,Gannervaram,0.0,18.9,32.3,46.1,93.0,0.0,16.8
2019-01-26,Karimnagar,Gannervaram,1.5,18.6,32.5,50.9,95.0,0.0,14.7
2019-01-27,Karimnagar,Gannervaram,50.7,20.0,29.0,50.4,84.9,0.0,20.2
2019-01-28,Karimnagar,Gannervaram,15.5,19.9,25.3,61.4,96.2,0.0,18.8
2019-01-29,Karimnagar,Gannervaram,0.0,18.2,27.0,62.2,97.2,0.0,7.7
2019-01-30,Karimnagar,Gannervaram,0.0,18.2,27.0,31.8,87.1,0.0,6.5
2019-01-31,Karimnagar,Gannervaram,0.0,19.5,29.2,30.9,95.9,0.0,3.3
2019-02-01,Karimnagar,Gannervaram,0.0,13.6,31.0,58.3,82.7,0.0,7.6
2019-02-02,Karimnagar,Gannervaram,0.0,14.5,26.1,31.8,92.4,0.0,8.4
2019-02-03,Karimnagar,Gannervaram,0.0,18.3,28.9,43.8,90.5,0.0,14.1
2019-02-04,Karimnagar,Gannervaram,0.0,16.7,28.5,42.3,94.8,0.0,21.2
2019-02-05,Karimnagar,Gannervaram,0.0,18.8,29.1,44.3,86.7,0.0,12.5
2019-02-06,Karimnagar,Gannervaram,0.0,18.5,30.8,46.0,91.4,0.0,18.5
2019-02-07,Karimnagar,Gannervaram,0.0,20.1,31.6,35.6,89.6,0.0,16.2
2019-02-08,Karimnagar,Gannervaram,0.0,18.1,32.9,36.8,89.1,0.0,16.8
2019-02-09,Karimnagar,Gannervaram,0.0,17.3,31.2,35.4,94.0,0.0,18.2
2019-02-10,Karimnagar,Gannervaram,0.0,14.8,32.6,27.6,66.8,0.0,28.7
2019-02-11,Karimnagar,Gannervaram,0.0,19.8,30.2,32.6,82.4,0.0,3.6
2019-02-12,Karimnagar,Gannervaram,0.0,19.8,33.4,46.5,88.1,0.0,5.7
2019-02-13,Karimnagar,Gannervaram,0.0,19.0,31.9,28.6,84.1,0.0,6.5
2019-02-14,Karimnagar,Gannervaram,0.0,18.3,33.4,45.3,75.0,0.0,14.2
2019-02-15,Karimnagar,Gannervaram,0.0,17.8,32.3,49.9,94.9,0.0,18.8
2019-02-16,Karimnagar,Gannervaram,4.3,20.3,34.5,30.9,90.7,0.0,17.7
2019-02-17,Karimnagar,Gannervaram,0.0,17.9,33.2,37.9,94.4,0.0,20.4
2019-02-18,Karimnagar,Gannervaram,0.0,19.6,31.7,48.1,96.4,0.0,0.2
2019-02-19,Karimnagar,Gannervaram,0.0,21.8,32.5,36.2,86.2,0.0,7.2
2019-02-20,Karimnagar,Gannervaram,0.0,23.4,33.2,45.8,84.8,0.0,23.4
2019-02-21,Karimnagar,Gannervaram,0.0,22.2,32.8,44.0,84.5,0.0,29.2
2019-02-22,Karimnagar,Gannervaram,0.0,24.0,34.3,32.7,67.5,0.0,20.5
2019-02-23,Karimnagar,Gannervaram,0.0,22.8,35.5,33.1,68.5,0.0,7.0
2019-02-24,Karimnagar,Gannervaram,0.0,22.5,38.3,25.1,59.2,0.0,2.1
2019-02-25,Karimnagar,Gannervaram,0.0,22.3,37.8,26.3,62.7,0.0,10.7
2019-02-26,Karimnagar,Gannervaram,0.0,22.1,36.6,18.2,46.7,0.0,18.0
2019-02-27,Karimnagar,Gannervaram,0.0,20.1,33.0,34.1,79.1,0.0,17.2
2019-02-28,Karimnagar,Gannervaram,0.0,22.9,33.6,37.7,86.2,0.0,8.1
2019-03-01,Karimnagar,Gannervaram,0.0,19.7,33.1,32.1,75.1,0.0,5.3
2019-03-02,Karimnagar,Gannervaram,0.0,18.0,32.4,28.4,77.1,0.0,16.2
2019-03-03,Karimnagar,Gannervaram,0.0,23.8,32.1,50.6,74.7,0.0,20.2
2019-03-04,Karimnagar,Gannervaram,0.0,22.1,32.4,47.5,84.8,0.0,28.7
2019-03-05,Karimnagar,Gannervaram,0.0,22.1,34.5,42.6,75.2,0.0,21.9
2019-03-06,Karimnagar,Gannervaram,0.0,20.1,34.7,27.2,57.0,0.0,10.4
2019-03-07,Karimnagar,Gannervaram,0.0,20.4,35.0,22.3,50.7,0.0,18.5
2019-03-08,Karimnagar,Gannervaram,0.0,20.2,34.6,27.0,63.4,0.0,0.5
2019-03-09,Karimnagar,Gannervaram,0.0,20.2,35.9,21.9,46.9,0.0,11.8
2019-03-10,Karimnagar,Gannervaram,0.0,22.0,33.4,26.1,57.9,0.0,13.6
2019-03-11,Karimnagar,Gannervaram,0.0,22.3,35.9,31.4,65.0,0.0,11.4
2019-03-12,Karimnagar,Gannervaram,0.0,22.9,36.8,35.1,80.6,0.0,5.0
2019-03-13,Karimnagar,Gannervaram,0.0,24.0,35.9,57.5,75.4,0.0,8.4
2019-03-14,Karimnagar,Gannervaram,0.0,22.9,37.2,37.2,62.6,0.0,17.4
2019-03-15,Karimnagar,Gannervaram,0.0,23.0,39.0,18.6,59.2,0.0,20.8
2019-03-16,Karimnagar,Gannervaram,0.0,22.2,38.2,17.3,71.5,0.0,26.7
2019-03-17,Karimnagar,Gannervaram,0.0,25.5,37.5,23.0,59.9,0.0,21.4
2019-03-18,Karimnagar,Gannervaram,0.0,23.3,36.8,23.1,79.1,0.0,17.5
2019-03-19,Karimnagar,Gannervaram,0.0,21.5,33.8,34.5,70.7,0.0,28.7
2019-03-20,Karimnagar,Gannervaram,0.0,22.6,36.9,37.6,85.8,0.0,16.4
2019-03-21,Karimnagar,Gannervaram,0.0,24.4,35.4,42.0,75.3,0.0,30.6
2019-03-22,Karimnagar,Gannervaram,0.0,24.2,37.6,31.3,77.4,0.0,17.5
2019-03-23,Karimnagar,Gannervaram,0.0,26.2,36.5,41.7,74.2,0.0,8.6
2019-03-24,Karimnagar,Gannervaram,0.0,27.0,36.2,39.2,64.2,0.0,20.0
2019-03-25,Karimnagar,Gannervaram,0.0,28.9,37.3,31.7,58.3,0.0,14.0
2019-03-26,Karimnagar,Gannervaram,0.0,26.3,37.6,30.9,72.8,0.0,22.1
2019-03-27,Karimnagar,Gannervaram,0.0,25.2,36.1,41.9,69.0,0.0,8.2
2019-03-28,Karimnagar,Gannervaram,0.0,25.9,38.4,32.0,63.4,0.0,23.2
2019-03-29,Karimnagar,Gannervaram,0.0,26.7,37.8,36.5,50.8,0.0,25.9
2019-03-30,Karimnagar,Gannervaram,0.0,26.1,38.0,27.8,58.3,0.0,15.4
2019-03-31,Karimnagar,Gannervaram,0.0,25.3,38.3,25.3,65.8,0.0,27.9
2019-04-01,Karimnagar,Gannervaram,0.0,28.2,40.5,17.8,68.0,0.0,13.4
2019-04-02,Karimnagar,Gannervaram,0.0,25.6,39.9,15.3,59.1,0.0,25.6
2019-04-03,Karimnagar,Gannervaram,0.0,23.4,39.1,25.9,56.7,0.0,13.1
2019-04-04,Karimnagar,Gannervaram,0.0,23.1,38.0,40.3,71.0,0.0,28.4
2019-04-05,Karimnagar,Gannervaram,0.0,25.0,37.8,28.1,82.9,0.0,31.2
2019-04-06,Karimnagar,Gannervaram,0.0,24.7,38.6,25.5,47.8,0.0,19.5
2019-04-07,Karimnagar,Gannervaram,0.0,26.6,40.0,22.5,49.3,0.0,13.1
2019-04-08,Karimnagar,Gannervaram,0.0,25.3,39.2,22.7,67.7,0.0,15.2
2019-04-09,Karimnagar,Gannervaram,0.0,25.2,39.2,27.6,78.9,0.0,18.7
2019-04-10,Karimnagar,Gannervaram,0.0,24.2,39.6,22.5,78.0,0.0,39.0
2019-04-11,Karimnagar,Gannervaram,0.0,22.6,38.9,26.8,91.6,0.0,20.7
2019-04-12,Karimnagar,Gannervaram,0.0,26.1,42.8,16.6,60.5,0.0,14.0
2019-04-13,Karimnagar,Gannervaram,0.0,23.2,41.9,21.4,53.6,0.0,20.0
2019-04-14,Karimnagar,Gannervaram,0.0,25.0,38.6,23.0,65.3,0.0,8.9
2019-04-15,Karimnagar,Gannervaram,0.0,25.5,41.9,19.1,66.2,0.0,21.1
2019-04-16,Karimnagar,Gannervaram,0.0,28.6,41.6,18.5,47.7,0.0,22.8
2019-04-17,Karimnagar,Gannervaram,0.0,25.9,38.9,21.0,57.7,0.0,18.4
2019-04-18,Karimnagar,Gannervaram,0.0,27.5,38.3,30.1,64.4,0.0,24.5
2019-04-19,Karimnagar,Gannervaram,0.0,24.5,37.8,32.5,72.2,0.0,30.0
2019-04-20,Karimnagar,Gannervaram,6.0,23.0,37.7,37.2,92.1,0.0,21.6
2019-04-21,Karimnagar,Gannervaram,0.8,23.2,37.2,39.2,89.2,0.0,21.4
2019-04-22,Karimnagar,Gannervaram,0.0,24.9,38.2,31.0,85.4,0.0,24.7
2019-04-23,Karimnagar,Gannervaram,0.0,26.6,37.6,31.9,69.9,0.0,34.8
2019-04-24,Karimnagar,Gannervaram,0.0,26.4,39.4,23.5,64.5,0.0,9.7
2019-04-25,Karimnagar,Gannervaram,0.0,27.3,40.6,20.1,61.1,0.0,15.5
2019-04-26,Karimnagar,Gannervaram,0.0,29.8,40.8,20.7,53.0,0.0,9.3
2019-04-27,Karimnagar,Gannervaram,0.0,26.8,41.0,19.4,60.9,0.0,13.1
2019-04-28,Karimnagar,Gannervaram,0.0,29.1,41.8,18.0,52.0,0.0,19.2
2019-04-29,Karimnagar,Gannervaram,0.0,27.7,41.3,23.9,55.3,0.0,20.3
2019-04-30,Karimnagar,Gannervaram,0.0,30.3,41.8,22.9,60.5,0.0,23.4
2019-05-01,Karimnagar,Gannervaram,0.0,28.6,41.6,23.1,61.5,0.0,12.6
2019-05-02,Karimnagar,Gannervaram,0.0,29.2,40.6,26.4,57.9,2.3,13.9
2019-05-03,Karimnagar,Gannervaram,0.0,27.9,40.4,14.2,62.1,0.0,41.9
2019-05-04,Karimnagar,Gannervaram,0.0,27.8,41.0,14.1,33.2,0.0,20.3
2019-05-05,Karimnagar,Gannervaram,0.0,30.0,41.7,14.5,33.0,0.0,18.2
2019-05-06,Karimnagar,Gannervaram,0.0,29.4,40.4,15.0,30.8,0.0,28.4
2019-05-07,Karimnagar,Gannervaram,0.0,27.6,42.0,12.8,36.3,0.0,21.2
2019-05-08,Karimnagar,Gannervaram,0.0,29.3,42.3,14.8,35.1,0.0,13.7
2019-05-09,Karimnagar,Gannervaram,0.0,27.6,43.6,12.5,58.6,0.0,21.8
2019-05-10,Karimnagar,Gannervaram,0.0,28.6,42.3,12.9,37.6,0.0,32.2
2019-05-11,Karimnagar,Gannervaram,0.0,28.6,42.4,13.0,38.9,0.0,21.1
2019-05-12,Karimnagar,Gannervaram,0.0,29.6,41.5,23.0,46.4,0.0,24.8
2019-05-13,Karimnagar,Gannervaram,0.0,27.9,41.8,18.5,57.6,0.0,4.4
2019-05-14,Karimnagar,Gannervaram,0.0,28.6,42.3,21.0,59.5,0.0,23.9
2019-05-15,Karimnagar,Gannervaram,0.0,29.5,40.1,26.1,75.9,0.0,25.0
2019-05-16,Karimnagar,Gannervaram,0.0,28.6,43.0,22.1,68.4,0.0,26.4
2019-05-17,Karimnagar,Gannervaram,0.0,29.6,42.1,21.0,69.0,0.0,18.2
2019-05-18,Karimnagar,Gannervaram,0.0,30.3,43.1,16.1,51.1,0.0,23.2
2019-05-19,Karimnagar,Gannervaram,0.0,29.9,43.2,14.7,54.3,0.0,22.9
2019-05-20,Karimnagar,Gannervaram,0.0,30.4,43.9,15.4,52.2,0.0,20.2
2019-05-21,Karimnagar,Gannervaram,0.0,29.1,41.9,24.5,60.1,0.0,26.6
2019-05-22,Karimnagar,Gannervaram,1.5,25.7,41.0,26.4,73.0,0.0,28.9
2019-05-23,Karimnagar,Gannervaram,0.0,29.7,42.9,22.6,71.5,0.0,16.0
2019-05-24,Karimnagar,Gannervaram,1.3,27.3,43.5,24.0,74.9,0.0,17.4
2019-05-25,Karimnagar,Gannervaram,0.0,31.3,41.6,26.8,57.8,0.0,22.9
2019-05-26,Karimnagar,Gannervaram,0.0,31.3,43.6,17.5,55.6,0.0,20.8
2019-05-27,Karimnagar,Gannervaram,0.0,31.8,44.5,16.5,55.6,0.0,41.9
2019-05-28,Karimnagar,Gannervaram,0.0,30.4,45.0,14.6,63.8,0.0,28.1
2019-05-29,Karimnagar,Gannervaram,0.0,31.1,43.8,19.5,61.7,0.0,23.0
2019-05-30,Karimnagar,Gannervaram,0.0,29.1,43.3,22.8,56.9,0.0,22.7
2019-05-31,Karimnagar,Gannervaram,0.0,29.8,40.2,31.4,66.3,0.0,18.6
2019-06-01,Karimnagar,Gannervaram,0.0,28.6,42.9,25.2,61.7,0.0,17.9
2019-06-02,Karimnagar,Gannervaram,0.0,25.2,35.9,39.7,80.5,0.0,23.1
2019-06-03,Karimnagar,Gannervaram,0.0,30.9,43.2,20.5,58.8,0.0,32.6
2019-06-04,Karimnagar,Gannervaram,5.3,23.5,42.4,25.7,85.2,0.0,50.5
2019-06-05,Karimnagar,Gannervaram,0.0,30.2,39.3,35.3,62.9,0.0,20.1
2019-06-06,Karimnagar,Gannervaram,0.0,31.0,42.8,25.2,59.1,0.0,19.8
2019-06-07,Karimnagar,Gannervaram,0.0,28.1,43.4,22.9,58.6,0.0,46.6
2019-06-08,Karimnagar,Gannervaram,23.5,22.7,42.2,26.5,90.4,0.0,20.5
2019-06-09,Karimnagar,Gannervaram,0.0,28.1,35.4,45.4,75.5,0.0,34.3
2019-06-10,Karimnagar,Gannervaram,0.0,30.6,41.8,28.7,56.6,0.0,36.0
2019-06-11,Karimnagar,Gannervaram,0.0,28.9,41.2,28.0,69.9,0.0,34.1
2019-06-12,Karimnagar,Gannervaram,0.0,31.0,40.9,28.6,47.5,0.0,31.4
2019-06-13,Karimnagar,Gannervaram,0.0,28.5,39.8,31.8,58.5,1.8,53.7
2019-06-14,Karimnagar,Gannervaram,0.0,28.9,38.9,32.3,61.4,13.9,39.0
2019-06-15,Karimnagar,Gannervaram,0.0,30.4,38.6,33.3,54.9,0.0,44.1
2019-06-16,Karimnagar,Gannervaram,0.0,30.9,39.5,27.4,52.3,4.4,42.8
2019-06-17,Karimnagar,Gannervaram,0.0,32.0,39.2,28.5,47.6,3.5,42.9
2019-06-18,Karimnagar,Gannervaram,0.5,29.3,36.9,35.5,64.2,0.0,54.6
2019-06-19,Karimnagar,Gannervaram,0.0,30.7,38.0,29.4,52.4,0.0,41.6
2019-06-20,Karimnagar,Gannervaram,0.0,26.2,38.8,27.0,63.8,3.1,39.6
2019-06-21,Karimnagar,Gannervaram,53.3,23.6,38.0,37.3,96.2,0.0,37.0
2019-06-22,Karimnagar,Gannervaram,0.0,25.7,34.2,56.0,95.6,0.0,22.0
2019-06-23,Karimnagar,Gannervaram,26.8,25.0,32.6,62.5,94.6,0.0,31.1
2019-06-24,Karimnagar,Gannervaram,0.0,25.1,32.5,63.9,95.2,0.0,12.4
2019-06-25,Karimnagar,Gannervaram,76.0,24.1,33.6,60.9,95.7,0.0,25.1
2019-06-26,Karimnagar,Gannervaram,2.5,26.9,35.6,56.4,93.1,0.0,17.2
2019-06-27,Karimnagar,Gannervaram,0.0,26.9,37.1,47.2,77.4,0.0,29.4
2019-06-28,Karimnagar,Gannervaram,0.0,27.6,36.9,45.1,72.0,0.0,36.2
2019-06-29,Karimnagar,Gannervaram,2.0,24.7,34.7,48.4,91.0,8.8,44.7
2019-06-30,Karimnagar,Gannervaram,1.8,23.5,31.6,79.9,90.2,0.0,44.0
2019-07-01,Karimnagar,Gannervaram,21.0,22.8,28.1,72.1,95.8,0.0,39.9
2019-07-02,Karimnagar,Gannervaram,0.8,24.9,29.9,67.5,90.1,0.0,26.6
2019-07-03,Karimnagar,Gannervaram,43.0,23.2,30.8,66.9,95.6,0.0,36.6
2019-07-04,Karimnagar,Gannervaram,0.5,25.6,30.9,68.2,86.7,0.0,46.8
2019-07-05,Karimnagar,Gannervaram,0.0,26.3,33.4,54.2,79.8,0.0,42.2
2019-07-06,Karimnagar,Gannervaram,7.0,24.9,33.7,52.4,92.2,0.0,55.0
2019-07-07,Karimnagar,Gannervaram,0.3,26.4,31.7,56.2,78.8,13.4,44.6
2019-07-08,Karimnagar,Gannervaram,31.3,23.2,33.9,53.9,95.0,0.0,49.7
2019-07-09,Karimnagar,Gannervaram,2.0,24.5,34.5,56.2,92.5,0.0,40.7
2019-07-10,Karimnagar,Gannervaram,4.0,24.3,33.6,56.1,93.5,0.0,38.8
2019-07-11,Karimnagar,Gannervaram,5.5,24.7,35.5,49.7,92.7,0.0,37.6
2019-07-12,Karimnagar,Gannervaram,4.0,24.4,31.2,63.5,91.6,0.0,30.5
2019-07-13,Karimnagar,Gannervaram,0.0,26.1,33.0,57.3,83.9,0.0,34.1
2019-07-14,Karimnagar,Gannervaram,0.0,25.6,34.4,51.7,87.0,0.0,31.6
2019-07-15,Karimnagar,Gannervaram,0.0,25.4,34.6,48.4,83.4,0.0,35.4
2019-07-16,Karimnagar,Gannervaram,0.3,26.2,34.4,45.6,75.7,0.0,26.4
2019-07-17,Karimnagar,Gannervaram,0.0,26.6,35.4,44.3,74.8,0.0,36.4
2019-07-18,Karimnagar,Gannervaram,0.0,26.1,36.5,41.7,76.7,0.0,28.4
2019-07-19,Karimnagar,Gannervaram,0.0,25.3,37.7,39.3,88.7,0.0,27.3
2019-07-20,Karimnagar,Gannervaram,44.3,23.6,36.1,46.3,95.8,0.0,20.0
2019-07-21,Karimnagar,Gannervaram,0.0,24.9,33.5,64.7,95.5,0.0,9.7
2019-07-22,Karimnagar,Gannervaram,0.0,25.6,34.4,55.6,89.3,0.0,11.2
2019-07-23,Karimnagar,Gannervaram,0.0,25.0,34.5,57.0,91.3,0.0,14.5
2019-07-24,Karimnagar,Gannervaram,0.0,26.6,36.3,52.3,81.6,0.0,15.4
2019-07-25,Karimnagar,Gannervaram,0.0,26.6,33.9,55.9,80.6,0.0,33.1
2019-07-26,Karimnagar,Gannervaram,23.5,23.6,33.3,58.3,95.4,0.0,36.2
2019-07-27,Karimnagar,Gannervaram,21.5,23.2,27.1,80.0,96.0,0.0,37.5
2019-07-28,Karimnagar,Gannervaram,36.8,22.9,27.5,77.1,96.1,0.0,32.7
2019-07-29,Karimnagar,Gannervaram,44.5,23.1,27.0,81.4,96.4,0.0,24.6
2019-07-30,Karimnagar,Gannervaram,33.8,22.8,24.7,87.6,96.0,0.0,30.9
2019-07-31,Karimnagar,Gannervaram,0.0,24.3,26.9,77.7,86.5,0.0,28.0
2019-08-01,Karimnagar,Gannervaram,0.8,24.4,31.3,64.4,86.6,2.6,34.8
2019-08-02,Karimnagar,Gannervaram,47.0,23.0,29.7,73.1,96.3,0.0,38.5
2019-08-03,Karimnagar,Gannervaram,27.0,22.4,24.2,89.2,96.1,0.5,35.0
2019-08-04,Karimnagar,Gannervaram,8.0,23.6,26.9,80.8,93.4,2.5,39.1
2019-08-05,Karimnagar,Gannervaram,0.0,24.3,29.8,73.4,86.4,1.5,37.8
2019-08-06,Karimnagar,Gannervaram,29.0,23.3,30.7,72.5,96.3,0.0,39.3
2019-08-07,Karimnagar,Gannervaram,26.0,23.3,27.4,81.8,95.5,0.0,34.2
2019-08-08,Karimnagar,Gannervaram,19.5,23.7,26.0,86.1,96.3,0.0,24.0
2019-08-09,Karimnagar,Gannervaram,2.3,23.1,28.5,77.3,94.9,0.0,16.6
2019-08-10,Karimnagar,Gannervaram,0.0,24.2,31.2,66.9,88.2,0.0,33.6
2019-08-11,Karimnagar,Gannervaram,0.0,24.6,32.5,63.9,84.8,0.0,27.0
2019-08-12,Karimnagar,Gannervaram,1.5,23.8,32.0,61.0,95.6,0.0,26.8
2019-08-13,Karimnagar,Gannervaram,10.5,24.3,31.1,65.9,95.9,0.0,27.0
2019-08-14,Karimnagar,Gannervaram,0.0,24.5,27.7,79.0,94.1,0.0,24.9
2019-08-15,Karimnagar,Gannervaram,2.3,23.8,29.5,74.3,95.5,0.0,17.5
2019-08-16,Karimnagar,Gannervaram,12.5,24.2,31.5,67.6,96.0,0.0,13.2
2019-08-17,Karimnagar,Gannervaram,0.0,24.7,31.9,66.1,94.1,0.0,21.7
2019-08-18,Karimnagar,Gannervaram,0.0,25.0,30.8,67.1,95.3,0.0,18.5
2019-08-19,Karimnagar,Gannervaram,8.5,24.0,29.6,73.4,97.2,0.0,18.4
2019-08-20,Karimnagar,Gannervaram,0.0,25.3,32.8,63.2,93.5,0.0,16.2
2019-08-21,Karimnagar,Gannervaram,0.0,25.1,31.0,70.2,91.9,0.0,26.2
2019-08-22,Karimnagar,Gannervaram,2.0,24.0,31.5,70.6,91.9,0.0,35.4
2019-08-23,Karimnagar,Gannervaram,29.0,22.4,30.1,74.1,97.4,0.0,23.2
2019-08-24,Karimnagar,Gannervaram,1.0,24.0,27.9,83.7,96.2,0.0,21.4
2019-08-25,Karimnagar,Gannervaram,0.0,22.4,31.0,61.1,92.9,0.0,24.1
2019-08-26,Karimnagar,Gannervaram,0.0,24.1,30.9,68.2,94.4,0.0,25.0
2019-08-27,Karimnagar,Gannervaram,0.0,23.7,31.3,62.2,94.0,0.0,22.3
2019-08-28,Karimnagar,Gannervaram,0.0,24.1,32.8,55.7,88.8,0.0,29.3
2019-08-29,Karimnagar,Gannervaram,0.0,24.0,33.9,54.3,93.1,0.0,12.7
2019-08-30,Karimnagar,Gannervaram,0.0,25.1,34.1,58.8,95.0,0.0,17.9
2019-08-31,Karimnagar,Gannervaram,46.0,23.1,33.0,65.3,97.7,0.0,10.1
2019-09-01,Karimnagar,Gannervaram,1.5,23.3,29.5,76.6,95.9,0.0,23.4
2019-09-02,Karimnagar,Gannervaram,14.5,21.7,29.0,76.8,96.6,0.0,30.8
2019-09-03,Karimnagar,Gannervaram,14.8,22.5,26.3,82.3,97.2,0.0,22.0
2019-09-04,Karimnagar,Gannervaram,1.3,23.7,27.6,84.5,93.0,0.0,21.3
2019-09-05,Karimnagar,Gannervaram,0.0,24.3,30.4,75.4,95.8,0.0,19.7
2019-09-06,Karimnagar,Gannervaram,0.0,23.9,30.5,72.5,92.1,0.0,36.4
2019-09-07,Karimnagar,Gannervaram,0.0,23.8,27.6,81.2,92.9,0.0,31.8
2019-09-08,Karimnagar,Gannervaram,0.5,24.4,28.2,79.5,92.2,0.0,30.6
2019-09-09,Karimnagar,Gannervaram,3.8,23.9,30.2,73.0,97.1,0.0,28.1
2019-09-11,Karimnagar,Gannervaram,1.8,23.6,32.1,65.9,96.4,0.0,22.2
2019-09-12,Karimnagar,Gannervaram,0.5,23.9,31.6,66.2,95.5,0.0,26.7
2019-09-13,Karimnagar,Gannervaram,1.5,23.7,27.6,77.4,93.7,0.0,24.6
2019-09-14,Karimnagar,Gannervaram,1.3,22.9,31.6,67.1,95.8,0.0,31.1
2019-09-15,Karimnagar,Gannervaram,2.8,23.4,32.4,60.9,96.9,0.0,17.4
2019-09-16,Karimnagar,Gannervaram,1.0,25.0,32.8,63.0,96.1,0.0,17.0
2019-09-17,Karimnagar,Gannervaram,0.0,24.9,32.2,65.4,93.3,0.0,21.9
2019-09-18 00:00:00,Karimnagar,Gannervaram,10.5,23.1,32.3,69.4,97.7,0.0,12.9
2019-09-19 00:00:00,Karimnagar,Gannervaram,0.0,23.8,32.5,66.3,97.6,0.0,0.3
2019-09-20 00:00:00,Karimnagar,Gannervaram,1.8,23.7,30.4,75.1,97.7,0.0,0.2
2019-09-21 00:00:00,Karimnagar,Gannervaram,22.0,23.5,31.9,69.3,98.1,0.0,1.0
2019-09-22 00:00:00,Karimnagar,Gannervaram,14.0,23.3,30.4,73.9,98.3,0.0,7.1
2019-09-23 00:00:00,Karimnagar,Gannervaram,0.0,23.8,34.3,59.9,97.4,0.0,3.8
2019-09-24 00:00:00,Karimnagar,Gannervaram,18.5,22.7,34.2,63.5,97.7,0.0,0.6
2019-09-25 00:00:00,Karimnagar,Gannervaram,88.5,22.3,32.4,70.6,98.0,0.0,1.6
2019-09-26 00:00:00,Karimnagar,Gannervaram,1.0,24.1,30.2,75.5,98.4,0.0,1.9
2019-09-27 00:00:00,Karimnagar,Gannervaram,51.0,22.0,28.3,80.5,97.8,0.0,10.7
2019-09-28 00:00:00,Karimnagar,Gannervaram,37.3,22.4,32.1,68.5,98.3,0.0,3.4
2019-09-29 00:00:00,Karimnagar,Gannervaram,44.5,21.4,29.9,81.0,98.3,0.0,9.0
2019-09-30 00:00:00,Karimnagar,Gannervaram,26.5,21.8,33.5,61.9,98.3,0.0,12.2
2019-10-01,Karimnagar,Gannervaram,0.0,22.8,32.6,67.7,98.6,0.0,5.7
2019-10-02,Karimnagar,Gannervaram,7.3,22.5,32.8,66.0,98.0,0.0,7.6
2019-10-03,Karimnagar,Gannervaram,0.0,23.3,32.8,66.2,97.7,0.0,9.9
2019-10-04,Karimnagar,Gannervaram,0.5,22.6,33.7,61.3,97.4,0.0,8.6
2019-10-05,Karimnagar,Gannervaram,0.8,22.1,33.0,56.3,97.3,0.0,5.5
2019-10-06,Karimnagar,Gannervaram,0.0,23.1,33.8,57.4,97.6,0.0,10.9
2019-10-07,Karimnagar,Gannervaram,0.0,22.1,33.4,63.9,97.8,0.0,6.7
2019-10-08,Karimnagar,Gannervaram,0.0,22.4,32.9,58.0,97.5,0.0,12.7
2019-10-09,Karimnagar,Gannervaram,0.0,23.0,31.7,62.9,97.3,0.0,7.3
2019-10-10,Karimnagar,Gannervaram,0.0,22.3,32.3,61.8,95.7,0.0,6.3
2019-10-11,Karimnagar,Gannervaram,8.8,22.2,32.6,62.4,97.9,0.0,6.3
2019-10-12,Karimnagar,Gannervaram,8.0,22.2,31.8,61.1,98.1,0.0,5.9
2019-10-13,Karimnagar,Gannervaram,0.0,22.6,31.0,69.1,98.1,0.0,9.6
2019-10-14,Karimnagar,Gannervaram,0.0,22.8,32.4,65.2,97.7,0.0,4.1
2019-10-15,Karimnagar,Gannervaram,0.0,21.6,31.8,61.1,97.0,0.0,7.9
2019-10-16,Karimnagar,Gannervaram,0.0,21.8,32.9,59.2,97.1,0.0,6.3
2019-10-17,Karimnagar,Gannervaram,0.0,21.7,31.9,61.1,97.7,-1.0,-1.0
2019-10-18,Karimnagar,Gannervaram,29.8,22.4,31.7,63.8,98.4,0.0,1.9
2019-10-19,Karimnagar,Gannervaram,38.0,21.8,31.3,68.4,98.5,0.0,3.7
2019-10-20,Karimnagar,Gannervaram,35.8,21.8,29.5,74.3,98.3,0.0,6.2
2019-10-21,Karimnagar,Gannervaram,22.5,22.6,28.8,76.5,98.3,0.0,10.5
2019-10-22,Karimnagar,Gannervaram,0.0,21.6,30.2,73.8,98.4,0.0,2.3
2019-10-23,Karimnagar,Gannervaram,0.0,23.0,31.1,68.3,97.9,0.0,2.5
2019-10-24,Karimnagar,Gannervaram,0.0,21.7,31.8,67.2,97.3,0.0,4.6
2019-10-25,Karimnagar,Gannervaram,19.3,21.9,30.5,67.0,98.5,0.0,14.1
2019-10-26,Karimnagar,Gannervaram,2.8,23.5,31.9,62.9,98.5,0.0,2.6
2019-10-27,Karimnagar,Gannervaram,33.5,21.8,31.6,65.2,98.2,0.0,3.2
2019-10-28,Karimnagar,Gannervaram,0.0,23.4,31.1,68.5,98.3,0.0,3.0
2019-10-29,Karimnagar,Gannervaram,4.8,21.6,31.0,69.1,98.0,0.0,21.7
2019-10-30,Karimnagar,Gannervaram,0.5,22.5,32.5,62.3,98.2,0.0,1.6
2019-10-31,Karimnagar,Gannervaram,46.8,21.2,31.9,68.3,98.7,0.0,16.7
2019-11-01,Karimnagar,Gannervaram,0.0,22.4,27.4,81.5,98.8,0.0,3.0
2019-11-02,Karimnagar,Gannervaram,0.0,22.6,31.2,66.3,97.9,0.0,3.4
2019-11-03,Karimnagar,Gannervaram,17.0,21.6,32.6,60.5,98.7,0.0,4.5
2019-11-04,Karimnagar,Gannervaram,0.0,21.3,30.8,66.7,98.6,0.0,4.0
2019-11-05,Karimnagar,Gannervaram,0.0,20.3,31.5,60.8,98.3,0.0,2.3
2019-11-06,Karimnagar,Gannervaram,0.0,21.6,31.8,55.4,97.9,0.0,3.2
2019-11-07,Karimnagar,Gannervaram,0.0,20.4,31.7,58.6,97.8,0.0,5.1
2019-11-08,Karimnagar,Gannervaram,0.0,20.2,31.1,56.7,97.6,0.0,0.6
2019-11-09,Karimnagar,Gannervaram,0.0,20.1,31.0,56.9,97.6,0.0,7.0
2019-11-10,Karimnagar,Gannervaram,0.0,18.4,31.0,54.7,97.8,0.0,10.5
2019-11-11,Karimnagar,Gannervaram,0.0,19.0,30.7,52.9,97.5,0.0,11.2
2019-11-12,Karimnagar,Gannervaram,0.0,19.3,30.9,54.8,97.7,0.0,2.6
2019-11-13,Karimnagar,Gannervaram,0.0,17.2,30.5,46.7,97.3,0.0,12.1
2019-11-14,Karimnagar,Gannervaram,0.0,17.9,29.6,50.8,96.4,0.0,14.1
2019-11-15,Karimnagar,Gannervaram,0.0,19.7,30.0,50.9,96.8,0.0,2.3
2019-11-16,Karimnagar,Gannervaram,0.0,18.9,31.4,44.9,97.2,0.0,3.2
2019-11-17,Karimnagar,Gannervaram,0.0,18.9,32.2,48.5,96.9,0.0,0.5
2019-11-18,Karimnagar,Gannervaram,0.0,16.9,31.4,45.7,96.4,0.0,13.1
2019-11-19,Karimnagar,Gannervaram,0.0,17.7,30.2,48.6,96.5,0.0,8.6
2019-11-20,Karimnagar,Gannervaram,0.0,18.0,32.2,45.7,97.0,0.0,4.4
2019-11-21,Karimnagar,Gannervaram,0.0,18.3,31.3,47.2,97.3,0.0,0.4
2019-11-22,Karimnagar,Gannervaram,0.0,18.2,29.8,54.6,97.5,0.0,5.9
2019-11-23,Karimnagar,Gannervaram,0.0,16.5,30.7,43.5,96.7,0.0,2.5
2019-11-24,Karimnagar,Gannervaram,0.0,16.3,30.3,45.2,96.9,0.0,13.1
2019-11-25,Karimnagar,Gannervaram,0.0,16.5,29.4,49.5,97.2,0.0,3.1
2019-11-26,Karimnagar,Gannervaram,0.0,16.7,30.1,50.8,97.5,0.0,1.9
2019-11-27,Karimnagar,Gannervaram,0.0,16.9,29.8,53.7,96.7,0.0,3.3
2019-11-28,Karimnagar,Gannervaram,0.0,16.9,30.5,46.2,96.8,0.0,10.9
2019-11-29,Karimnagar,Gannervaram,0.0,18.0,31.9,47.6,96.6,0.0,0.3
2019-11-30,Karimnagar,Gannervaram,0.0,18.4,30.3,54.3,97.1,0.0,1.6
2019-12-01,Karimnagar,Gannervaram,0.0,19.5,30.3,56.0,96.3,0.0,9.8
2019-12-02,Karimnagar,Gannervaram,0.0,22.3,30.5,59.0,94.1,0.0,1.6
2019-12-03,Karimnagar,Gannervaram,0.0,21.1,27.2,68.6,95.9,0.0,1.4
2019-12-04,Karimnagar,Gannervaram,0.0,18.8,28.4,61.7,96.9,0.0,2.3
2019-12-05,Karimnagar,Gannervaram,0.0,16.9,29.4,47.6,95.8,0.0,12.1
2019-12-06,Karimnagar,Gannervaram,0.0,15.0,28.1,49.5,96.2,0.0,2.3
2019-12-07,Karimnagar,Gannervaram,0.0,15.6,28.3,48.5,97.0,0.0,2.8
2019-12-08,Karimnagar,Gannervaram,0.0,16.0,27.3,49.1,96.5,0.0,3.3
2019-12-09,Karimnagar,Gannervaram,0.0,17.9,28.9,52.3,96.6,0.0,4.6
2019-12-10,Karimnagar,Gannervaram,0.0,16.9,30.0,50.7,97.1,0.0,0.7
2019-12-11,Karimnagar,Gannervaram,0.0,15.8,29.7,46.8,96.5,0.0,1.5
2019-12-12,Karimnagar,Gannervaram,0.0,15.8,29.5,46.7,96.9,0.0,0.3
2019-12-13,Karimnagar,Gannervaram,0.0,17.3,30.4,43.6,96.1,0.0,4.6
2019-12-14,Karimnagar,Gannervaram,0.0,17.7,31.7,43.3,96.3,0.0,3.9
2019-12-15,Karimnagar,Gannervaram,0.0,17.2,31.6,47.4,97.0,0.0,4.3
2019-12-16,Karimnagar,Gannervaram,0.0,16.2,31.7,41.9,96.7,0.0,7.8
2019-12-17,Karimnagar,Gannervaram,0.0,16.8,29.9,45.1,96.9,0.0,2.4
2019-12-18,Karimnagar,Gannervaram,0.0,16.8,28.4,53.9,96.9,0.0,7.5
2019-12-19,Karimnagar,Gannervaram,0.0,15.8,29.3,46.8,97.1,0.0,9.3
2019-12-20,Karimnagar,Gannervaram,0.0,15.3,28.9,48.7,96.3,0.0,0.1
2019-12-21,Karimnagar,Gannervaram,0.0,16.6,29.4,46.9,95.8,0.0,1.6
2019-12-22,Karimnagar,Gannervaram,0.0,15.9,27.6,53.4,96.5,0.0,1.5
2019-12-23,Karimnagar,Gannervaram,0.0,16.2,29.4,45.1,95.8,0.0,10.7
2019-12-24,Karimnagar,Gannervaram,0.0,15.9,28.4,52.7,96.9,0.0,7.9
2019-12-25,Karimnagar,Gannervaram,0.0,17.1,29.8,48.2,95.5,0.0,9.3
2019-12-26,Karimnagar,Gannervaram,0.0,19.9,30.4,46.8,90.4,0.0,12.7
2019-12-27,Karimnagar,Gannervaram,0.0,19.7,27.4,65.5,96.6,0.0,3.7
2019-12-28,Karimnagar,Gannervaram,0.0,15.7,26.3,69.9,86.8,0.0,14.3
2019-12-29,Karimnagar,Gannervaram,0.0,12.7,25.1,46.0,88.5,0.0,9.9
2019-12-30,Karimnagar,Gannervaram,0.0,14.0,25.9,39.0,91.7,0.0,9.8
2019-12-31,Karimnagar,Gannervaram,0.0,18.5,28.1,50.5,89.2,0.0,11.2
