Date,District,Mandal,Rainfall (mm),temp_min (⁰C),temp_max (⁰C),humidity_min (%),Humidity_max (%),wind_speed_min (Kmph),wind_speed_max (Kmph)
2019-01-01,Karimnagar,Jammikunta,0.0,11.4,27.5,19.8,86.6,0.0,0.3
2019-01-02,Karimnagar,Jammikunta,0.0,12.0,34.0,20.1,100.0,0.0,2.2
2019-01-03,Karimnagar,Jammikunta,0.0,13.4,36.2,20.6,100.0,0.0,1.0
2019-01-04,Karimnagar,Jammikunta,0.0,13.7,34.9,20.7,93.7,0.0,2.0
2019-01-05,Karimnagar,Jammikunta,0.0,15.7,35.3,21.5,98.6,0.0,1.1
2019-01-06,Karimnagar,Jammikunta,0.0,16.0,30.2,23.1,100.0,0.0,2.8
2019-01-07,Karimnagar,Jammikunta,0.0,16.2,28.8,47.3,94.7,0.0,4.1
2019-01-08,Karimnagar,Jammikunta,0.0,15.6,32.1,32.6,100.0,0.0,0.6
2019-01-09,Karimnagar,Jammikunta,0.0,13.3,36.1,21.7,100.0,0.0,2.4
2019-01-10,Karimnagar,Jammikunta,0.0,14.1,29.4,20.7,88.2,0.0,3.4
2019-01-11,Karimnagar,Jammikunta,0.0,16.2,34.4,20.1,100.0,0.0,4.6
2019-01-12,Karimnagar,Jammikunta,0.0,17.8,31.5,25.0,100.0,0.0,4.8
2019-01-13,Karimnagar,Jammikunta,0.0,19.8,29.4,46.4,100.0,0.0,2.8
2019-01-14,Karimnagar,Jammikunta,0.0,16.3,33.6,33.2,100.0,0.0,3.6
2019-01-15,Karimnagar,Jammikunta,0.0,16.6,35.1,31.3,96.2,0.0,2.3
2019-01-16,Karimnagar,Jammikunta,0.0,15.4,32.5,33.4,95.2,0.0,1.4
2019-01-17,Karimnagar,Jammikunta,0.0,14.1,34.0,21.1,87.2,0.0,0.8
2019-01-18,Karimnagar,Jammikunta,0.0,15.8,34.4,21.8,95.3,0.0,2.2
2019-01-19,Karimnagar,Jammikunta,0.0,14.0,30.7,58.1,100.0,0.0,6.4
2019-01-20,Karimnagar,Jammikunta,0.0,14.6,35.5,22.1,100.0,0.0,0.8
2019-01-21,Karimnagar,Jammikunta,0.0,14.5,36.8,22.6,85.6,0.0,7.3
2019-01-22,Karimnagar,Jammikunta,0.0,16.8,34.4,20.4,97.1,0.0,6.3
2019-01-23,Karimnagar,Jammikunta,0.0,17.3,34.5,28.8,100.0,0.0,3.2
2019-01-24,Karimnagar,Jammikunta,0.0,18.0,33.9,32.9,100.0,0.0,0.9
2019-01-25,Karimnagar,Jammikunta,0.0,20.1,32.7,38.5,100.0,0.0,2.2
2019-01-26,Karimnagar,Jammikunta,0.0,21.6,31.2,43.8,80.8,0.0,2.8
2019-01-27,Karimnagar,Jammikunta,44.3,18.4,28.3,57.8,100.0,0.0,5.1
2019-01-28,Karimnagar,Jammikunta,0.0,18.1,21.3,87.5,100.0,0.0,0.6
2019-01-29,Karimnagar,Jammikunta,0.0,14.8,26.5,60.4,100.0,0.0,4.5
2019-01-30,Karimnagar,Jammikunta,0.0,12.5,25.5,33.8,86.8,0.0,2.4
2019-01-31,Karimnagar,Jammikunta,0.0,12.4,31.2,23.6,100.0,0.0,3.9
2019-02-01,Karimnagar,Jammikunta,0.0,17.6,29.6,40.0,100.0,0.0,5.2
2019-02-02,Karimnagar,Jammikunta,0.0,17.2,33.7,34.9,100.0,0.0,4.1
2019-02-03,Karimnagar,Jammikunta,0.0,17.4,33.9,33.5,98.7,0.0,8.0
2019-02-04,Karimnagar,Jammikunta,0.0,17.7,34.4,30.3,79.8,0.0,6.5
2019-02-05,Karimnagar,Jammikunta,0.0,17.3,32.5,34.6,100.0,0.0,0.3
2019-02-06,Karimnagar,Jammikunta,0.0,17.5,34.4,32.3,97.0,0.0,0.3
2019-02-07,Karimnagar,Jammikunta,0.0,19.9,36.2,23.6,74.8,0.0,5.8
2019-02-08,Karimnagar,Jammikunta,0.0,20.9,35.0,26.1,100.0,0.0,2.0
2019-02-09,Karimnagar,Jammikunta,0.0,16.8,30.0,53.5,100.0,0.0,0.8
2019-02-10,Karimnagar,Jammikunta,0.0,11.3,30.7,20.5,100.0,0.0,4.5
2019-02-11,Karimnagar,Jammikunta,0.0,15.4,31.4,29.1,74.6,0.0,3.9
2019-02-12,Karimnagar,Jammikunta,0.0,20.2,32.8,49.1,96.4,0.0,2.3
2019-02-13,Karimnagar,Jammikunta,0.0,20.1,35.5,33.0,91.8,0.0,6.0
2019-02-14,Karimnagar,Jammikunta,0.0,16.7,36.4,23.2,100.0,0.0,2.9
2019-02-15,Karimnagar,Jammikunta,0.0,18.2,32.6,24.0,100.0,0.0,2.7
2019-02-16,Karimnagar,Jammikunta,0.0,19.6,36.3,25.7,100.0,0.0,4.9
2019-02-17,Karimnagar,Jammikunta,0.0,20.1,33.6,46.0,94.4,0.0,0.1
2019-02-18,Karimnagar,Jammikunta,0.0,17.9,32.3,53.9,92.7,0.0,4.6
2019-02-19,Karimnagar,Jammikunta,0.0,18.0,34.4,39.4,94.5,0.0,2.7
2019-02-20,Karimnagar,Jammikunta,0.0,22.7,37.6,32.1,100.0,0.0,5.3
2019-02-21,Karimnagar,Jammikunta,0.0,21.0,35.4,42.7,100.0,0.0,1.7
2019-02-22,Karimnagar,Jammikunta,0.0,21.2,37.7,23.1,72.7,0.0,1.4
2019-02-23,Karimnagar,Jammikunta,0.0,21.2,36.7,20.3,74.4,0.0,3.7
2019-02-24,Karimnagar,Jammikunta,0.0,21.6,37.5,20.0,58.4,0.0,3.9
2019-02-25,Karimnagar,Jammikunta,0.0,20.8,39.3,20.5,57.1,0.0,1.9
2019-02-26,Karimnagar,Jammikunta,0.0,21.0,38.9,11.5,86.8,0.0,2.0
2019-02-27,Karimnagar,Jammikunta,0.0,23.2,37.0,28.3,80.4,0.0,4.4
2019-02-28,Karimnagar,Jammikunta,0.0,21.3,35.9,33.6,89.4,0.0,0.7
2019-03-01,Karimnagar,Jammikunta,0.0,20.0,36.1,16.7,70.2,0.0,3.8
2019-03-02,Karimnagar,Jammikunta,0.0,23.2,36.3,38.0,86.6,0.0,1.9
2019-03-03,Karimnagar,Jammikunta,0.0,23.3,35.6,37.1,83.8,0.0,6.5
2019-03-04,Karimnagar,Jammikunta,0.0,23.2,36.1,30.1,78.8,0.0,3.4
2019-03-05,Karimnagar,Jammikunta,0.0,23.1,38.6,27.5,83.6,0.0,2.2
2019-03-06,Karimnagar,Jammikunta,0.0,16.0,34.8,35.4,71.7,0.0,2.5
2019-03-07,Karimnagar,Jammikunta,0.0,15.7,34.6,24.5,56.6,0.0,4.3
2019-03-08,Karimnagar,Jammikunta,0.0,18.4,35.3,26.3,100.0,0.0,0.1
2019-03-09,Karimnagar,Jammikunta,0.0,19.9,36.2,30.9,100.0,0.0,3.4
2019-03-10,Karimnagar,Jammikunta,0.0,19.0,34.8,22.0,100.0,0.0,4.0
2019-03-11,Karimnagar,Jammikunta,0.0,22.1,35.8,27.4,100.0,0.0,2.4
2019-03-12,Karimnagar,Jammikunta,0.0,23.3,35.9,25.2,100.0,0.0,4.5
2019-03-13,Karimnagar,Jammikunta,0.0,23.4,37.9,19.6,73.2,0.0,3.1
2019-03-14,Karimnagar,Jammikunta,0.0,22.7,36.7,17.3,63.2,0.0,4.5
2019-03-15,Karimnagar,Jammikunta,0.0,22.4,40.3,11.6,57.5,0.0,6.1
2019-03-16,Karimnagar,Jammikunta,0.0,20.8,40.2,11.5,56.8,0.0,5.3
2019-03-17,Karimnagar,Jammikunta,0.0,21.6,39.6,13.7,100.0,0.0,3.2
2019-03-18,Karimnagar,Jammikunta,0.0,21.1,38.2,19.9,100.0,0.0,5.4
2019-03-19,Karimnagar,Jammikunta,0.0,22.9,37.7,23.2,75.1,0.0,1.7
2019-03-20,Karimnagar,Jammikunta,0.0,24.1,38.9,27.0,78.2,0.0,4.4
2019-03-21,Karimnagar,Jammikunta,0.0,24.2,37.9,22.1,77.2,0.0,3.0
2019-03-22,Karimnagar,Jammikunta,0.0,23.5,38.4,22.4,79.6,0.0,4.0
2019-03-23,Karimnagar,Jammikunta,0.0,23.8,38.1,29.2,76.4,0.0,4.8
2019-03-24,Karimnagar,Jammikunta,0.0,24.5,39.1,24.6,71.6,0.0,6.7
2019-03-25,Karimnagar,Jammikunta,0.0,23.8,40.2,19.7,72.3,0.0,2.8
2019-03-26,Karimnagar,Jammikunta,0.0,23.7,39.6,21.4,71.0,0.0,2.8
2019-03-27,Karimnagar,Jammikunta,0.0,23.2,39.6,20.1,66.5,0.0,4.6
2019-03-28,Karimnagar,Jammikunta,0.0,24.0,40.6,16.0,64.1,0.0,4.8
2019-03-29,Karimnagar,Jammikunta,0.0,24.0,41.5,16.6,65.5,0.0,2.2
2019-03-30,Karimnagar,Jammikunta,0.0,24.3,42.0,12.5,75.1,0.0,4.0
2019-03-31,Karimnagar,Jammikunta,0.0,24.6,41.0,19.5,76.4,0.0,1.5
2019-04-01,Karimnagar,Jammikunta,0.0,26.3,43.1,11.9,62.5,0.0,1.3
2019-04-02,Karimnagar,Jammikunta,0.0,24.7,41.9,14.1,78.3,0.0,2.0
2019-04-03,Karimnagar,Jammikunta,0.0,22.9,42.8,16.1,100.0,0.0,7.6
2019-04-04,Karimnagar,Jammikunta,0.0,24.2,42.2,20.7,100.0,0.0,3.1
2019-04-05,Karimnagar,Jammikunta,0.0,24.9,39.0,23.5,59.2,0.0,6.0
2019-04-06,Karimnagar,Jammikunta,0.0,24.9,39.3,15.7,73.3,0.0,5.1
2019-04-07,Karimnagar,Jammikunta,0.0,24.4,41.4,10.6,62.2,0.0,1.4
2019-04-08,Karimnagar,Jammikunta,0.0,25.1,42.3,16.9,79.6,0.0,3.8
2019-04-09,Karimnagar,Jammikunta,0.0,25.4,42.6,18.7,81.7,0.0,7.6
2019-04-10,Karimnagar,Jammikunta,0.0,25.6,42.5,22.0,100.0,0.0,4.4
2019-04-11,Karimnagar,Jammikunta,0.0,25.3,42.4,22.0,100.0,0.0,2.9
2019-04-12,Karimnagar,Jammikunta,0.0,26.8,44.0,10.2,58.7,0.0,1.7
2019-04-13,Karimnagar,Jammikunta,0.0,23.2,43.7,15.4,64.2,0.0,6.5
2019-04-14,Karimnagar,Jammikunta,0.0,25.1,43.2,11.7,57.4,0.0,3.0
2019-04-15,Karimnagar,Jammikunta,0.0,25.6,44.5,10.7,58.4,0.0,5.9
2019-04-16,Karimnagar,Jammikunta,0.0,22.1,43.3,10.3,100.0,0.0,2.8
2019-04-17,Karimnagar,Jammikunta,0.0,24.0,41.8,10.1,100.0,0.0,3.0
2019-04-18,Karimnagar,Jammikunta,0.8,23.2,40.9,15.5,75.4,0.0,14.7
2019-04-19,Karimnagar,Jammikunta,0.0,25.3,40.3,20.6,80.3,0.0,8.7
2019-04-20,Karimnagar,Jammikunta,2.5,23.2,41.6,19.7,84.0,0.0,6.4
2019-04-21,Karimnagar,Jammikunta,0.0,25.5,42.3,25.1,80.3,0.0,6.1
2019-04-22,Karimnagar,Jammikunta,0.0,26.6,41.8,25.5,60.2,0.0,5.2
2019-04-23,Karimnagar,Jammikunta,0.0,22.5,39.5,11.1,97.5,0.0,6.8
2019-04-24,Karimnagar,Jammikunta,0.0,24.2,42.1,11.3,58.6,0.0,6.9
2019-04-25,Karimnagar,Jammikunta,0.0,26.2,41.8,10.4,53.6,0.0,4.6
2019-04-26,Karimnagar,Jammikunta,0.0,25.0,43.7,12.8,52.8,0.0,5.6
2019-04-27,Karimnagar,Jammikunta,0.0,27.4,45.0,11.3,55.9,0.0,4.5
2019-04-28,Karimnagar,Jammikunta,0.0,27.4,44.8,10.2,59.2,0.0,3.2
2019-04-29,Karimnagar,Jammikunta,0.0,27.6,44.3,14.3,64.2,0.0,6.2
2019-04-30,Karimnagar,Jammikunta,0.0,18.9,43.8,5.8,76.5,0.0,1.8
2019-05-01,Karimnagar,Jammikunta,0.0,28.5,44.5,13.9,77.5,0.0,1.5
2019-05-02,Karimnagar,Jammikunta,0.0,27.3,41.6,25.2,72.6,0.0,3.4
2019-05-03,Karimnagar,Jammikunta,0.0,27.2,44.0,13.4,60.9,0.0,9.4
2019-05-04,Karimnagar,Jammikunta,0.0,28.8,42.0,6.6,23.8,0.0,8.6
2019-05-05,Karimnagar,Jammikunta,0.0,29.2,44.0,5.6,26.9,0.0,11.7
2019-05-06,Karimnagar,Jammikunta,0.0,28.3,44.8,5.7,26.7,0.0,8.3
2019-05-07,Karimnagar,Jammikunta,0.0,30.0,45.7,5.2,49.5,0.0,6.0
2019-05-08,Karimnagar,Jammikunta,0.0,27.5,45.2,5.9,53.9,0.0,3.4
2019-05-09,Karimnagar,Jammikunta,0.0,27.5,45.1,5.3,43.1,0.0,7.1
2019-05-10,Karimnagar,Jammikunta,0.0,28.3,46.0,5.9,54.8,0.0,6.4
2019-05-11,Karimnagar,Jammikunta,0.0,29.4,44.2,5.1,52.5,0.0,6.3
2019-05-12,Karimnagar,Jammikunta,0.0,26.9,44.2,19.1,52.0,0.0,6.0
2019-05-13,Karimnagar,Jammikunta,0.0,29.3,43.7,12.4,67.0,0.0,4.6
2019-05-14,Karimnagar,Jammikunta,9.5,23.7,44.8,14.5,84.5,0.0,7.0
2019-05-15,Karimnagar,Jammikunta,0.0,28.5,40.5,10.9,84.7,0.0,3.4
2019-05-16,Karimnagar,Jammikunta,0.0,27.7,43.0,18.0,64.6,0.0,4.7
2019-05-17,Karimnagar,Jammikunta,0.0,28.4,44.4,11.7,87.5,0.0,4.2
2019-05-18,Karimnagar,Jammikunta,0.0,28.6,45.2,9.0,56.3,0.0,8.0
2019-05-19,Karimnagar,Jammikunta,0.0,30.0,44.2,6.3,60.7,0.0,6.5
2019-05-20,Karimnagar,Jammikunta,0.0,29.8,45.3,8.5,53.9,0.0,8.4
2019-05-21,Karimnagar,Jammikunta,0.0,29.0,44.4,7.8,57.8,0.0,4.6
2019-05-22,Karimnagar,Jammikunta,0.0,29.1,44.4,13.0,73.0,0.0,4.6
2019-05-23,Karimnagar,Jammikunta,0.0,29.6,43.7,18.9,96.1,0.0,2.1
2019-05-24,Karimnagar,Jammikunta,0.0,30.1,44.7,15.0,100.0,0.0,4.7
2019-05-25,Karimnagar,Jammikunta,0.0,30.4,44.9,13.7,56.8,0.0,4.6
2019-05-26,Karimnagar,Jammikunta,0.0,31.2,46.3,11.0,55.3,0.0,4.8
2019-05-27,Karimnagar,Jammikunta,0.0,32.2,47.1,8.5,56.3,0.0,6.3
2019-05-28,Karimnagar,Jammikunta,0.0,30.9,46.8,5.1,56.8,0.0,6.6
2019-05-29,Karimnagar,Jammikunta,0.0,31.5,47.1,9.8,56.3,0.0,6.0
2019-05-30,Karimnagar,Jammikunta,0.0,28.8,43.9,12.5,45.9,0.0,14.8
2019-05-31,Karimnagar,Jammikunta,0.0,29.5,43.4,18.4,63.2,0.0,8.5
2019-06-01,Karimnagar,Jammikunta,0.1,26.9,42.9,22.9,84.3,0.0,12.7
2019-06-02,Karimnagar,Jammikunta,1.0,26.6,37.8,35.0,84.1,0.0,8.6
2019-06-03,Karimnagar,Jammikunta,0.0,31.1,43.9,20.3,53.6,0.4,11.9
2019-06-04,Karimnagar,Jammikunta,0.0,26.3,43.4,24.5,62.7,0.0,14.9
2019-06-05,Karimnagar,Jammikunta,0.0,30.9,41.5,26.5,77.9,0.4,9.5
2019-06-06,Karimnagar,Jammikunta,0.0,31.5,44.2,21.6,75.0,0.1,15.5
2019-06-07,Karimnagar,Jammikunta,0.0,29.0,44.4,19.9,64.1,0.6,19.9
2019-06-08,Karimnagar,Jammikunta,5.1,25.9,42.4,23.8,89.0,3.4,11.4
2019-06-09,Karimnagar,Jammikunta,0.0,28.3,38.4,27.2,81.2,0.0,5.9
2019-06-10,Karimnagar,Jammikunta,0.0,31.8,42.8,24.4,65.0,0.2,8.4
2019-06-11,Karimnagar,Jammikunta,0.0,29.2,42.6,25.0,81.7,1.5,13.0
2019-06-12,Karimnagar,Jammikunta,0.0,32.2,42.2,25.0,67.7,1.6,11.6
2019-06-13,Karimnagar,Jammikunta,0.0,29.9,42.3,24.7,59.4,3.1,12.8
2019-06-14,Karimnagar,Jammikunta,0.0,30.4,41.2,21.0,58.6,1.9,11.2
2019-06-15,Karimnagar,Jammikunta,0.0,31.2,40.8,30.5,50.6,2.3,11.8
2019-06-16,Karimnagar,Jammikunta,0.0,32.7,41.3,25.5,47.2,0.9,14.7
2019-06-17,Karimnagar,Jammikunta,0.0,29.9,41.1,26.8,63.8,0.3,13.9
2019-06-18,Karimnagar,Jammikunta,0.0,28.1,37.8,36.4,68.7,0.2,13.1
2019-06-19,Karimnagar,Jammikunta,0.0,31.9,40.5,29.3,49.3,0.1,12.5
2019-06-20,Karimnagar,Jammikunta,0.0,31.2,41.4,28.3,58.7,2.2,15.2
2019-06-21,Karimnagar,Jammikunta,63.0,24.5,40.2,35.2,98.5,0.1,15.2
2019-06-22,Karimnagar,Jammikunta,0.0,26.4,35.3,57.7,87.7,0.2,9.0
2019-06-23,Karimnagar,Jammikunta,2.8,25.9,34.4,59.0,91.9,0.1,9.0
2019-06-24,Karimnagar,Jammikunta,0.0,25.9,34.3,63.0,93.1,0.1,7.5
2019-06-25,Karimnagar,Jammikunta,0.1,28.1,38.2,40.0,81.4,0.3,6.9
2019-06-26,Karimnagar,Jammikunta,0.0,27.9,38.3,38.3,81.8,0.2,9.8
2019-06-27,Karimnagar,Jammikunta,0.0,28.8,38.2,44.6,73.8,0.4,10.6
2019-06-28,Karimnagar,Jammikunta,0.0,28.9,38.3,40.8,70.7,0.1,12.6
2019-06-29,Karimnagar,Jammikunta,0.5,25.9,36.7,47.7,89.3,0.8,10.4
2019-06-30,Karimnagar,Jammikunta,1.8,24.9,32.4,60.5,93.9,1.7,12.5
2019-07-01,Karimnagar,Jammikunta,19.1,24.0,30.1,64.7,97.3,0.5,12.1
2019-07-02,Karimnagar,Jammikunta,0.9,26.1,30.7,69.5,90.0,0.8,5.3
2019-07-03,Karimnagar,Jammikunta,37.0,23.8,30.7,68.5,96.9,0.1,8.7
2019-07-04,Karimnagar,Jammikunta,0.0,26.8,31.3,66.5,87.9,0.2,10.1
2019-07-05,Karimnagar,Jammikunta,0.0,26.9,34.3,54.7,79.1,1.0,12.7
2019-07-06,Karimnagar,Jammikunta,15.9,24.3,34.5,54.6,98.3,0.2,13.0
2019-07-07,Karimnagar,Jammikunta,0.5,25.9,32.5,60.2,84.7,0.0,10.3
2019-07-08,Karimnagar,Jammikunta,10.3,24.4,34.6,53.7,96.2,0.8,15.2
2019-07-09,Karimnagar,Jammikunta,0.8,25.9,35.1,53.3,89.5,0.2,11.2
2019-07-10,Karimnagar,Jammikunta,7.6,24.8,34.3,56.9,97.0,0.1,8.7
2019-07-11,Karimnagar,Jammikunta,3.5,25.6,35.0,56.1,91.5,0.1,9.8
2019-07-12,Karimnagar,Jammikunta,7.6,24.8,34.8,56.3,93.5,0.0,5.9
2019-07-13,Karimnagar,Jammikunta,0.0,26.7,35.3,55.7,87.7,0.0,5.4
2019-07-14,Karimnagar,Jammikunta,1.4,25.7,35.9,50.5,84.1,0.6,7.9
2019-07-15,Karimnagar,Jammikunta,0.0,26.1,36.0,49.8,82.9,0.0,16.7
2019-07-16,Karimnagar,Jammikunta,0.0,25.8,35.6,48.6,80.4,0.0,8.7
2019-07-17,Karimnagar,Jammikunta,0.0,26.0,36.4,44.7,81.3,0.0,17.1
2019-07-18,Karimnagar,Jammikunta,0.0,27.3,37.3,41.1,78.1,0.0,15.3
2019-07-19,Karimnagar,Jammikunta,0.0,24.9,37.2,42.1,91.0,0.0,17.7
2019-07-20,Karimnagar,Jammikunta,33.6,24.2,36.5,47.8,96.4,0.0,13.8
2019-07-21,Karimnagar,Jammikunta,3.1,25.4,33.6,67.1,96.3,0.0,9.1
2019-07-22,Karimnagar,Jammikunta,0.0,26.0,35.4,56.7,90.2,0.1,10.9
2019-07-23,Karimnagar,Jammikunta,0.5,25.8,36.6,51.9,90.0,0.0,9.4
2019-07-24,Karimnagar,Jammikunta,0.0,26.1,36.0,53.7,84.7,0.3,8.2
2019-07-25,Karimnagar,Jammikunta,0.0,27.3,37.0,51.1,79.9,0.0,6.7
2019-07-26,Karimnagar,Jammikunta,53.4,24.1,35.5,53.8,98.2,0.2,10.2
2019-07-27,Karimnagar,Jammikunta,27.6,23.4,28.2,76.6,98.3,0.2,11.2
2019-07-28,Karimnagar,Jammikunta,28.1,23.0,28.3,78.4,99.0,0.2,7.9
2019-07-29,Karimnagar,Jammikunta,36.5,23.5,27.5,79.7,99.0,0.3,6.8
2019-07-30,Karimnagar,Jammikunta,43.3,23.4,24.9,89.5,98.6,0.5,6.9
2019-07-31,Karimnagar,Jammikunta,0.0,24.6,27.8,78.8,88.5,0.3,10.4
2019-08-01,Karimnagar,Jammikunta,5.7,24.8,31.9,64.3,91.8,0.1,9.2
2019-08-02,Karimnagar,Jammikunta,90.5,23.4,31.4,69.8,98.7,0.6,8.9
2019-08-03,Karimnagar,Jammikunta,29.8,24.1,25.2,88.2,97.8,1.1,12.1
2019-08-04,Karimnagar,Jammikunta,4.2,24.1,27.6,80.5,94.5,1.5,9.4
2019-08-05,Karimnagar,Jammikunta,2.8,24.3,31.5,69.6,93.6,1.0,14.9
2019-08-06,Karimnagar,Jammikunta,2.8,24.5,32.3,66.4,94.1,0.9,11.3
2019-08-07,Karimnagar,Jammikunta,38.8,23.7,27.4,82.7,98.0,0.2,8.0
2019-08-08,Karimnagar,Jammikunta,27.0,23.9,26.0,89.9,98.3,0.5,7.8
2019-08-09,Karimnagar,Jammikunta,5.6,23.9,28.4,81.1,95.1,0.2,7.8
2019-08-10,Karimnagar,Jammikunta,0.0,25.1,31.3,69.2,87.4,0.2,7.1
2019-08-11,Karimnagar,Jammikunta,0.0,25.6,33.1,64.3,87.4,0.0,6.4
2019-08-12,Karimnagar,Jammikunta,4.0,24.7,32.8,63.5,95.6,0.1,11.4
2019-08-13,Karimnagar,Jammikunta,0.6,26.2,31.6,69.0,93.2,0.0,10.6
2019-08-14,Karimnagar,Jammikunta,0.0,25.2,29.1,77.3,94.9,0.0,7.1
2019-08-15,Karimnagar,Jammikunta,0.1,24.6,31.8,69.9,96.2,0.0,4.8
2019-08-16,Karimnagar,Jammikunta,0.0,26.0,34.0,63.8,93.1,0.0,4.0
2019-08-17,Karimnagar,Jammikunta,0.0,26.2,34.1,58.2,94.6,0.0,9.2
2019-08-18,Karimnagar,Jammikunta,0.0,26.1,32.5,64.6,96.2,0.0,5.6
2019-08-19,Karimnagar,Jammikunta,37.6,22.5,28.6,84.3,99.5,0.0,6.6
2019-08-20,Karimnagar,Jammikunta,0.0,26.0,33.7,66.0,96.6,0.0,2.3
2019-08-21,Karimnagar,Jammikunta,0.0,25.8,32.0,70.2,96.5,0.0,9.5
2019-08-22,Karimnagar,Jammikunta,1.4,24.1,32.7,70.3,96.8,0.2,8.2
2019-08-23,Karimnagar,Jammikunta,8.8,23.4,31.3,72.8,98.7,0.0,7.9
2019-08-24,Karimnagar,Jammikunta,3.6,24.9,27.7,86.7,98.2,0.1,4.5
2019-08-25,Karimnagar,Jammikunta,1.3,24.8,30.7,69.0,95.3,0.0,5.9
2019-08-26,Karimnagar,Jammikunta,2.0,25.2,32.2,67.2,94.1,0.0,5.4
2019-08-27,Karimnagar,Jammikunta,0.6,23.6,32.6,64.3,96.8,0.0,5.9
2019-08-28,Karimnagar,Jammikunta,0.0,24.7,34.3,55.2,92.2,0.0,8.4
2019-08-29,Karimnagar,Jammikunta,0.2,25.7,34.9,56.4,96.1,0.0,7.1
2019-08-30,Karimnagar,Jammikunta,0.0,25.6,36.0,52.8,93.1,0.1,6.0
2019-08-31,Karimnagar,Jammikunta,72.5,23.5,34.9,63.1,99.3,0.0,12.3
2019-09-01,Karimnagar,Jammikunta,36.5,23.6,31.1,73.4,98.7,0.1,10.1
2019-09-02,Karimnagar,Jammikunta,0.7,23.4,30.7,73.4,93.2,0.2,9.6
2019-09-03,Karimnagar,Jammikunta,9.0,23.5,27.5,80.7,98.2,0.0,8.6
2019-09-04,Karimnagar,Jammikunta,0.0,24.4,28.7,82.1,96.4,0.3,6.5
2019-09-05,Karimnagar,Jammikunta,0.0,24.3,30.2,76.8,95.8,0.5,6.6
2019-09-06,Karimnagar,Jammikunta,2.8,24.0,32.2,69.8,95.0,0.4,7.4
2019-09-07,Karimnagar,Jammikunta,1.3,23.8,30.1,76.2,94.6,0.3,8.7
2019-09-08,Karimnagar,Jammikunta,0.0,25.3,28.8,79.1,92.4,0.4,5.4
2019-09-09,Karimnagar,Jammikunta,11.7,24.0,31.2,72.6,99.0,0.0,9.1
2019-09-11,Karimnagar,Jammikunta,0.3,25.266666666666698,33.9333333333333,62.7666666666667,92.3666666666667,0.2,7.1
2019-09-12,Karimnagar,Jammikunta,0.5,24.5,32.5333333333333,64.9333333333333,96.6,0.4,8.4
2019-09-13,Karimnagar,Jammikunta,1.5,24.3333333333333,29.033333333333303,76.6,96.7666666666667,0.0,6.5
2019-09-14,Karimnagar,Jammikunta,0.0,24.4333333333333,32.7333333333333,65.6666666666667,95.0,0.0,5.9
2019-09-15,Karimnagar,Jammikunta,0.6,24.4,34.0333333333333,61.0333333333333,94.6,0.0,5.7
2019-09-16,Karimnagar,Jammikunta,0.6,25.0,33.0666666666667,65.2333333333333,96.4666666666667,0.0,6.1
2019-09-17,Karimnagar,Jammikunta,0.1,25.4,32.0,70.1,97.2333333333333,0.0,3.6
2019-09-18 00:00:00,Karimnagar,Jammikunta,32.6,22.7,33.8,67.2,99.1,0.1,12.4
2019-09-19 00:00:00,Karimnagar,Jammikunta,7.8,23.9,32.0,71.4,99.1,0.0,4.5
2019-09-20 00:00:00,Karimnagar,Jammikunta,10.9,23.4,33.8,67.9,98.8,0.1,8.4
2019-09-21 00:00:00,Karimnagar,Jammikunta,12.6,24.1,32.5,70.6,98.4,0.0,6.0
2019-09-22 00:00:00,Karimnagar,Jammikunta,21.4,23.9,35.2,61.0,98.9,0.0,5.8
2019-09-23 00:00:00,Karimnagar,Jammikunta,3.8,25.1,35.7,59.7,98.8,0.0,6.5
2019-09-24 00:00:00,Karimnagar,Jammikunta,1.5,24.3,34.1,62.5,98.1,0.0,6.3
2019-09-25 00:00:00,Karimnagar,Jammikunta,36.3,23.3,34.1666666666667,65.6666666666667,99.1666666666667,0.0,5.9
2019-09-26 00:00:00,Karimnagar,Jammikunta,28.7,24.4333333333333,30.8,77.3666666666667,98.6333333333333,0.2,8.8
2019-09-27 00:00:00,Karimnagar,Jammikunta,1.1,22.5666666666667,29.4,78.4333333333333,97.4666666666667,0.1,10.6
2019-09-28 00:00:00,Karimnagar,Jammikunta,0.0,23.7333333333333,32.1666666666667,68.3333333333333,96.9333333333333,0.0,9.6
2019-09-29 00:00:00,Karimnagar,Jammikunta,0.7,24.1666666666667,32.0666666666667,71.9,96.0333333333333,0.1,12.9
2019-09-30 00:00:00,Karimnagar,Jammikunta,36.7,21.9,34.0333333333333,64.4,99.2666666666667,0.0,14.2
2019-10-01,Karimnagar,Jammikunta,1.8,23.3666666666667,31.5666666666667,72.8333333333333,99.6,0.1,7.5
2019-10-02,Karimnagar,Jammikunta,5.6,22.5,33.8,66.5,98.7,0.0,9.1
2019-10-03,Karimnagar,Jammikunta,0.0,24.4,34.5,65.5,98.7,0.0,2.3
2019-10-04,Karimnagar,Jammikunta,0.9,23.5,35.7,60.8,99.2,0.0,4.2
2019-10-05,Karimnagar,Jammikunta,0.0,23.4,34.9,59.1,97.7,0.0,2.2
2019-10-06,Karimnagar,Jammikunta,0.0,24.1,35.4,55.6,98.1,0.0,3.8
2019-10-07,Karimnagar,Jammikunta,4.1,23.4,34.7,61.7,98.7,0.0,5.3
2019-10-08,Karimnagar,Jammikunta,0.0,24.0,34.1,62.9,98.1,0.0,2.4
2019-10-09,Karimnagar,Jammikunta,2.2,23.8,34.2,62.5,97.8,0.0,2.1
2019-10-10,Karimnagar,Jammikunta,0.5,23.9,33.6,65.2,97.5,0.0,3.3
2019-10-11,Karimnagar,Jammikunta,20.5,22.9,34.4,60.9,98.8,0.0,9.0
2019-10-12,Karimnagar,Jammikunta,6.0,23.3,35.0,61.3,98.5,0.0,4.8
2019-10-13,Karimnagar,Jammikunta,0.0,23.5,33.6,64.7,98.4,0.0,5.1
2019-10-14,Karimnagar,Jammikunta,0.0,24.2,34.4,62.7,97.5,0.0,1.9
2019-10-15,Karimnagar,Jammikunta,0.0,23.2,34.3,64.0,96.5,0.0,2.1
2019-10-16,Karimnagar,Jammikunta,0.0,23.2,34.3,60.7,96.4,0.0,1.8
2019-10-17,Karimnagar,Jammikunta,0.0,23.0,33.9,59.7,97.3,1.2,7.4
2019-10-18,Karimnagar,Jammikunta,43.3,23.1,35.1,58.5,98.7,1.2,5.4
2019-10-19,Karimnagar,Jammikunta,26.5,22.3,33.1,61.5,97.8,1.2,10.2
2019-10-20,Karimnagar,Jammikunta,77.2,22.2,33.5,62.0,98.2,1.2,6.6
2019-10-21,Karimnagar,Jammikunta,9.8,23.3,33.6,65.5,98.1,1.2,8.9
2019-10-22,Karimnagar,Jammikunta,0.0,22.4,32.3,64.9,97.5,0.0,2.5
2019-10-23,Karimnagar,Jammikunta,0.0,24.0,33.6,62.7,96.5,0.1,4.8
2019-10-24,Karimnagar,Jammikunta,16.4,22.7,31.6,67.9,97.5,0.0,4.7
2019-10-25,Karimnagar,Jammikunta,16.6,22.4,32.5,67.8,97.5,0.0,6.7
2019-10-26,Karimnagar,Jammikunta,1.0,24.1,33.4,59.2,97.0,0.0,5.2
2019-10-27,Karimnagar,Jammikunta,0.0,22.8,33.6,61.8,96.5,0.0,10.8
2019-10-28,Karimnagar,Jammikunta,0.0,23.6,33.8,61.1,97.0,0.0,6.6
2019-10-29,Karimnagar,Jammikunta,28.8,21.6,34.1,61.5,97.2,0.0,5.6
2019-10-30,Karimnagar,Jammikunta,0.8,23.5,33.0,63.8,96.7,0.0,10.0
2019-10-31,Karimnagar,Jammikunta,11.2,21.9,33.8,62.5,97.3,0.0,8.7
2019-11-01,Karimnagar,Jammikunta,0.8,23.5,29.7,75.9,97.1,0.0,4.7
2019-11-02,Karimnagar,Jammikunta,0.0,23.4,33.3,60.9,96.3,0.0,5.4
2019-11-03,Karimnagar,Jammikunta,2.8,22.9,33.9,60.3,97.3,0.0,7.0
2019-11-04,Karimnagar,Jammikunta,0.0,22.3,34.1,59.8,97.0,0.0,2.6
2019-11-05,Karimnagar,Jammikunta,0.0,21.8,33.1,54.9,96.6,0.0,4.2
2019-11-06,Karimnagar,Jammikunta,0.3,22.6,33.4,59.2,96.6,0.0,4.0
2019-11-07,Karimnagar,Jammikunta,0.0,21.5,33.4,56.0,96.6,0.0,3.7
2019-11-08,Karimnagar,Jammikunta,0.0,21.4,33.8,52.0,96.0,0.0,3.5
2019-11-09,Karimnagar,Jammikunta,0.0,20.5,32.5,55.7,96.0,0.0,4.0
2019-11-10,Karimnagar,Jammikunta,0.0,19.4,32.4,48.7,95.5,0.0,4.8
2019-11-11,Karimnagar,Jammikunta,0.0,21.1,33.0,51.1,94.5,0.0,5.0
2019-11-12,Karimnagar,Jammikunta,0.0,20.3,34.1,50.6,95.5,0.0,6.4
2019-11-13,Karimnagar,Jammikunta,0.0,18.5,32.3,43.1,95.1,0.0,6.9
2019-11-14,Karimnagar,Jammikunta,0.0,19.1,32.6,48.1,95.5,0.0,3.9
2019-11-15,Karimnagar,Jammikunta,0.0,19.9,31.9,51.2,95.4,0.0,4.0
2019-11-16,Karimnagar,Jammikunta,0.0,19.7,33.2,46.5,95.4,0.0,3.4
2019-11-17,Karimnagar,Jammikunta,0.0,20.3,33.9,44.2,94.3,0.0,4.0
2019-11-18,Karimnagar,Jammikunta,0.0,18.6,32.4,46.3,91.6,0.0,5.2
2019-11-19,Karimnagar,Jammikunta,0.0,19.3,32.6,45.5,94.6,0.0,5.5
2019-11-20,Karimnagar,Jammikunta,0.0,19.1,32.9,45.4,96.0,0.0,2.8
2019-11-21,Karimnagar,Jammikunta,0.0,20.2,32.5,50.0,95.9,0.0,4.5
2019-11-22,Karimnagar,Jammikunta,0.0,19.3,32.5,51.8,96.2,0.0,5.4
2019-11-23,Karimnagar,Jammikunta,0.0,18.0,32.9,46.1,95.4,0.0,5.4
2019-11-24,Karimnagar,Jammikunta,0.0,17.7,32.9,42.6,95.4,0.0,5.1
2019-11-25,Karimnagar,Jammikunta,0.0,17.9,31.5,48.8,96.0,0.0,4.6
2019-11-26,Karimnagar,Jammikunta,0.0,18.3,33.1,49.0,96.2,0.0,5.5
2019-11-27,Karimnagar,Jammikunta,0.0,18.2,32.8,49.1,95.6,0.0,6.8
2019-11-28,Karimnagar,Jammikunta,0.0,18.6,33.1,44.0,94.9,0.0,5.2
2019-11-29,Karimnagar,Jammikunta,0.0,19.3,31.8,51.8,95.7,0.0,4.8
2019-11-30,Karimnagar,Jammikunta,0.0,19.7,33.3,51.0,96.0,0.0,5.0
2019-12-01,Karimnagar,Jammikunta,0.0,20.7,32.7,50.2,94.5,0.0,4.0
2019-12-02,Karimnagar,Jammikunta,0.0,23.1,32.1,54.2,92.9,0.0,6.0
2019-12-03,Karimnagar,Jammikunta,1.8,21.7,24.3,88.3,97.7,0.0,4.9
2019-12-04,Karimnagar,Jammikunta,0.0,19.9333333333333,31.0666666666667,57.6333333333333,95.9333333333333,0.0,4.8
2019-12-05,Karimnagar,Jammikunta,0.0,18.1333333333333,31.8333333333333,43.9666666666667,93.6,0.0,8.2
2019-12-06,Karimnagar,Jammikunta,0.0,16.8,31.0333333333333,46.5666666666667,94.2,0.0,4.6
2019-12-07,Karimnagar,Jammikunta,0.0,16.8,30.9666666666667,47.9666666666667,96.4333333333333,0.0,6.0
2019-12-08,Karimnagar,Jammikunta,0.0,17.4666666666667,31.0,44.9333333333333,95.1333333333333,0.0,3.5
2019-12-09,Karimnagar,Jammikunta,0.0,18.8,31.1333333333333,50.9333333333333,95.4333333333333,0.0,4.3
2019-12-10,Karimnagar,Jammikunta,0.0,18.5,32.1666666666667,48.3333333333333,95.7666666666667,0.0,7.1
2019-12-11,Karimnagar,Jammikunta,0.0,17.3333333333333,33.0,42.4333333333333,96.0,0.0,5.9
2019-12-12,Karimnagar,Jammikunta,0.0,17.5,32.6333333333333,44.0,94.8,0.0,4.6
2019-12-13,Karimnagar,Jammikunta,0.0,18.4,31.8666666666667,42.9666666666667,94.4666666666667,0.0,8.4
2019-12-14,Karimnagar,Jammikunta,0.0,19.2,31.7333333333333,46.4333333333333,95.3,0.0,11.5
2019-12-15,Karimnagar,Jammikunta,0.0,18.9333333333333,32.9333333333333,47.9333333333333,95.8666666666667,0.0,8.9
2019-12-16,Karimnagar,Jammikunta,0.0,18.2666666666667,31.7666666666667,42.5666666666667,95.0,0.0,10.5
2019-12-17,Karimnagar,Jammikunta,0.0,18.0333333333333,31.9666666666667,45.3333333333333,95.7,0.0,6.9
2019-12-18,Karimnagar,Jammikunta,0.0,18.2,31.6,51.1333333333333,95.5666666666667,0.0,6.5
2019-12-19,Karimnagar,Jammikunta,0.0,16.8333333333333,30.4333333333333,48.9333333333333,96.3666666666667,0.0,4.0
2019-12-20,Karimnagar,Jammikunta,0.0,17.0,30.7333333333333,45.9333333333333,95.7,0.0,3.7
2019-12-21,Karimnagar,Jammikunta,0.0,17.4666666666667,31.0,45.7666666666667,94.9333333333333,0.0,5.7
2019-12-22,Karimnagar,Jammikunta,0.0,17.6333333333333,30.5,48.0333333333333,95.7666666666667,0.0,9.4
2019-12-23,Karimnagar,Jammikunta,0.0,17.4666666666667,32.7333333333333,43.4,96.0333333333333,0.0,9.8
2019-12-24,Karimnagar,Jammikunta,0.0,18.0666666666667,29.6666666666667,54.3666666666667,94.8666666666667,0.0,9.2
2019-12-25,Karimnagar,Jammikunta,0.0,19.2333333333333,30.5666666666667,48.1,91.6333333333333,0.0,10.3
2019-12-26,Karimnagar,Jammikunta,0.0,21.2666666666667,30.9666666666667,46.9,89.9333333333333,0.0,11.1
2019-12-27,Karimnagar,Jammikunta,0.0,20.0,28.2,63.2666666666667,94.4,0.0,8.1
2019-12-28,Karimnagar,Jammikunta,0.0,15.8333333333333,28.0,62.3,84.2,0.0,7.1
2019-12-29,Karimnagar,Jammikunta,0.0,13.9333333333333,27.8666666666667,42.7666666666667,75.9333333333333,0.0,6.0
2019-12-30,Karimnagar,Jammikunta,0.0,14.8333333333333,29.0333333333333,35.0,82.5666666666667,0.0,6.5
2019-12-31,Karimnagar,Jammikunta,0.0,18.5,29.5666666666667,49.2333333333333,89.3333333333333,0.0,8.8
