Date,District,Mandal,Rainfall (mm),temp_min (⁰C),temp_max (⁰C),humidity_min (%),Humidity_max (%),wind_speed_min (Kmph),wind_speed_max (Kmph)
2019-01-01,Karimnagar,Jammikunta ,0.0,11.4,26.6,23.5,80.3,0.0,1.4
2019-01-02,Karimnagar,Jammikunta ,0.0,11.2,28.4,23.8,89.1,0.0,1.5
2019-01-03,Karimnagar,Jammikunta ,0.0,12.9,29.7,27.0,91.6,0.0,1.0
2019-01-04,Karimnagar,Jammikunta ,0.0,13.7,29.9,27.9,92.5,0.0,1.2
2019-01-05,Karimnagar,Jammikunta ,0.0,15.2,30.2,29.4,95.8,0.0,1.3
2019-01-06,Karimnagar,Jammikunta ,0.0,15.1,29.3,41.8,94.9,0.0,1.5
2019-01-07,Karimnagar,Jammikunta ,0.0,15.4,28.0,47.3,94.7,0.0,2.1
2019-01-08,Karimnagar,Jammikunta ,0.0,16.0,28.2,47.5,89.7,0.0,1.0
2019-01-09,Karimnagar,Jammikunta ,0.0,12.3,28.0,29.4,87.1,0.0,1.5
2019-01-10,Karimnagar,Jammikunta ,0.0,13.3,28.5,24.4,81.8,0.0,1.7
2019-01-11,Karimnagar,Jammikunta ,0.0,15.7,29.0,27.8,92.1,0.0,1.3
2019-01-12,Karimnagar,Jammikunta ,0.0,17.0,29.2,45.7,97.1,0.0,1.6
2019-01-13,Karimnagar,Jammikunta ,0.0,19.0,28.6,50.1,94.5,0.2,1.9
2019-01-14,Karimnagar,Jammikunta ,0.0,16.3,29.3,46.8,95.0,0.0,1.5
2019-01-15,Karimnagar,Jammikunta ,0.0,17.5,29.6,46.4,92.0,0.0,1.8
2019-01-16,Karimnagar,Jammikunta ,0.0,16.2,29.0,45.9,92.0,0.0,1.5
2019-01-17,Karimnagar,Jammikunta ,0.0,13.8,29.2,25.2,87.0,0.0,1.3
2019-01-18,Karimnagar,Jammikunta ,0.0,15.0,29.7,31.4,94.3,0.0,1.3
2019-01-19,Karimnagar,Jammikunta ,0.0,15.2,30.4,38.6,92.0,0.0,1.4
2019-01-20,Karimnagar,Jammikunta ,0.0,14.5,30.5,34.5,89.2,0.0,1.8
2019-01-21,Karimnagar,Jammikunta ,0.0,14.5,31.7,24.7,90.1,0.0,1.0
2019-01-22,Karimnagar,Jammikunta ,0.0,16.5,32.1,30.2,95.2,0.0,1.4
2019-01-23,Karimnagar,Jammikunta ,0.0,17.3,30.3,40.5,95.6,0.0,1.9
2019-01-24,Karimnagar,Jammikunta ,0.0,18.1,30.2,46.2,96.4,0.0,1.8
2019-01-25,Karimnagar,Jammikunta ,0.0,20.3,29.9,51.2,90.6,0.2,1.5
2019-01-26,Karimnagar,Jammikunta ,0.0,21.6,29.2,53.8,87.1,0.2,2.0
2019-01-27,Karimnagar,Jammikunta ,46.8,18.6,27.1,66.1,100.0,0.0,2.4
2019-01-28,Karimnagar,Jammikunta ,0.0,18.4,21.5,87.8,100.0,0.1,1.1
2019-01-29,Karimnagar,Jammikunta ,0.0,15.1,25.1,64.1,95.4,0.0,2.0
2019-01-30,Karimnagar,Jammikunta ,0.0,12.3,25.3,33.8,86.8,0.0,2.3
2019-01-31,Karimnagar,Jammikunta ,0.0,14.1,26.1,31.6,83.9,0.0,1.8
2019-02-01,Karimnagar,Jammikunta ,0.0,17.9,29.2,44.5,96.1,0.0,1.3
2019-02-02,Karimnagar,Jammikunta ,0.0,16.8,32.9,44.8,93.1,0.0,1.8
2019-02-03,Karimnagar,Jammikunta ,0.0,17.3,29.5,47.5,94.0,0.0,1.3
2019-02-04,Karimnagar,Jammikunta ,0.0,18.7,30.6,40.2,86.3,0.0,2.4
2019-02-05,Karimnagar,Jammikunta ,0.0,17.5,30.8,35.0,92.5,0.0,1.0
2019-02-06,Karimnagar,Jammikunta ,0.0,17.5,31.6,38.6,93.1,0.0,0.8
2019-02-07,Karimnagar,Jammikunta ,0.0,19.6,32.2,36.3,83.6,0.2,1.6
2019-02-08,Karimnagar,Jammikunta ,0.0,21.1,31.3,39.1,88.7,0.2,2.5
2019-02-09,Karimnagar,Jammikunta ,0.0,17.8,29.1,61.4,95.4,0.0,1.0
2019-02-10,Karimnagar,Jammikunta ,0.0,14.7,27.5,26.7,65.7,0.0,2.1
2019-02-11,Karimnagar,Jammikunta ,0.0,18.4,29.4,32.4,71.4,0.0,1.5
2019-02-12,Karimnagar,Jammikunta ,0.0,20.0,32.4,48.9,93.9,0.0,1.5
2019-02-13,Karimnagar,Jammikunta ,0.0,20.1,31.8,45.8,93.0,0.0,1.6
2019-02-14,Karimnagar,Jammikunta ,0.0,19.2,33.8,27.5,95.0,0.0,1.4
2019-02-15,Karimnagar,Jammikunta ,0.0,19.3,33.0,37.4,90.9,0.0,1.9
2019-02-16,Karimnagar,Jammikunta ,0.0,20.3,33.1,36.9,95.3,0.0,2.4
2019-02-17,Karimnagar,Jammikunta ,0.0,21.6,33.2,46.0,94.4,0.0,1.5
2019-02-18,Karimnagar,Jammikunta ,0.0,20.3,31.7,53.9,92.7,0.0,1.7
2019-02-19,Karimnagar,Jammikunta ,0.0,20.5,33.0,39.4,94.5,0.0,1.2
2019-02-20,Karimnagar,Jammikunta ,0.0,22.5,34.0,46.3,94.0,0.2,1.7
2019-02-21,Karimnagar,Jammikunta ,0.0,20.7,33.3,45.9,94.9,0.0,2.3
2019-02-22,Karimnagar,Jammikunta ,0.0,21.1,35.2,35.5,84.0,0.0,1.2
2019-02-23,Karimnagar,Jammikunta ,0.0,21.4,36.6,32.4,81.2,0.0,1.4
2019-02-24,Karimnagar,Jammikunta ,0.0,20.8,37.0,30.2,69.9,0.0,1.5
2019-02-25,Karimnagar,Jammikunta ,0.0,20.9,38.0,24.3,65.2,0.2,1.2
2019-02-26,Karimnagar,Jammikunta ,0.0,21.1,36.1,25.7,90.9,0.1,2.0
2019-02-27,Karimnagar,Jammikunta ,0.0,20.7,32.9,40.1,87.6,0.1,1.6
2019-02-28,Karimnagar,Jammikunta ,0.0,21.7,33.5,46.3,92.2,0.0,1.7
2019-03-01,Karimnagar,Jammikunta ,0.0,20.1,33.4,27.0,77.9,0.0,1.8
2019-03-02,Karimnagar,Jammikunta ,0.0,22.9,33.8,44.6,91.8,0.0,1.5
2019-03-03,Karimnagar,Jammikunta ,0.0,23.4,33.7,47.0,90.4,0.2,2.4
2019-03-04,Karimnagar,Jammikunta ,0.0,23.1,34.6,44.8,87.1,0.3,2.5
2019-03-05,Karimnagar,Jammikunta ,0.0,23.5,36.7,40.1,89.9,0.2,1.9
2019-03-06,Karimnagar,Jammikunta ,0.0,21.8,34.9,34.2,77.4,0.0,2.6
2019-03-07,Karimnagar,Jammikunta ,0.0,20.4,34.1,24.0,60.8,0.0,1.9
2019-03-08,Karimnagar,Jammikunta ,0.0,21.6,35.3,25.1,67.8,0.0,1.5
2019-03-09,Karimnagar,Jammikunta ,0.0,22.4,36.4,22.2,92.5,0.0,1.9
2019-03-10,Karimnagar,Jammikunta ,0.0,23.5,35.9,37.7,89.5,0.0,2.1
2019-03-11,Karimnagar,Jammikunta ,0.0,23.5,37.5,34.9,90.8,0.2,1.9
2019-03-12,Karimnagar,Jammikunta ,0.0,24.3,37.8,32.6,79.5,0.2,2.3
2019-03-13,Karimnagar,Jammikunta ,0.0,23.4,37.7,31.9,83.2,0.1,1.2
2019-03-14,Karimnagar,Jammikunta ,0.0,23.3,37.7,23.1,68.6,0.0,2.0
2019-03-15,Karimnagar,Jammikunta ,0.0,22.5,37.8,23.1,65.8,0.0,1.7
2019-03-16,Karimnagar,Jammikunta ,0.0,21.4,38.0,20.2,65.4,0.0,1.2
2019-03-17,Karimnagar,Jammikunta ,0.0,22.9,37.3,25.8,90.3,0.2,1.7
2019-03-18,Karimnagar,Jammikunta ,0.0,21.9,37.1,32.2,85.7,0.2,2.4
2019-03-19,Karimnagar,Jammikunta ,0.0,22.9,34.4,37.2,83.5,0.2,2.9
2019-03-20,Karimnagar,Jammikunta ,0.0,21.4,37.9,35.1,87.2,0.2,1.9
2019-03-21,Karimnagar,Jammikunta ,0.0,24.4,36.4,40.3,85.5,0.1,2.7
2019-03-22,Karimnagar,Jammikunta ,0.0,23.5,36.9,36.8,87.2,0.1,2.5
2019-03-23,Karimnagar,Jammikunta ,0.0,23.1,37.8,39.3,83.3,0.0,1.5
2019-03-24,Karimnagar,Jammikunta ,0.0,24.3,38.3,32.6,78.9,0.0,1.9
2019-03-25,Karimnagar,Jammikunta ,0.0,24.4,38.1,31.7,81.0,0.0,1.5
2019-03-26,Karimnagar,Jammikunta ,0.0,24.2,38.4,33.6,79.1,0.0,2.0
2019-03-27,Karimnagar,Jammikunta ,0.0,24.2,38.1,33.4,74.3,0.1,1.9
2019-03-28,Karimnagar,Jammikunta ,0.0,23.8,38.9,26.4,75.4,0.0,1.5
2019-03-29,Karimnagar,Jammikunta ,0.0,24.6,38.4,28.0,76.2,0.0,1.5
2019-03-30,Karimnagar,Jammikunta ,0.0,24.7,39.9,21.5,83.2,0.0,1.6
2019-03-31,Karimnagar,Jammikunta ,0.0,25.1,40.0,30.5,83.8,0.0,1.8
2019-04-01,Karimnagar,Jammikunta ,0.0,26.1,42.2,20.6,73.1,0.0,1.6
2019-04-02,Karimnagar,Jammikunta ,0.0,24.6,40.4,21.7,85.7,0.2,1.5
2019-04-03,Karimnagar,Jammikunta ,0.0,24.1,38.6,29.5,86.4,0.1,1.7
2019-04-04,Karimnagar,Jammikunta ,0.0,21.4,38.5,34.1,88.3,0.0,1.7
2019-04-05,Karimnagar,Jammikunta ,0.0,24.7,37.8,35.2,69.6,0.2,3.4
2019-04-06,Karimnagar,Jammikunta ,0.0,24.7,37.9,27.2,78.2,0.0,1.7
2019-04-07,Karimnagar,Jammikunta ,0.0,24.3,40.3,21.2,70.9,0.0,1.8
2019-04-08,Karimnagar,Jammikunta ,0.0,24.9,41.0,26.6,86.5,0.2,2.2
2019-04-09,Karimnagar,Jammikunta ,0.0,25.6,40.4,29.1,89.4,0.3,2.2
2019-04-10,Karimnagar,Jammikunta ,0.0,26.3,39.5,38.4,88.3,0.3,1.9
2019-04-11,Karimnagar,Jammikunta ,0.0,26.3,39.9,32.1,81.0,0.1,2.2
2019-04-12,Karimnagar,Jammikunta ,0.0,27.0,42.2,16.1,68.1,0.1,1.7
2019-04-13,Karimnagar,Jammikunta ,0.0,24.6,42.1,25.0,69.0,0.0,2.8
2019-04-14,Karimnagar,Jammikunta ,0.0,25.6,41.7,21.3,69.8,0.1,1.4
2019-04-15,Karimnagar,Jammikunta ,0.0,25.4,42.0,21.0,71.1,0.1,1.4
2019-04-16,Karimnagar,Jammikunta ,0.0,25.1,41.7,20.3,50.9,0.0,1.6
2019-04-17,Karimnagar,Jammikunta ,0.0,24.3,40.6,17.3,56.6,0.1,1.8
2019-04-18,Karimnagar,Jammikunta ,2.5,23.8,40.7,26.2,81.5,0.2,3.1
2019-04-19,Karimnagar,Jammikunta ,0.0,25.7,38.7,34.4,87.6,0.0,2.0
2019-04-20,Karimnagar,Jammikunta ,4.5,23.6,39.3,31.4,85.5,0.0,3.1
2019-04-21,Karimnagar,Jammikunta ,0.0,25.8,38.3,37.9,86.0,0.1,4.0
2019-04-22,Karimnagar,Jammikunta ,0.0,27.3,38.6,39.2,69.3,0.0,4.3
2019-04-23,Karimnagar,Jammikunta ,0.0,26.2,40.3,21.9,63.1,0.1,1.8
2019-04-24,Karimnagar,Jammikunta ,0.0,24.4,40.7,22.7,68.8,0.3,2.4
2019-04-25,Karimnagar,Jammikunta ,0.0,27.5,41.6,19.4,62.9,0.1,1.8
2019-04-26,Karimnagar,Jammikunta ,0.0,27.2,42.0,19.8,60.3,0.0,1.4
2019-04-27,Karimnagar,Jammikunta ,0.0,27.8,43.7,20.5,62.5,0.1,1.8
2019-04-28,Karimnagar,Jammikunta ,0.0,27.9,44.2,18.5,69.0,0.2,2.1
2019-04-29,Karimnagar,Jammikunta ,0.0,27.6,42.1,23.6,73.7,0.2,2.2
2019-04-30,Karimnagar,Jammikunta ,0.0,27.8,43.3,22.4,69.3,0.2,1.9
2019-05-01,Karimnagar,Jammikunta ,0.0,29.4,43.6,21.9,73.3,0.0,1.7
2019-05-02,Karimnagar,Jammikunta ,0.0,30.3,42.3,25.6,61.4,0.0,1.6
2019-05-03,Karimnagar,Jammikunta ,0.0,29.6,43.7,12.7,44.2,0.0,3.1
2019-05-04,Karimnagar,Jammikunta ,0.0,30.5,41.2,14.1,28.7,0.0,2.8
2019-05-05,Karimnagar,Jammikunta ,0.0,31.2,42.3,13.4,33.5,0.0,3.9
2019-05-06,Karimnagar,Jammikunta ,0.0,31.0,43.7,11.3,29.0,0.1,3.0
2019-05-07,Karimnagar,Jammikunta ,0.0,30.7,43.2,12.9,57.9,0.0,2.7
2019-05-08,Karimnagar,Jammikunta ,0.0,29.3,44.4,12.6,59.5,0.1,2.7
2019-05-09,Karimnagar,Jammikunta ,0.0,28.9,43.0,14.0,47.6,0.0,3.3
2019-05-10,Karimnagar,Jammikunta ,0.0,28.9,43.9,11.4,39.6,0.0,3.4
2019-05-11,Karimnagar,Jammikunta ,0.0,29.9,44.2,13.1,50.4,0.0,2.3
2019-05-12,Karimnagar,Jammikunta ,0.0,28.1,42.5,32.2,60.4,0.0,3.3
2019-05-13,Karimnagar,Jammikunta ,0.0,29.3,41.2,25.6,77.4,0.2,2.5
2019-05-14,Karimnagar,Jammikunta ,6.0,27.5,42.0,26.4,75.2,0.1,4.4
2019-05-15,Karimnagar,Jammikunta ,0.0,29.1,41.5,25.9,79.8,0.0,1.6
2019-05-16,Karimnagar,Jammikunta ,0.0,28.6,40.3,25.4,72.7,0.2,2.7
2019-05-17,Karimnagar,Jammikunta ,0.0,29.4,43.0,21.7,72.2,0.0,2.4
2019-05-18,Karimnagar,Jammikunta ,0.0,30.6,43.6,17.3,63.5,0.0,1.6
2019-05-19,Karimnagar,Jammikunta ,0.0,30.5,43.9,15.0,70.5,0.0,2.0
2019-05-20,Karimnagar,Jammikunta ,0.0,29.8,44.1,19.2,62.2,0.1,2.9
2019-05-21,Karimnagar,Jammikunta ,0.0,29.4,44.5,19.2,67.9,0.2,2.0
2019-05-22,Karimnagar,Jammikunta ,0.0,29.8,43.5,22.3,62.6,0.0,2.0
2019-05-23,Karimnagar,Jammikunta ,0.0,30.2,43.6,24.9,65.7,0.2,2.1
2019-05-24,Karimnagar,Jammikunta ,0.0,28.4,41.0,27.6,64.7,0.0,4.7
2019-05-25,Karimnagar,Jammikunta ,0.0,29.8,41.3,25.9,58.2,0.0,4.6
2019-05-26,Karimnagar,Jammikunta ,0.0,30.4,42.3,20.9,52.2,0.0,4.8
2019-05-27,Karimnagar,Jammikunta ,0.0,30.9,43.0,19.9,52.0,0.0,6.3
2019-05-28,Karimnagar,Jammikunta ,0.0,30.4,42.5,20.8,56.3,0.0,6.6
2019-05-29,Karimnagar,Jammikunta ,0.0,30.5,42.7,21.1,56.1,0.0,6.0
2019-05-30,Karimnagar,Jammikunta ,0.0,28.3,42.1,23.9,63.5,0.0,14.8
2019-05-31,Karimnagar,Jammikunta ,0.0,29.5,39.1,34.1,65.2,0.0,8.5
