Date,District,Mandal,Rainfall (mm),temp_min (⁰C),temp_max (⁰C),humidity_min (%),Humidity_max (%),wind_speed_min (Kmph),wind_speed_max (Kmph)
2019-01-01,Karimnagar,Karimnagar,0.0,10.8,28.3,25.4,71.4,0.0,0.4
2019-01-02,Karimnagar,Karimnagar,0.0,11.8,29.5,24.2,87.6,0.0,2.5
2019-01-03,Karimnagar,Karimnagar,0.0,13.0,31.2,27.1,90.1,0.0,0.2
2019-01-04,Karimnagar,Karimnagar,0.0,13.7,30.9,31.7,92.7,0.0,0.7
2019-01-05,Karimnagar,Karimnagar,0.0,15.5,31.2,31.7,93.8,0.0,2.6
2019-01-06,Karimnagar,Karimnagar,0.0,15.9,30.7,41.2,91.8,0.0,2.6
2019-01-07,Karimnagar,Karimnagar,0.0,16.7,29.4,43.3,91.8,0.0,4.7
2019-01-08,Karimnagar,Karimnagar,0.0,15.8,30.0,43.8,90.3,0.0,0.3
2019-01-09,Karimnagar,Karimnagar,0.0,12.0,28.4,30.2,83.9,0.0,2.0
2019-01-10,Karimnagar,Karimnagar,0.0,12.7,30.3,21.4,87.6,0.0,2.0
2019-01-11,Karimnagar,Karimnagar,0.0,15.0,30.7,25.0,90.7,0.0,3.0
2019-01-12,Karimnagar,Karimnagar,0.0,17.2,30.6,44.8,95.9,0.0,4.2
2019-01-13,Karimnagar,Karimnagar,0.0,18.7,30.4,46.8,91.8,0.0,2.0
2019-01-14,Karimnagar,Karimnagar,0.0,17.2,31.4,44.7,87.7,0.0,4.8
2019-01-15,Karimnagar,Karimnagar,0.0,17.5,29.9,47.9,87.7,0.0,1.7
2019-01-16,Karimnagar,Karimnagar,0.0,15.2,29.8,45.3,89.3,0.0,1.9
2019-01-17,Karimnagar,Karimnagar,0.0,14.4,30.5,32.3,84.3,0.0,3.5
2019-01-18,Karimnagar,Karimnagar,0.0,15.6,31.2,31.1,90.7,0.0,1.5
2019-01-19,Karimnagar,Karimnagar,0.0,15.6,31.9,36.7,92.5,0.0,0.9
2019-01-20,Karimnagar,Karimnagar,0.0,14.9,31.2,33.5,88.7,0.0,4.4
2019-01-21,Karimnagar,Karimnagar,0.0,14.1,32.0,27.1,84.5,0.0,2.8
2019-01-22,Karimnagar,Karimnagar,0.0,17.0,32.9,29.9,84.5,0.0,2.2
2019-01-23,Karimnagar,Karimnagar,0.0,18.3,32.8,31.9,88.1,0.0,3.6
2019-01-24,Karimnagar,Karimnagar,0.0,18.4,30.6,45.8,92.3,0.0,1.6
2019-01-25,Karimnagar,Karimnagar,0.0,20.2,30.2,54.1,84.3,0.0,2.4
2019-01-26,Karimnagar,Karimnagar,6.8,20.8,31.0,46.8,97.1,0.0,3.3
2019-01-27,Karimnagar,Karimnagar,29.5,18.0,25.1,81.9,99.1,0.0,3.4
2019-01-28,Karimnagar,Karimnagar,0.0,18.3,21.9,81.6,98.7,0.0,1.4
2019-01-29,Karimnagar,Karimnagar,0.0,14.0,25.0,59.0,92.9,0.0,3.3
2019-01-30,Karimnagar,Karimnagar,0.0,11.1,26.4,30.5,92.4,0.0,1.6
2019-01-31,Karimnagar,Karimnagar,0.0,12.8,27.8,29.0,93.6,0.0,2.2
2019-02-01,Karimnagar,Karimnagar,0.0,16.9,29.8,41.7,96.4,0.0,3.5
2019-02-02,Karimnagar,Karimnagar,0.0,16.6,30.2,44.3,92.9,0.0,3.1
2019-02-03,Karimnagar,Karimnagar,0.0,16.5,29.6,48.0,95.6,0.0,3.9
2019-02-04,Karimnagar,Karimnagar,0.0,17.1,31.0,42.8,90.2,0.0,3.9
2019-02-05,Karimnagar,Karimnagar,0.0,17.8,32.3,37.5,88.9,0.0,0.6
2019-02-06,Karimnagar,Karimnagar,0.0,17.9,32.2,38.7,92.7,0.0,2.3
2019-02-07,Karimnagar,Karimnagar,0.0,19.0,32.9,31.9,73.7,0.0,2.2
2019-02-08,Karimnagar,Karimnagar,0.0,20.7,34.0,30.7,85.8,0.0,5.1
2019-02-09,Karimnagar,Karimnagar,0.0,17.6,30.9,38.0,91.3,0.0,0.8
2019-02-10,Karimnagar,Karimnagar,0.0,13.4,28.0,24.8,57.7,0.0,4.3
2019-02-11,Karimnagar,Karimnagar,0.0,18.0,29.4,26.2,54.6,0.0,2.5
2019-02-12,Karimnagar,Karimnagar,0.0,19.9,31.5,39.5,92.7,0.0,1.5
2019-02-13,Karimnagar,Karimnagar,0.0,19.4,31.4,48.4,95.3,0.0,2.5
2019-02-14,Karimnagar,Karimnagar,0.0,18.6,33.2,31.3,91.8,0.0,1.3
2019-02-15,Karimnagar,Karimnagar,0.0,19.3,32.3,47.2,86.6,0.0,3.1
2019-02-16,Karimnagar,Karimnagar,4.5,19.7,35.5,32.2,98.5,0.0,2.6
2019-02-17,Karimnagar,Karimnagar,0.0,21.2,33.5,39.0,92.9,0.0,2.9
2019-02-18,Karimnagar,Karimnagar,0.0,19.5,31.9,52.3,94.8,0.0,0.1
2019-02-19,Karimnagar,Karimnagar,0.0,19.9,33.6,38.5,88.1,0.0,2.1
2019-02-20,Karimnagar,Karimnagar,0.0,22.2,34.7,50.3,85.4,0.0,0.4
2019-02-21,Karimnagar,Karimnagar,0.0,20.7,35.3,41.9,92.1,0.0,4.4
2019-02-22,Karimnagar,Karimnagar,0.0,21.4,35.7,32.9,78.7,0.0,3.2
2019-02-23,Karimnagar,Karimnagar,0.0,22.5,37.3,28.8,72.2,0.0,1.8
2019-02-24,Karimnagar,Karimnagar,0.0,21.9,37.0,22.7,66.3,0.0,4.0
2019-02-25,Karimnagar,Karimnagar,0.0,21.0,38.1,23.9,72.9,0.0,1.9
2019-02-26,Karimnagar,Karimnagar,0.0,21.2,38.8,16.1,79.9,0.0,1.9
2019-02-27,Karimnagar,Karimnagar,0.0,23.5,33.8,34.4,78.9,0.0,2.6
2019-02-28,Karimnagar,Karimnagar,0.0,20.2,34.6,36.2,81.2,0.0,3.2
2019-03-01,Karimnagar,Karimnagar,0.0,20.4,34.5,25.5,62.4,0.0,2.3
2019-03-02,Karimnagar,Karimnagar,0.0,23.4,33.3,44.3,82.7,0.0,3.7
2019-03-03,Karimnagar,Karimnagar,0.0,23.4,36.0,40.4,84.4,0.0,2.8
2019-03-04,Karimnagar,Karimnagar,0.0,23.6,37.4,37.1,71.0,0.0,4.8
2019-03-05,Karimnagar,Karimnagar,0.0,23.4,38.3,22.7,85.7,0.0,4.6
2019-03-06,Karimnagar,Karimnagar,0.0,20.1,37.2,25.1,60.2,0.0,3.7
2019-03-07,Karimnagar,Karimnagar,0.0,18.4,36.4,20.6,62.0,0.0,5.0
2019-03-08,Karimnagar,Karimnagar,0.0,19.9,34.7,26.1,74.4,0.0,2.5
2019-03-09,Karimnagar,Karimnagar,0.0,21.8,36.0,32.2,80.3,0.0,3.5
2019-03-10,Karimnagar,Karimnagar,0.0,23.0,37.7,36.0,80.2,0.0,1.7
2019-03-11,Karimnagar,Karimnagar,0.0,23.6,37.6,38.1,81.4,0.0,2.5
2019-03-12,Karimnagar,Karimnagar,0.0,25.4,38.8,32.2,69.9,0.0,4.2
2019-03-13,Karimnagar,Karimnagar,0.0,23.7,36.5,36.8,77.5,0.0,2.0
2019-03-14,Karimnagar,Karimnagar,0.0,23.8,38.6,21.0,65.7,0.0,4.0
2019-03-15,Karimnagar,Karimnagar,0.0,23.6,39.2,17.3,55.9,0.0,3.0
2019-03-16,Karimnagar,Karimnagar,0.0,22.6,39.8,15.5,46.6,0.0,1.6
2019-03-17,Karimnagar,Karimnagar,0.0,23.1,37.0,24.9,82.7,0.0,3.4
2019-03-18,Karimnagar,Karimnagar,0.0,22.7,37.8,25.1,71.0,0.0,4.6
2019-03-19,Karimnagar,Karimnagar,0.0,22.6,35.7,32.9,78.5,0.0,3.2
2019-03-20,Karimnagar,Karimnagar,0.0,24.3,37.4,37.6,81.4,0.0,5.5
2019-03-21,Karimnagar,Karimnagar,3.5,23.9,36.9,42.9,87.0,0.0,3.8
2019-03-22,Karimnagar,Karimnagar,1.0,22.9,38.1,28.8,81.0,0.0,5.7
2019-03-23,Karimnagar,Karimnagar,0.0,24.4,36.4,42.4,76.4,0.0,3.3
2019-03-24,Karimnagar,Karimnagar,0.0,24.9,37.7,36.0,76.4,0.0,1.7
2019-03-25,Karimnagar,Karimnagar,0.0,24.5,37.8,31.3,78.9,0.0,7.3
2019-03-26,Karimnagar,Karimnagar,0.0,25.4,37.8,33.2,73.5,0.0,1.9
2019-03-27,Karimnagar,Karimnagar,0.0,25.1,39.3,31.6,62.1,0.0,4.4
2019-03-28,Karimnagar,Karimnagar,0.0,24.4,37.8,33.8,61.7,0.0,4.6
2019-03-29,Karimnagar,Karimnagar,0.0,24.9,37.3,33.8,66.4,0.0,1.5
2019-03-30,Karimnagar,Karimnagar,0.0,23.9,39.2,22.9,72.2,0.0,1.9
2019-03-31,Karimnagar,Karimnagar,0.0,26.0,41.1,28.5,72.0,0.0,1.6
2019-04-01,Karimnagar,Karimnagar,0.0,26.8,42.9,16.3,57.7,0.0,6.7
2019-04-02,Karimnagar,Karimnagar,0.0,25.4,41.0,16.7,67.3,0.0,0.8
2019-04-03,Karimnagar,Karimnagar,0.0,24.4,39.1,29.7,74.3,0.0,1.3
2019-04-04,Karimnagar,Karimnagar,0.0,24.8,37.5,41.9,78.9,0.0,1.8
2019-04-05,Karimnagar,Karimnagar,0.0,25.5,38.9,33.2,60.4,0.0,2.8
2019-04-06,Karimnagar,Karimnagar,0.0,25.2,39.7,22.9,55.5,0.0,2.0
2019-04-07,Karimnagar,Karimnagar,0.0,24.9,41.9,21.3,71.6,0.0,2.5
2019-04-08,Karimnagar,Karimnagar,0.0,24.9,41.7,24.4,76.4,0.0,1.7
2019-04-09,Karimnagar,Karimnagar,0.0,25.7,42.2,23.2,81.7,0.0,2.2
2019-04-10,Karimnagar,Karimnagar,0.0,26.7,40.3,34.7,80.4,0.0,2.2
2019-04-11,Karimnagar,Karimnagar,0.0,27.0,42.0,23.2,73.7,0.0,1.8
2019-04-12,Karimnagar,Karimnagar,0.0,27.6,43.6,14.6,63.0,0.0,4.1
2019-04-13,Karimnagar,Karimnagar,0.0,25.4,42.6,18.8,64.7,0.0,2.2
2019-04-14,Karimnagar,Karimnagar,0.0,26.8,41.6,20.0,58.6,0.0,1.7
2019-04-15,Karimnagar,Karimnagar,0.0,27.4,44.0,19.4,51.0,0.0,1.5
2019-04-16,Karimnagar,Karimnagar,0.0,26.3,42.6,17.5,52.3,0.0,0.2
2019-04-17,Karimnagar,Karimnagar,0.0,26.2,41.1,18.0,43.3,0.0,0.9
2019-04-18,Karimnagar,Karimnagar,0.0,25.2,39.8,29.1,64.7,0.0,1.4
2019-04-19,Karimnagar,Karimnagar,0.0,25.4,40.6,27.2,78.9,0.0,0.5
2019-04-20,Karimnagar,Karimnagar,4.3,23.4,40.4,33.4,90.0,0.0,2.5
2019-04-21,Karimnagar,Karimnagar,2.5,25.4,40.0,34.7,80.6,0.0,4.6
2019-04-22,Karimnagar,Karimnagar,0.0,26.8,40.4,32.8,72.4,0.0,6.3
2019-04-23,Karimnagar,Karimnagar,0.0,25.7,40.1,27.2,63.5,0.0,8.4
2019-04-24,Karimnagar,Karimnagar,0.0,25.2,41.4,21.9,65.6,0.0,0.9
2019-04-25,Karimnagar,Karimnagar,0.0,27.6,42.9,16.9,58.6,0.0,0.9
2019-04-26,Karimnagar,Karimnagar,0.0,27.3,42.5,18.4,46.2,0.0,9.6
2019-04-27,Karimnagar,Karimnagar,0.0,28.3,42.1,19.4,59.5,0.0,11.2
2019-04-28,Karimnagar,Karimnagar,0.0,27.5,42.8,17.9,61.1,0.0,13.9
2019-04-29,Karimnagar,Karimnagar,0.0,29.3,44.9,19.0,59.5,0.0,1.9
2019-04-30,Karimnagar,Karimnagar,0.0,28.9,44.6,17.1,59.1,0.0,0.5
2019-05-01,Karimnagar,Karimnagar,0.0,29.8,43.3,21.5,62.2,0.0,0.1
2019-05-02,Karimnagar,Karimnagar,0.0,30.0,43.4,22.5,59.9,0.0,1.4
2019-05-03,Karimnagar,Karimnagar,0.0,28.0,44.8,11.6,37.2,0.0,2.4
2019-05-04,Karimnagar,Karimnagar,0.0,29.5,43.2,13.2,40.1,0.0,0.7
2019-05-05,Karimnagar,Karimnagar,0.0,29.4,43.6,12.6,38.5,0.0,0.4
2019-05-06,Karimnagar,Karimnagar,0.0,27.9,44.7,10.9,34.8,0.0,0.2
2019-05-07,Karimnagar,Karimnagar,0.0,29.7,44.6,12.6,42.8,0.0,7.9
2019-05-08,Karimnagar,Karimnagar,0.0,26.9,45.1,10.9,62.7,0.0,2.9
2019-05-09,Karimnagar,Karimnagar,0.0,30.1,44.4,14.3,54.9,0.0,3.2
2019-05-10,Karimnagar,Karimnagar,0.0,29.9,44.4,14.3,54.6,0.0,2.0
2019-05-11,Karimnagar,Karimnagar,0.0,32.6,44.2,14.7,63.1,0.0,3.1
2019-05-12,Karimnagar,Karimnagar,0.0,30.1,42.2,23.7,62.6,0.0,7.6
2019-05-13,Karimnagar,Karimnagar,0.0,30.1,41.7,24.8,65.9,0.0,4.6
2019-05-14,Karimnagar,Karimnagar,0.0,29.9,41.7,22.8,70.4,0.0,9.3
2019-05-15,Karimnagar,Karimnagar,0.0,30.4,43.9,27.5,78.4,0.0,5.2
2019-05-16,Karimnagar,Karimnagar,0.0,30.1,41.9,27.6,76.9,0.0,7.9
2019-05-17,Karimnagar,Karimnagar,0.0,30.8,42.8,21.4,77.0,0.0,5.5
2019-05-18,Karimnagar,Karimnagar,0.0,28.0,44.3,20.4,58.7,0.0,4.0
2019-05-19,Karimnagar,Karimnagar,0.0,31.0,43.5,7.0,65.1,0.0,3.8
2019-05-20,Karimnagar,Karimnagar,0.0,28.1,44.4,9.5,58.5,0.0,3.7
2019-05-21,Karimnagar,Karimnagar,0.0,31.6,44.4,23.1,64.8,0.0,6.1
2019-05-22,Karimnagar,Karimnagar,0.0,28.4,44.9,27.5,55.4,0.0,11.4
2019-05-23,Karimnagar,Karimnagar,2.3,27.5,44.2,12.8,90.8,0.0,7.1
2019-05-24,Karimnagar,Karimnagar,0.0,30.1,44.4,27.5,71.1,0.0,7.2
2019-05-25,Karimnagar,Karimnagar,0.0,32.6,44.4,27.5,72.8,0.0,5.3
2019-05-26,Karimnagar,Karimnagar,0.0,29.3,44.8,16.2,63.1,0.0,2.4
2019-05-27,Karimnagar,Karimnagar,0.0,35.0,46.6,18.4,63.5,0.0,6.9
2019-05-28,Karimnagar,Karimnagar,0.0,32.6,45.5,20.4,71.0,0.0,6.4
2019-05-29,Karimnagar,Karimnagar,0.0,31.5,45.3,24.1,70.9,0.0,4.0
2019-05-30,Karimnagar,Karimnagar,0.0,29.4,45.7,27.5,62.6,0.0,9.3
2019-05-31,Karimnagar,Karimnagar,0.0,29.3,42.4,33.8,73.8,0.0,7.0
2019-06-01,Karimnagar,Karimnagar,0.8,27.3,44.2,30.0,83.2,0.0,5.7
2019-06-02,Karimnagar,Karimnagar,0.8,24.1,39.2,43.7,100.0,0.0,5.0
2019-06-03,Karimnagar,Karimnagar,0.0,32.6,44.3,13.0,63.1,0.0,14.1
2019-06-04,Karimnagar,Karimnagar,2.7,23.9,44.4,15.7,89.9,0.0,14.7
2019-06-05,Karimnagar,Karimnagar,0.0,31.7,42.6,35.5,100.0,0.0,6.4
2019-06-06,Karimnagar,Karimnagar,0.0,32.6,44.4,27.5,100.0,0.0,5.7
2019-06-07,Karimnagar,Karimnagar,0.0,28.5,44.0,18.2,63.9,0.0,15.2
2019-06-08,Karimnagar,Karimnagar,0.0,26.8,43.4,23.1,80.1,0.0,8.6
2019-06-09,Karimnagar,Karimnagar,0.0,30.1,38.9,30.4,71.5,0.0,9.1
2019-06-10,Karimnagar,Karimnagar,0.0,32.6,44.2,27.5,63.1,0.0,10.7
2019-06-11,Karimnagar,Karimnagar,0.0,29.9,44.6,25.4,73.5,0.0,9.5
2019-06-12,Karimnagar,Karimnagar,0.0,32.6,43.4,27.5,63.1,0.0,7.8
2019-06-13,Karimnagar,Karimnagar,0.0,29.6,43.0,27.8,62.8,0.9,12.2
2019-06-14,Karimnagar,Karimnagar,0.0,29.7,40.0,30.4,70.4,1.5,11.1
2019-06-15,Karimnagar,Karimnagar,0.0,31.2,40.7,27.1,57.9,0.3,9.1
2019-06-16,Karimnagar,Karimnagar,0.0,32.6,40.5,19.3,55.2,0.2,7.0
2019-06-17,Karimnagar,Karimnagar,0.0,30.1,40.8,25.2,71.5,0.0,8.2
2019-06-18,Karimnagar,Karimnagar,1.7,29.2,37.8,28.1,91.4,0.0,5.3
2019-06-19,Karimnagar,Karimnagar,0.0,31.7,39.7,30.0,57.1,0.0,8.2
2019-06-20,Karimnagar,Karimnagar,0.0,30.4,40.0,27.7,65.2,0.0,9.0
2019-06-21,Karimnagar,Karimnagar,71.5,24.4,38.5,38.8,99.9,0.0,12.5
2019-06-22,Karimnagar,Karimnagar,0.0,26.8,35.2,63.5,97.4,0.0,9.4
2019-06-23,Karimnagar,Karimnagar,0.4,26.1,33.2,63.5,86.0,0.0,9.0
2019-06-24,Karimnagar,Karimnagar,0.4,25.3,34.5,63.5,92.4,0.0,6.3
2019-06-25,Karimnagar,Karimnagar,0.4,26.1,36.8,57.7,91.0,0.0,8.0
2019-06-26,Karimnagar,Karimnagar,0.4,27.6,36.8,51.9,84.4,0.0,7.0
2019-06-27,Karimnagar,Karimnagar,0.0,28.5,38.6,44.2,76.5,0.4,9.8
2019-06-28,Karimnagar,Karimnagar,0.0,29.0,37.7,47.1,70.8,0.0,10.9
2019-06-29,Karimnagar,Karimnagar,3.1,25.0,35.5,48.7,97.1,0.9,10.7
2019-06-30,Karimnagar,Karimnagar,2.0,24.5,31.2,66.6,100.0,0.4,8.5
2019-07-01,Karimnagar,Karimnagar,7.7,24.6,30.4,70.5,100.0,0.0,8.1
2019-07-02,Karimnagar,Karimnagar,1.4,26.1,32.3,71.3,100.0,0.0,6.9
2019-07-03,Karimnagar,Karimnagar,24.3,24.3,31.9,70.9,100.0,0.0,5.7
2019-07-04,Karimnagar,Karimnagar,0.0,26.8,30.8,70.9,100.0,0.0,10.2
2019-07-05,Karimnagar,Karimnagar,0.2,27.5,35.6,55.8,92.4,0.9,9.4
2019-07-06,Karimnagar,Karimnagar,1.7,26.0,34.0,52.8,97.6,0.0,10.0
2019-07-07,Karimnagar,Karimnagar,0.2,27.3,32.5,59.6,86.0,1.4,11.7
2019-07-08,Karimnagar,Karimnagar,6.6,24.5,34.1,51.5,100.0,0.0,11.6
2019-07-09,Karimnagar,Karimnagar,6.8,24.8,34.4,64.7,100.0,0.0,14.4
2019-07-10,Karimnagar,Karimnagar,0.8,24.6,34.4,56.7,100.0,0.0,7.3
2019-07-11,Karimnagar,Karimnagar,3.7,26.1,36.3,49.7,97.2,0.0,10.8
2019-07-12,Karimnagar,Karimnagar,0.5,25.2,33.1,63.5,96.5,0.0,9.6
2019-07-13,Karimnagar,Karimnagar,0.2,27.3,34.9,59.2,90.3,0.0,8.5
2019-07-14,Karimnagar,Karimnagar,0.3,27.2,35.8,55.6,83.7,0.0,9.7
2019-07-15,Karimnagar,Karimnagar,0.7,27.2,36.0,51.0,84.7,0.0,6.9
2019-07-16,Karimnagar,Karimnagar,0.5,27.6,36.8,47.5,76.6,0.0,6.7
2019-07-17,Karimnagar,Karimnagar,0.0,27.4,37.8,45.3,76.5,0.0,8.2
2019-07-18,Karimnagar,Karimnagar,0.0,27.6,37.9,43.6,76.5,0.0,5.6
2019-07-19,Karimnagar,Karimnagar,0.0,26.7,37.8,42.4,91.1,0.0,8.0
2019-07-20,Karimnagar,Karimnagar,70.6,24.5,37.0,49.8,99.5,0.0,6.5
2019-07-21,Karimnagar,Karimnagar,3.6,25.7,33.5,71.4,100.0,0.0,5.8
2019-07-22,Karimnagar,Karimnagar,0.0,26.6,35.3,55.9,95.7,0.2,5.5
2019-07-23,Karimnagar,Karimnagar,0.0,26.5,35.4,56.7,93.8,0.0,5.3
2019-07-24,Karimnagar,Karimnagar,0.0,27.0,35.9,55.8,98.0,0.0,8.4
2019-07-25,Karimnagar,Karimnagar,0.0,27.6,35.2,57.0,78.6,0.0,10.4
2019-07-26,Karimnagar,Karimnagar,34.0,24.4,34.7,58.2,99.9,0.0,7.1
2019-07-27,Karimnagar,Karimnagar,12.9,24.2,28.8,90.4,99.9,0.0,9.3
2019-07-28,Karimnagar,Karimnagar,9.1,24.2,29.7,72.1,100.0,0.0,8.6
2019-07-29,Karimnagar,Karimnagar,37.5,24.1,27.7,78.0,99.9,1.0,6.5
2019-07-30,Karimnagar,Karimnagar,15.4,24.0,26.0,92.6,100.0,2.8,6.2
2019-07-31,Karimnagar,Karimnagar,0.4,24.5,27.5,94.5,100.0,0.0,17.4
2019-08-01,Karimnagar,Karimnagar,0.2,25.2,33.0,76.7,100.0,0.8,5.3
2019-08-02,Karimnagar,Karimnagar,51.7,23.9,30.1,68.4,99.4,0.0,8.6
2019-08-03,Karimnagar,Karimnagar,24.3,24.5,26.0,90.0,99.4,3.4,7.8
2019-08-04,Karimnagar,Karimnagar,4.1,24.2,27.4,80.9,98.0,2.3,9.6
2019-08-05,Karimnagar,Karimnagar,0.0,25.0,31.9,70.2,92.1,3.4,9.0
2019-08-06,Karimnagar,Karimnagar,9.6,24.6,30.4,67.2,98.5,0.0,7.0
2019-08-07,Karimnagar,Karimnagar,20.4,24.2,29.1,84.3,99.4,1.8,9.5
2019-08-08,Karimnagar,Karimnagar,32.4,23.8,26.9,92.1,100.0,0.9,9.2
2019-08-09,Karimnagar,Karimnagar,0.3,24.6,29.8,77.3,95.2,0.0,9.5
2019-08-10,Karimnagar,Karimnagar,0.0,25.1,32.7,65.0,86.5,0.0,10.7
2019-08-11,Karimnagar,Karimnagar,0.0,25.6,34.6,58.2,80.6,0.0,9.3
2019-08-12,Karimnagar,Karimnagar,20.7,23.9,35.1,53.2,98.9,0.0,7.1
2019-08-13,Karimnagar,Karimnagar,0.0,26.3,33.5,62.7,91.2,0.0,4.8
2019-08-14,Karimnagar,Karimnagar,0.0,25.5,29.8,73.5,92.9,0.0,6.2
2019-08-15,Karimnagar,Karimnagar,8.1,23.9,31.6,69.2,98.5,0.0,10.4
2019-08-16,Karimnagar,Karimnagar,0.3,25.7,34.7,55.9,94.2,0.0,5.6
2019-08-17,Karimnagar,Karimnagar,0.0,26.7,35.7,50.7,88.2,0.0,6.0
2019-08-18,Karimnagar,Karimnagar,0.0,26.5,33.7,56.8,91.2,0.0,5.3
2019-08-19,Karimnagar,Karimnagar,18.8,24.7,27.5,86.0,98.9,0.0,2.0
2019-08-20,Karimnagar,Karimnagar,0.0,26.4,36.4,53.2,97.8,0.0,4.3
2019-08-21,Karimnagar,Karimnagar,1.8,25.5,35.0,58.6,97.4,0.0,3.4
2019-08-22,Karimnagar,Karimnagar,1.4,24.7,33.2,67.2,90.8,0.0,5.3
2019-08-23,Karimnagar,Karimnagar,5.6,23.3,32.3,68.9,98.5,0.0,4.3
2019-08-24,Karimnagar,Karimnagar,1.0,25.0,29.0,82.0,97.5,0.0,4.0
2019-08-25,Karimnagar,Karimnagar,0.0,25.4,33.5,54.1,86.5,0.0,7.1
2019-08-26,Karimnagar,Karimnagar,2.8,24.6,34.1,54.1,97.1,0.0,7.7
2019-08-27,Karimnagar,Karimnagar,1.1,24.0,34.1,54.5,92.1,0.0,8.6
2019-08-28,Karimnagar,Karimnagar,0.0,25.9,35.2,47.6,83.9,0.0,7.6
2019-08-29,Karimnagar,Karimnagar,0.0,26.1,35.8,45.0,88.7,0.0,6.9
2019-08-30,Karimnagar,Karimnagar,0.0,26.9,36.2,50.2,85.2,0.0,7.3
2019-08-31,Karimnagar,Karimnagar,56.1,23.7,35.9,53.6,98.5,0.0,6.9
2019-09-01,Karimnagar,Karimnagar,1.2,23.8,30.7,71.8,97.4,0.1,7.7
2019-09-02,Karimnagar,Karimnagar,4.1,22.8,30.5,70.5,96.1,0.0,12.7
2019-09-03,Karimnagar,Karimnagar,6.9,23.4,28.2,76.2,98.0,0.0,8.0
2019-09-04,Karimnagar,Karimnagar,1.4,24.3,29.3,77.3,98.0,0.2,7.1
2019-09-05,Karimnagar,Karimnagar,0.9,24.3,30.9,72.2,95.8,0.0,9.4
2019-09-06,Karimnagar,Karimnagar,0.0,25.4,33.2,63.6,87.3,2.2,8.6
2019-09-07,Karimnagar,Karimnagar,0.3,24.9,29.4,73.9,87.3,0.0,8.8
2019-09-08,Karimnagar,Karimnagar,0.0,25.6,30.0,73.5,90.7,0.0,8.3
2019-09-09,Karimnagar,Karimnagar,13.4,24.5,32.0,68.1,98.0,0.0,8.9
2019-09-11,Karimnagar,Karimnagar,13.9,24.7,34.1,60.9,98.0,0.0,7.9
2019-09-12,Karimnagar,Karimnagar,2.6,23.9,32.1,65.0,97.5,0.0,9.5
2019-09-13,Karimnagar,Karimnagar,0.3,24.9,28.6,76.8,90.0,0.0,7.1
2019-09-14,Karimnagar,Karimnagar,2.7,24.1,32.9,65.4,97.5,0.0,8.1
2019-09-15,Karimnagar,Karimnagar,20.4,24.1,33.4,60.9,98.5,0.0,6.4
2019-09-16,Karimnagar,Karimnagar,0.0,26.3,33.4,64.5,92.0,0.0,5.6
2019-09-17,Karimnagar,Karimnagar,0.0,26.0,33.8,61.8,89.9,0.0,4.7
2019-09-18 00:00:00,Karimnagar,Karimnagar,62.8,23.6,33.8,66.8,98.9,0.0,5.9
2019-09-19 00:00:00,Karimnagar,Karimnagar,0.9,24.0,32.0,71.5,98.9,0.0,2.9
2019-09-20 00:00:00,Karimnagar,Karimnagar,0.0,24.4,31.5,71.9,94.2,0.0,3.4
2019-09-21 00:00:00,Karimnagar,Karimnagar,4.2,24.2,33.5,63.1,98.5,0.0,8.1
2019-09-22 00:00:00,Karimnagar,Karimnagar,10.0,23.4,33.8,64.1,99.4,0.0,3.6
2019-09-23 00:00:00,Karimnagar,Karimnagar,0.0,24.9,34.6,59.1,97.1,0.0,5.1
2019-09-24 00:00:00,Karimnagar,Karimnagar,23.0,23.4,34.0,61.4,98.9,0.0,2.5
2019-09-25 00:00:00,Karimnagar,Karimnagar,66.6,22.9,33.0,69.3,99.4,0.0,3.8
2019-09-26 00:00:00,Karimnagar,Karimnagar,0.0,24.6,30.9,75.2,98.9,0.0,4.6
2019-09-27 00:00:00,Karimnagar,Karimnagar,57.2,22.7,28.8,80.7,98.5,0.0,9.1
2019-09-28 00:00:00,Karimnagar,Karimnagar,53.7,23.2,31.8,70.7,99.4,0.0,5.7
2019-09-29 00:00:00,Karimnagar,Karimnagar,33.6,22.7,31.2,75.8,99.4,0.0,3.8
2019-09-30 00:00:00,Karimnagar,Karimnagar,32.6,21.6,33.9,63.6,99.9,0.0,3.9
2019-10-01,Karimnagar,Karimnagar,0.7,22.5,32.7,69.8,99.8,0.0,5.8
2019-10-02,Karimnagar,Karimnagar,11.7,23.6,34.5,63.2,98.5,0.0,6.5
2019-10-03,Karimnagar,Karimnagar,0.0,24.6,33.9,58.2,97.5,0.0,4.6
2019-10-04,Karimnagar,Karimnagar,15.0,23.6,33.2,69.8,99.8,0.0,7.2
2019-10-05,Karimnagar,Karimnagar,0.0,23.9,33.5,56.8,97.9,0.0,2.5
2019-10-06,Karimnagar,Karimnagar,0.0,24.4,32.9,60.4,97.5,0.0,2.8
2019-10-07,Karimnagar,Karimnagar,7.5,23.0,33.8,58.2,99.4,0.0,6.9
2019-10-08,Karimnagar,Karimnagar,0.0,23.9,34.0,55.5,96.6,0.0,3.0
2019-10-09,Karimnagar,Karimnagar,0.0,24.2,32.8,64.1,94.7,0.0,3.4
2019-10-10,Karimnagar,Karimnagar,0.0,23.6,34.2,56.8,90.0,0.0,4.6
2019-10-11,Karimnagar,Karimnagar,1.0,23.2,33.8,58.6,95.7,0.0,4.7
2019-10-12,Karimnagar,Karimnagar,7.0,23.2,33.5,55.0,98.9,0.0,5.2
2019-10-13,Karimnagar,Karimnagar,0.0,23.8,32.4,66.3,98.0,0.0,2.4
2019-10-14,Karimnagar,Karimnagar,0.0,24.2,32.0,66.8,95.2,0.0,2.8
2019-10-15,Karimnagar,Karimnagar,0.0,22.8,32.6,62.3,92.1,0.0,5.0
2019-10-16,Karimnagar,Karimnagar,0.0,23.2,33.2,62.3,88.2,0.0,4.6
2019-10-17,Karimnagar,Karimnagar,0.0,23.3,31.7,62.3,97.5,0.0,5.8
2019-10-18,Karimnagar,Karimnagar,10.8,23.1,32.2,63.1,99.4,0.0,4.1
2019-10-19,Karimnagar,Karimnagar,40.1,22.4,31.6,67.9,98.9,0.0,3.5
2019-10-20,Karimnagar,Karimnagar,10.2,22.4,31.1,67.9,99.4,0.0,1.8
2019-10-21,Karimnagar,Karimnagar,18.6,22.8,31.1,68.4,99.4,0.0,3.4
2019-10-22,Karimnagar,Karimnagar,0.0,22.4,30.1,72.6,99.4,0.0,2.5
2019-10-23,Karimnagar,Karimnagar,0.0,24.0,32.4,65.8,95.7,0.0,3.4
2019-10-24,Karimnagar,Karimnagar,31.2,22.7,31.7,65.4,99.4,0.0,4.2
2019-10-25,Karimnagar,Karimnagar,29.1,22.3,32.4,66.3,99.4,0.0,2.8
2019-10-26,Karimnagar,Karimnagar,0.0,24.5,32.7,60.9,99.4,0.0,1.7
2019-10-27,Karimnagar,Karimnagar,0.0,22.8,31.7,69.2,98.0,0.0,3.8
2019-10-28,Karimnagar,Karimnagar,0.3,24.2,32.2,63.1,97.5,0.0,2.0
2019-10-29,Karimnagar,Karimnagar,7.9,21.7,32.3,66.3,98.9,0.0,3.1
2019-10-30,Karimnagar,Karimnagar,0.0,23.7,31.3,69.7,98.9,0.0,2.2
2019-10-31,Karimnagar,Karimnagar,22.1,21.7,31.7,69.3,99.9,0.0,2.7
2019-11-01,Karimnagar,Karimnagar,0.0,23.4,29.1,75.6,99.4,0.0,4.0
2019-11-02,Karimnagar,Karimnagar,0.0,23.9,32.4,61.8,98.0,0.0,3.0
2019-11-03,Karimnagar,Karimnagar,22.7,22.3,34.6,58.6,99.9,0.0,8.0
2019-11-04,Karimnagar,Karimnagar,0.0,23.0,32.1,65.8,98.9,0.0,3.8
2019-11-05,Karimnagar,Karimnagar,0.0,22.1,33.0,53.2,95.2,0.0,3.4
2019-11-06,Karimnagar,Karimnagar,0.0,23.1,33.4,55.0,97.5,0.0,3.6
2019-11-07,Karimnagar,Karimnagar,0.0,22.0,32.9,53.2,97.6,0.0,3.1
2019-11-08,Karimnagar,Karimnagar,0.0,21.9,32.8,52.8,96.2,0.0,7.8
2019-11-09,Karimnagar,Karimnagar,0.0,21.2,32.9,53.2,97.1,0.0,4.2
2019-11-10,Karimnagar,Karimnagar,0.0,20.3,32.5,51.9,95.7,0.0,1.4
2019-11-11,Karimnagar,Karimnagar,0.0,20.7,31.8,48.8,95.7,0.0,3.6
2019-11-12,Karimnagar,Karimnagar,0.0,20.5,31.8,52.8,97.1,0.0,4.3
2019-11-13,Karimnagar,Karimnagar,0.0,18.6,31.6,42.2,91.4,0.0,4.7
2019-11-14,Karimnagar,Karimnagar,0.0,19.4,30.7,45.3,95.3,0.0,4.7
2019-11-15,Karimnagar,Karimnagar,0.0,21.1,31.0,48.4,85.0,0.0,2.8
2019-11-16,Karimnagar,Karimnagar,0.0,19.9,31.3,47.7,92.9,0.0,3.4
2019-11-17,Karimnagar,Karimnagar,0.0,20.3,31.6,47.4,94.4,0.0,5.3
2019-11-18,Karimnagar,Karimnagar,0.0,18.9,32.7,40.6,84.3,0.0,2.5
2019-11-19,Karimnagar,Karimnagar,0.0,19.5,31.6,44.7,91.0,0.0,4.6
2019-11-20,Karimnagar,Karimnagar,0.0,19.8,33.4,41.6,96.9,0.0,1.1
2019-11-21,Karimnagar,Karimnagar,0.0,20.4,31.0,50.9,97.6,0.0,4.6
2019-11-22,Karimnagar,Karimnagar,0.0,19.7,30.5,51.9,98.5,0.0,2.5
2019-11-23,Karimnagar,Karimnagar,0.0,18.8,30.6,48.9,91.8,0.0,3.8
2019-11-24,Karimnagar,Karimnagar,0.0,18.2,31.2,43.8,96.9,0.0,2.8
2019-11-25,Karimnagar,Karimnagar,0.0,18.6,31.2,48.4,97.8,0.0,3.7
2019-11-26,Karimnagar,Karimnagar,0.0,19.5,30.3,49.4,97.8,0.0,5.3
2019-11-27,Karimnagar,Karimnagar,0.0,19.2,30.3,51.4,96.4,0.0,4.0
2019-11-28,Karimnagar,Karimnagar,0.0,19.1,32.1,45.3,97.3,0.0,5.7
2019-11-29,Karimnagar,Karimnagar,0.0,20.1,31.1,50.4,96.7,0.0,2.9
2019-11-30,Karimnagar,Karimnagar,0.0,20.3,32.3,51.8,98.1,0.0,5.0
2019-12-01,Karimnagar,Karimnagar,0.0,21.1,31.3,50.4,94.4,0.0,4.9
2019-12-02,Karimnagar,Karimnagar,0.0,23.2,32.0,53.2,81.9,0.0,3.6
2019-12-03,Karimnagar,Karimnagar,0.5,22.3,27.1,69.1,92.5,0.0,4.6
2019-12-04,Karimnagar,Karimnagar,0.0,20.3,30.0,57.2,95.7,0.0,4.6
2019-12-05,Karimnagar,Karimnagar,0.0,18.6,30.0,43.8,89.8,0.0,4.3
2019-12-06,Karimnagar,Karimnagar,0.0,17.3,29.4,46.5,89.9,0.0,5.7
2019-12-07,Karimnagar,Karimnagar,0.0,17.7,29.2,46.5,95.5,0.0,2.8
2019-12-08,Karimnagar,Karimnagar,0.0,18.2,29.1,45.8,91.8,0.0,4.6
2019-12-09,Karimnagar,Karimnagar,0.0,19.5,29.5,51.9,89.3,0.0,3.5
2019-12-10,Karimnagar,Karimnagar,0.0,19.2,30.2,49.4,97.3,0.0,3.4
2019-12-11,Karimnagar,Karimnagar,0.0,18.3,30.5,48.4,97.3,0.0,4.6
2019-12-12,Karimnagar,Karimnagar,0.0,18.3,31.0,44.8,95.5,0.0,4.7
2019-12-13,Karimnagar,Karimnagar,0.0,19.4,30.6,43.8,91.4,0.0,6.0
2019-12-14,Karimnagar,Karimnagar,0.0,20.3,30.3,43.8,94.8,0.0,7.4
2019-12-15,Karimnagar,Karimnagar,0.0,20.5,30.7,52.8,95.3,0.0,5.6
2019-12-16,Karimnagar,Karimnagar,0.0,18.8,30.7,45.3,94.6,0.0,5.5
2019-12-17,Karimnagar,Karimnagar,0.0,19.2,30.5,47.4,95.5,0.0,5.9
2019-12-18,Karimnagar,Karimnagar,0.0,18.4,31.1,49.9,95.5,0.0,5.1
2019-12-19,Karimnagar,Karimnagar,0.0,17.9,30.2,49.4,98.2,0.0,2.2
2019-12-20,Karimnagar,Karimnagar,0.0,17.2,30.0,46.3,94.7,0.0,2.5
2019-12-21,Karimnagar,Karimnagar,0.0,18.8,30.9,44.8,91.4,0.0,4.3
2019-12-22,Karimnagar,Karimnagar,0.0,18.2,29.0,49.4,95.0,0.0,3.5
2019-12-23,Karimnagar,Karimnagar,0.0,18.1,31.2,45.5,97.8,0.0,4.2
2019-12-24,Karimnagar,Karimnagar,0.0,18.8,29.1,51.9,95.0,0.0,5.1
2019-12-25,Karimnagar,Karimnagar,0.0,19.2,29.7,49.4,88.1,0.0,7.7
2019-12-26,Karimnagar,Karimnagar,0.0,21.7,29.8,47.4,83.7,0.0,6.8
2019-12-27,Karimnagar,Karimnagar,0.0,20.9,27.9,60.8,96.7,0.0,6.6
2019-12-28,Karimnagar,Karimnagar,0.0,16.7,26.8,60.3,86.5,0.0,2.7
2019-12-29,Karimnagar,Karimnagar,0.0,15.7,26.6,39.9,74.1,0.0,3.6
2019-12-30,Karimnagar,Karimnagar,0.0,15.4,27.0,32.3,84.8,0.0,4.2
2019-12-31,Karimnagar,Karimnagar,0.0,19.4,28.4,50.2,84.7,0.0,5.3
