Date,District,Mandal,Rainfall (mm),temp_min (⁰C),temp_max (⁰C),humidity_min (%),Humidity_max (%),wind_speed_min (Kmph),wind_speed_max (Kmph)
2019-01-01,Karimnagar,Manakondur ,0.0,11.3,26.6,26.9,83.5,0.0,0.6
2019-01-02,Karimnagar,Manakondur ,0.0,12.0,28.0,25.3,87.9,0.0,0.8
2019-01-03,Karimnagar,Manakondur ,0.0,14.1,29.5,27.7,83.6,0.0,0.4
2019-01-04,Karimnagar,Manakondur ,0.0,13.1,29.2,34.1,93.8,0.0,0.7
2019-01-05,Karimnagar,Manakondur ,0.0,15.0,29.5,32.9,97.5,0.0,0.5
2019-01-06,Karimnagar,Manakondur ,0.0,14.8,28.9,44.9,96.5,0.0,1.0
2019-01-07,Karimnagar,Manakondur ,0.0,15.4,28.5,45.5,96.2,0.0,1.9
2019-01-08,Karimnagar,Manakondur ,0.0,16.4,27.8,45.1,96.9,0.0,0.9
2019-01-09,Karimnagar,Manakondur ,0.0,12.9,27.0,33.4,89.9,0.0,0.8
2019-01-10,Karimnagar,Manakondur ,0.0,11.8,28.1,25.5,89.3,0.0,0.9
2019-01-11,Karimnagar,Manakondur ,0.0,13.7,28.1,28.4,97.4,0.0,0.9
2019-01-12,Karimnagar,Manakondur ,0.0,16.9,28.3,50.6,98.2,0.0,1.7
2019-01-13,Karimnagar,Manakondur ,0.0,18.7,29.0,51.9,93.1,0.0,1.2
2019-01-14,Karimnagar,Manakondur ,0.0,16.9,29.3,50.6,96.1,0.0,1.5
2019-01-15,Karimnagar,Manakondur ,0.0,16.2,28.4,55.9,97.2,0.0,0.4
2019-01-16,Karimnagar,Manakondur ,0.0,14.6,28.3,48.7,98.0,0.0,0.6
2019-01-17,Karimnagar,Manakondur ,0.0,14.3,28.9,33.1,87.1,0.0,0.6
2019-01-18,Karimnagar,Manakondur ,0.0,16.1,29.6,32.3,93.8,0.0,0.4
2019-01-19,Karimnagar,Manakondur ,0.0,15.1,29.7,39.9,93.7,0.0,0.6
2019-01-20,Karimnagar,Manakondur ,0.0,14.3,29.9,37.9,92.7,0.0,0.8
2019-01-21,Karimnagar,Manakondur ,0.0,14.7,30.9,29.0,89.3,0.0,0.9
2019-01-22,Karimnagar,Manakondur ,0.0,18.2,31.5,32.8,84.2,0.0,1.8
2019-01-23,Karimnagar,Manakondur ,0.0,16.6,30.0,41.7,98.4,0.0,1.1
2019-01-24,Karimnagar,Manakondur ,0.0,17.9,30.1,48.9,98.5,0.0,2.1
2019-01-25,Karimnagar,Manakondur ,0.0,19.1,29.0,58.5,92.9,0.0,1.0
2019-01-26,Karimnagar,Manakondur ,2.3,20.5,28.6,55.1,99.2,0.0,2.6
2019-01-27,Karimnagar,Manakondur ,52.5,17.9,24.1,89.8,100.0,0.0,0.7
2019-01-28,Karimnagar,Manakondur ,0.0,18.1,22.1,84.7,100.0,0.0,0.5
2019-01-29,Karimnagar,Manakondur ,0.0,15.6,25.2,62.2,96.6,0.0,1.0
2019-01-30,Karimnagar,Manakondur ,0.0,10.1,25.3,34.2,96.6,0.0,0.7
2019-01-31,Karimnagar,Manakondur ,0.0,11.5,26.1,32.1,87.1,0.0,0.7
2019-02-01,Karimnagar,Manakondur ,0.0,16.2,28.9,45.5,97.5,0.0,1.1
2019-02-02,Karimnagar,Manakondur ,0.0,16.9,28.9,48.4,97.1,0.0,1.8
2019-02-03,Karimnagar,Manakondur ,0.0,16.0,28.6,52.4,99.5,0.0,0.9
2019-02-04,Karimnagar,Manakondur ,0.0,16.8,30.1,47.1,96.1,0.0,1.1
2019-02-05,Karimnagar,Manakondur ,0.0,16.2,30.9,41.5,97.9,0.0,1.3
2019-02-06,Karimnagar,Manakondur ,0.0,16.7,30.9,40.0,96.1,0.0,0.5
2019-02-07,Karimnagar,Manakondur ,0.0,19.7,31.7,38.2,76.0,0.0,1.5
2019-02-08,Karimnagar,Manakondur ,0.0,20.6,31.6,37.9,92.0,0.0,1.5
2019-02-09,Karimnagar,Manakondur ,0.0,16.6,28.3,38.7,98.2,0.0,2.0
2019-02-10,Karimnagar,Manakondur ,0.0,12.4,27.5,29.0,71.5,0.0,1.0
2019-02-11,Karimnagar,Manakondur ,0.0,16.4,28.8,31.4,79.2,0.0,0.7
2019-02-12,Karimnagar,Manakondur ,0.0,19.1,31.0,54.4,99.5,0.0,0.7
2019-02-13,Karimnagar,Manakondur ,0.0,18.3,31.0,52.3,99.0,0.0,1.1
2019-02-14,Karimnagar,Manakondur ,0.0,18.0,32.3,35.3,97.5,0.0,1.1
2019-02-15,Karimnagar,Manakondur ,0.0,18.3,31.9,51.0,94.6,0.0,1.4
2019-02-16,Karimnagar,Manakondur ,0.0,20.1,34.0,37.1,97.9,0.0,2.8
2019-02-17,Karimnagar,Manakondur ,0.0,20.9,31.7,51.5,97.4,0.0,0.9
2019-02-18,Karimnagar,Manakondur ,0.0,18.6,30.7,61.9,98.3,0.0,0.7
2019-02-19,Karimnagar,Manakondur ,0.0,19.6,32.9,44.6,93.5,0.0,0.6
2019-02-20,Karimnagar,Manakondur ,0.0,21.6,33.1,55.0,94.2,0.0,0.9
2019-02-21,Karimnagar,Manakondur ,0.0,20.5,33.4,51.8,95.9,0.0,1.1
2019-02-22,Karimnagar,Manakondur ,0.0,21.1,34.4,42.5,82.8,0.0,1.1
2019-02-23,Karimnagar,Manakondur ,0.0,21.5,35.0,37.6,83.8,0.0,0.7
2019-02-24,Karimnagar,Manakondur ,0.0,20.4,37.2,28.1,72.4,0.0,1.5
2019-02-25,Karimnagar,Manakondur ,0.0,20.6,36.3,32.2,69.0,0.0,2.1
2019-02-26,Karimnagar,Manakondur ,0.0,18.9,36.7,21.5,90.3,0.0,1.3
2019-02-27,Karimnagar,Manakondur ,0.0,23.4,32.3,39.3,85.9,0.0,1.3
2019-02-28,Karimnagar,Manakondur ,0.0,19.6,33.0,40.7,96.0,0.0,0.7
2019-03-01,Karimnagar,Manakondur ,0.0,18.2,32.4,34.4,83.6,0.0,1.3
2019-03-02,Karimnagar,Manakondur ,0.0,22.0,32.9,58.4,88.0,0.0,0.9
2019-03-03,Karimnagar,Manakondur ,0.0,23.3,33.2,49.6,87.7,0.0,1.0
2019-03-04,Karimnagar,Manakondur ,0.0,23.8,34.0,48.0,75.3,0.0,1.5
2019-03-05,Karimnagar,Manakondur ,0.0,23.2,37.0,32.0,91.3,0.0,1.9
2019-03-06,Karimnagar,Manakondur ,0.0,19.3,34.6,33.7,74.5,0.0,1.2
2019-03-07,Karimnagar,Manakondur ,0.0,17.5,34.0,29.6,76.8,0.0,1.2
2019-03-08,Karimnagar,Manakondur ,0.0,18.2,34.0,32.9,78.1,0.0,1.0
2019-03-09,Karimnagar,Manakondur ,0.0,20.8,34.9,41.7,90.6,0.0,0.6
2019-03-10,Karimnagar,Manakondur ,0.0,22.4,36.2,43.5,93.2,0.0,1.3
2019-03-11,Karimnagar,Manakondur ,0.0,22.0,36.0,44.4,91.7,0.0,1.0
2019-03-12,Karimnagar,Manakondur ,0.0,24.1,37.9,35.1,81.8,0.0,1.3
2019-03-13,Karimnagar,Manakondur ,0.0,23.0,34.8,42.1,81.7,0.0,1.5
2019-03-14,Karimnagar,Manakondur ,0.0,24.3,37.9,26.8,61.5,0.0,1.3
2019-03-15,Karimnagar,Manakondur ,0.0,23.3,38.0,20.0,66.9,0.0,1.7
2019-03-16,Karimnagar,Manakondur ,0.0,21.5,38.3,19.4,70.5,0.0,1.5
2019-03-17,Karimnagar,Manakondur ,0.0,23.4,36.7,31.6,89.2,0.0,1.4
2019-03-18,Karimnagar,Manakondur ,0.0,21.6,37.0,32.4,82.0,0.0,2.0
2019-03-19,Karimnagar,Manakondur ,0.0,22.7,34.7,36.3,87.3,0.0,1.2
2019-03-20,Karimnagar,Manakondur ,0.0,24.1,36.6,41.4,88.1,0.0,1.2
2019-03-21,Karimnagar,Manakondur ,0.0,24.0,35.5,44.4,89.0,0.0,1.4
2019-03-22,Karimnagar,Manakondur ,0.0,22.4,37.8,33.2,89.4,0.0,1.2
2019-03-23,Karimnagar,Manakondur ,0.0,23.9,35.7,51.2,86.2,0.0,1.0
2019-03-24,Karimnagar,Manakondur ,0.0,24.5,37.5,42.2,80.4,0.0,0.6
2019-03-25,Karimnagar,Manakondur ,0.0,23.8,37.5,39.4,91.6,0.0,0.3
2019-03-26,Karimnagar,Manakondur ,0.0,24.1,37.5,40.0,80.9,0.0,1.9
2019-03-27,Karimnagar,Manakondur ,0.0,23.4,37.7,39.6,75.7,0.0,1.4
2019-03-28,Karimnagar,Manakondur ,0.0,23.5,37.8,42.8,79.2,0.0,1.7
2019-03-29,Karimnagar,Manakondur ,0.0,23.9,37.9,35.6,77.7,0.0,0.5
2019-03-30,Karimnagar,Manakondur ,0.0,23.1,37.7,29.8,85.4,0.0,0.7
2019-03-31,Karimnagar,Manakondur ,0.0,24.7,39.4,36.6,86.3,0.0,1.6
2019-04-01,Karimnagar,Manakondur ,0.0,25.3,41.0,21.8,72.7,0.0,2.1
2019-04-02,Karimnagar,Manakondur ,0.0,24.1,39.7,23.8,82.3,0.0,2.5
2019-04-03,Karimnagar,Manakondur ,0.0,22.9,38.6,36.5,85.9,0.0,1.5
2019-04-04,Karimnagar,Manakondur ,0.0,23.5,37.1,45.2,88.0,0.0,1.3
2019-04-05,Karimnagar,Manakondur ,0.0,26.1,38.5,35.7,67.9,0.0,2.2
2019-04-06,Karimnagar,Manakondur ,0.0,24.3,36.6,32.3,70.9,0.0,4.3
2019-04-07,Karimnagar,Manakondur ,0.0,25.8,38.1,31.6,75.0,0.0,2.4
2019-04-08,Karimnagar,Manakondur ,0.0,24.7,38.9,30.9,84.0,0.0,2.3
2019-04-09,Karimnagar,Manakondur ,0.0,25.9,39.6,32.3,89.6,0.0,2.3
2019-04-10,Karimnagar,Manakondur ,0.0,26.3,39.6,39.3,87.7,0.0,1.4
2019-04-11,Karimnagar,Manakondur ,0.0,26.5,39.6,34.3,82.8,0.0,1.7
2019-04-12,Karimnagar,Manakondur ,0.0,27.1,42.2,22.8,74.4,0.0,2.0
2019-04-13,Karimnagar,Manakondur ,0.0,23.8,42.2,23.2,74.1,0.0,2.3
2019-04-14,Karimnagar,Manakondur ,0.0,26.3,40.0,27.0,66.9,0.0,1.8
2019-04-15,Karimnagar,Manakondur ,0.0,27.4,41.9,23.6,55.7,0.0,1.4
2019-04-16,Karimnagar,Manakondur ,0.0,24.8,40.7,24.4,66.1,0.0,1.0
2019-04-17,Karimnagar,Manakondur ,0.0,24.6,39.0,22.3,55.9,0.0,1.2
2019-04-18,Karimnagar,Manakondur ,4.5,23.8,38.8,33.8,82.8,0.0,1.6
2019-04-19,Karimnagar,Manakondur ,0.0,24.0,38.0,36.5,91.9,0.0,2.2
2019-04-20,Karimnagar,Manakondur ,2.8,22.8,38.1,41.0,94.1,0.0,1.7
2019-04-21,Karimnagar,Manakondur ,0.0,25.6,37.7,41.3,90.7,0.0,3.9
2019-04-22,Karimnagar,Manakondur ,12.5,26.6,38.5,39.1,83.1,0.0,2.2
2019-04-23,Karimnagar,Manakondur ,0.0,24.5,38.5,30.3,77.6,0.0,2.2
2019-04-24,Karimnagar,Manakondur ,0.0,23.7,39.3,23.3,81.5,0.0,2.1
2019-04-25,Karimnagar,Manakondur ,0.0,28.7,40.2,23.4,62.2,0.0,2.0
2019-04-26,Karimnagar,Manakondur ,0.0,27.7,40.8,25.3,67.7,0.0,2.5
2019-04-27,Karimnagar,Manakondur ,0.0,29.1,42.4,22.2,58.5,0.0,1.9
2019-04-28,Karimnagar,Manakondur ,0.0,28.8,42.9,19.6,59.0,0.0,2.3
2019-04-29,Karimnagar,Manakondur ,0.0,27.8,42.3,24.3,67.2,0.0,2.5
2019-04-30,Karimnagar,Manakondur ,0.0,29.0,42.5,23.7,65.0,0.0,4.6
2019-05-01,Karimnagar,Manakondur ,0.0,30.2,43.1,21.0,68.0,0.0,1.8
2019-05-02,Karimnagar,Manakondur ,0.0,29.2,41.1,28.9,70.3,0.0,1.9
2019-05-03,Karimnagar,Manakondur ,0.0,28.2,42.0,15.3,43.1,0.0,2.2
2019-05-04,Karimnagar,Manakondur ,0.0,29.1,41.1,15.8,40.5,0.0,2.3
2019-05-05,Karimnagar,Manakondur ,0.0,29.1,41.5,15.6,36.4,0.0,1.6
2019-05-06,Karimnagar,Manakondur ,0.0,28.6,42.7,13.4,38.1,0.0,1.4
2019-05-07,Karimnagar,Manakondur ,0.0,30.4,42.2,15.5,42.8,0.0,1.0
2019-05-08,Karimnagar,Manakondur ,0.0,30.1,43.3,13.5,63.1,0.0,1.8
2019-05-09,Karimnagar,Manakondur ,0.0,28.4,43.0,14.1,41.1,0.0,1.2
2019-05-10,Karimnagar,Manakondur ,0.0,28.5,43.2,13.5,43.9,0.0,1.5
2019-05-11,Karimnagar,Manakondur ,0.0,31.0,43.2,14.3,55.4,0.0,2.0
2019-05-12,Karimnagar,Manakondur ,0.0,28.0,42.1,26.0,64.3,0.0,2.4
2019-05-13,Karimnagar,Manakondur ,0.0,29.5,41.9,25.8,68.8,0.0,1.8
2019-05-14,Karimnagar,Manakondur ,0.0,27.9,42.8,26.1,66.2,0.0,2.7
2019-05-15,Karimnagar,Manakondur ,0.0,29.6,40.6,29.2,80.7,0.0,1.7
2019-05-16,Karimnagar,Manakondur ,0.0,28.9,42.6,28.5,74.8,0.0,2.4
2019-05-17,Karimnagar,Manakondur ,0.0,30.3,42.5,22.2,73.9,0.0,2.5
2019-05-18,Karimnagar,Manakondur ,0.0,30.2,43.1,18.5,60.2,0.0,3.0
2019-05-19,Karimnagar,Manakondur ,0.0,30.7,43.2,15.8,65.5,0.0,1.9
2019-05-20,Karimnagar,Manakondur ,0.0,30.9,43.4,17.5,57.3,0.0,2.1
2019-05-21,Karimnagar,Manakondur ,0.0,31.2,43.0,23.4,56.7,0.0,1.8
2019-05-22,Karimnagar,Manakondur ,0.0,30.5,43.0,25.7,58.4,0.0,1.9
2019-05-23,Karimnagar,Manakondur ,0.0,31.1,42.9,22.8,60.3,0.0,4.0
2019-05-24,Karimnagar,Manakondur ,0.0,29.9,42.3,28.5,66.6,0.3,3.3
2019-05-25,Karimnagar,Manakondur ,0.0,31.2,42.7,26.1,69.3,0.0,2.1
2019-05-26,Karimnagar,Manakondur ,0.0,32.4,43.7,20.3,58.6,0.0,2.2
2019-05-27,Karimnagar,Manakondur ,0.0,33.2,44.6,17.5,65.2,0.0,2.1
2019-05-28,Karimnagar,Manakondur ,0.0,31.4,45.5,15.1,67.9,0.0,2.3
2019-05-29,Karimnagar,Manakondur ,0.0,32.3,44.1,20.9,67.4,0.0,2.3
2019-05-30,Karimnagar,Manakondur ,0.0,29.6,43.9,21.3,57.7,0.0,2.2
2019-05-31,Karimnagar,Manakondur ,0.0,30.5,40.1,34.6,71.5,0.0,2.1
