Date,District,Mandal,Rainfall (mm),temp_min (⁰C),temp_max (⁰C),humidity_min (%),Humidity_max (%),wind_speed_min (Kmph),wind_speed_max (Kmph)
2019-01-01,Karimnagar,Manakondur,0.0,11.3,27.4,22.9,82.5,1.7,6.1
2019-01-02,Karimnagar,Manakondur,0.0,11.2,27.8,24.9,81.6,0.3,6.0
2019-01-03,Karimnagar,Manakondur,0.0,12.7,29.1,28.5,91.5,0.0,10.0
2019-01-04,Karimnagar,Manakondur,0.0,13.3,29.1,37.7,89.7,0.0,9.7
2019-01-05,Karimnagar,Manakondur,0.0,14.2,29.4,41.6,100.0,0.0,10.8
2019-01-06,Karimnagar,Manakondur,0.0,14.2,28.3,55.6,100.0,0.0,6.6
2019-01-07,Karimnagar,Manakondur,0.0,15.7,27.5,58.1,100.0,0.0,12.8
2019-01-08,Karimnagar,Manakondur,0.0,14.4,27.6,52.7,99.8,0.0,5.3
2019-01-09,Karimnagar,Manakondur,0.0,11.5,26.6,36.9,95.0,0.7,8.2
2019-01-10,Karimnagar,Manakondur,0.0,11.5,28.6,24.5,81.2,0.0,7.4
2019-01-11,Karimnagar,Manakondur,0.0,13.6,27.7,36.9,100.0,0.0,9.4
2019-01-12,Karimnagar,Manakondur,0.0,15.9,27.6,64.4,100.0,0.0,9.6
2019-01-13,Karimnagar,Manakondur,0.0,17.7,28.2,64.9,100.0,0.0,14.7
2019-01-14,Karimnagar,Manakondur,0.0,16.7,29.4,61.5,100.0,0.0,13.2
2019-01-15,Karimnagar,Manakondur,0.0,16.1,28.5,57.0,100.0,0.0,5.9
2019-01-16,Karimnagar,Manakondur,0.0,14.8,28.6,59.1,100.0,0.0,8.1
2019-01-17,Karimnagar,Manakondur,0.0,14.0,29.2,40.0,80.9,0.0,5.9
2019-01-18,Karimnagar,Manakondur,0.0,14.3,29.3,33.1,100.0,0.0,5.8
2019-01-19,Karimnagar,Manakondur,0.0,14.1,29.2,49.5,94.8,0.0,6.9
2019-01-20,Karimnagar,Manakondur,0.0,14.4,29.5,46.1,88.6,0.0,4.8
2019-01-21,Karimnagar,Manakondur,0.0,13.3,29.9,35.0,95.3,0.0,5.6
2019-01-22,Karimnagar,Manakondur,0.0,14.8,29.8,42.8,100.0,0.0,10.2
2019-01-23,Karimnagar,Manakondur,0.0,16.8,29.5,46.1,100.0,0.0,15.5
2019-01-24,Karimnagar,Manakondur,0.0,17.1,30.1,59.1,100.0,0.0,8.6
2019-01-25,Karimnagar,Manakondur,0.0,20.2,28.5,66.6,95.0,2.0,14.1
2019-01-26,Karimnagar,Manakondur,1.0,21.1,28.3,68.3,100.0,0.8,13.9
2019-01-27,Karimnagar,Manakondur,44.8,17.7,22.1,93.7,100.0,0.0,12.4
2019-01-28,Karimnagar,Manakondur,0.0,17.9,20.2,93.9,100.0,0.0,5.9
2019-01-29,Karimnagar,Manakondur,0.0,12.9,24.4,84.6,100.0,0.0,7.6
2019-01-30,Karimnagar,Manakondur,0.0,9.7,25.3,42.6,97.2,0.0,7.1
2019-01-31,Karimnagar,Manakondur,0.0,11.9,25.8,39.1,87.0,0.0,7.6
2019-02-01,Karimnagar,Manakondur,0.0,15.5,28.2,55.6,100.0,0.0,12.6
2019-02-02,Karimnagar,Manakondur,0.0,15.3,28.4,60.0,100.0,0.0,9.2
2019-02-03,Karimnagar,Manakondur,0.0,15.6,28.5,61.5,100.0,0.0,10.1
2019-02-04,Karimnagar,Manakondur,0.0,15.9,29.2,58.6,100.0,0.0,10.8
2019-02-05,Karimnagar,Manakondur,0.0,16.0,29.4,54.6,100.0,0.0,9.0
2019-02-06,Karimnagar,Manakondur,0.0,16.3,30.0,52.7,100.0,0.0,6.6
2019-02-07,Karimnagar,Manakondur,0.0,19.4,30.0,54.6,85.6,0.0,13.0
2019-02-08,Karimnagar,Manakondur,0.0,22.8,34.8,38.4,98.1,0.0,15.6
2019-02-09,Karimnagar,Manakondur,0.0,19.3,30.2,56.5,99.9,0.0,3.9
2019-02-10,Karimnagar,Manakondur,0.0,16.7,29.8,34.0,74.6,0.0,9.4
2019-02-11,Karimnagar,Manakondur,0.0,19.5,32.3,33.5,90.4,0.0,4.5
2019-02-12,Karimnagar,Manakondur,0.0,21.4,32.8,47.8,99.9,0.0,5.5
2019-02-13,Karimnagar,Manakondur,0.0,21.8,32.1,72.0,99.9,0.0,1.1
2019-02-14,Karimnagar,Manakondur,0.0,21.8,34.6,41.4,99.9,0.0,1.1
2019-02-15,Karimnagar,Manakondur,0.0,18.8,32.1,64.2,96.9,0.0,4.8
2019-02-16,Karimnagar,Manakondur,0.0,22.2,35.8,36.3,99.9,0.0,14.0
2019-02-17,Karimnagar,Manakondur,0.0,22.2,34.6,41.1,99.9,0.0,5.8
2019-02-18,Karimnagar,Manakondur,0.0,21.8,32.8,72.2,99.9,0.0,3.0
2019-02-19,Karimnagar,Manakondur,0.0,19.6,34.6,51.2,95.9,0.0,3.8
2019-02-20,Karimnagar,Manakondur,0.0,24.7,34.6,71.6,99.4,1.2,11.5
2019-02-21,Karimnagar,Manakondur,0.0,22.3,34.6,62.6,99.9,0.0,11.6
2019-02-22,Karimnagar,Manakondur,0.0,21.5,36.9,30.6,85.6,0.0,8.7
2019-02-23,Karimnagar,Manakondur,0.0,22.8,36.2,40.8,93.0,0.0,7.0
2019-02-24,Karimnagar,Manakondur,0.0,20.6,37.3,31.7,83.2,0.0,6.7
2019-02-25,Karimnagar,Manakondur,0.0,20.9,35.9,35.8,77.4,0.0,11.9
2019-02-26,Karimnagar,Manakondur,0.0,18.7,37.5,23.2,99.9,0.0,9.0
2019-02-27,Karimnagar,Manakondur,0.0,21.7,33.1,55.0,96.8,0.0,8.9
2019-02-28,Karimnagar,Manakondur,0.0,20.3,31.6,45.7,99.9,0.0,7.8
2019-03-01,Karimnagar,Manakondur,0.0,19.8,31.7,33.0,81.9,0.0,1.8
2019-03-02,Karimnagar,Manakondur,0.0,23.9,33.0,56.6,96.9,0.0,13.8
2019-03-03,Karimnagar,Manakondur,0.0,21.7,33.2,43.2,96.9,0.0,14.6
2019-03-04,Karimnagar,Manakondur,0.0,21.4,35.0,43.4,84.9,0.0,12.6
2019-03-05,Karimnagar,Manakondur,0.0,22.3,34.2,44.3,99.9,0.0,7.3
2019-03-06,Karimnagar,Manakondur,0.0,18.8,34.7,40.9,94.0,0.0,4.7
2019-03-07,Karimnagar,Manakondur,0.0,19.3,31.6,36.8,89.0,0.0,1.5
2019-03-08,Karimnagar,Manakondur,0.0,19.0,35.2,31.5,75.3,0.0,1.6
2019-03-09,Karimnagar,Manakondur,0.0,21.4,35.0,40.5,98.3,0.0,3.4
2019-03-10,Karimnagar,Manakondur,0.0,21.4,35.3,40.9,99.0,0.0,6.6
2019-03-11,Karimnagar,Manakondur,0.0,23.9,35.7,43.8,99.3,0.0,8.8
2019-03-12,Karimnagar,Manakondur,0.0,23.9,35.9,39.5,86.1,0.0,10.1
2019-03-13,Karimnagar,Manakondur,0.0,22.6,35.6,44.1,89.5,0.0,10.5
2019-03-14,Karimnagar,Manakondur,0.0,21.6,37.9,34.0,73.5,0.0,13.5
2019-03-15,Karimnagar,Manakondur,0.0,21.4,39.9,23.3,75.7,0.0,12.4
2019-03-16,Karimnagar,Manakondur,0.0,21.0,37.4,20.4,75.3,0.0,9.0
2019-03-17,Karimnagar,Manakondur,0.0,21.4,35.1,34.9,96.6,0.0,14.5
2019-03-18,Karimnagar,Manakondur,0.0,20.8,35.4,37.5,84.0,0.0,12.5
2019-03-19,Karimnagar,Manakondur,0.0,20.1,33.0,49.3,93.2,3.1,14.6
2019-03-20,Karimnagar,Manakondur,0.0,22.8,35.2,30.7,90.1,0.0,13.4
2019-03-21,Karimnagar,Manakondur,0.0,23.9,35.8,43.1,96.9,0.8,16.8
2019-03-22,Karimnagar,Manakondur,0.0,21.7,37.3,39.9,92.2,0.0,14.1
2019-03-23,Karimnagar,Manakondur,0.0,22.1,35.8,57.3,96.2,0.0,7.9
2019-03-24,Karimnagar,Manakondur,0.0,23.9,34.3,40.5,90.1,0.0,7.9
2019-03-25,Karimnagar,Manakondur,0.0,23.9,37.7,40.0,93.2,0.0,9.5
2019-03-26,Karimnagar,Manakondur,0.0,23.9,37.9,44.8,84.3,0.0,8.4
2019-03-27,Karimnagar,Manakondur,0.0,19.6,37.9,40.8,86.4,0.0,8.6
2019-03-28,Karimnagar,Manakondur,0.0,23.9,36.6,44.2,84.7,0.0,9.1
2019-03-29,Karimnagar,Manakondur,0.0,21.5,37.4,40.1,84.8,0.0,6.5
2019-03-30,Karimnagar,Manakondur,0.0,21.4,39.4,32.0,90.1,0.0,7.9
2019-03-31,Karimnagar,Manakondur,0.0,23.9,37.7,44.5,90.1,0.0,8.7
2019-04-01,Karimnagar,Manakondur,0.0,24.3,42.3,23.5,83.2,0.0,7.0
2019-04-02,Karimnagar,Manakondur,0.0,22.4,39.9,26.7,79.0,0.0,9.9
2019-04-03,Karimnagar,Manakondur,0.0,23.9,37.5,32.8,66.5,0.0,13.5
2019-04-04,Karimnagar,Manakondur,0.0,23.9,37.7,42.5,90.6,0.0,10.1
2019-04-05,Karimnagar,Manakondur,0.5,25.1,37.9,26.4,84.3,0.0,10.3
2019-04-06,Karimnagar,Manakondur,0.0,23.9,36.8,36.9,77.5,0.0,13.2
2019-04-07,Karimnagar,Manakondur,0.0,23.9,37.4,39.2,83.3,0.0,13.9
2019-04-08,Karimnagar,Manakondur,0.0,23.9,38.9,30.4,90.8,0.0,9.1
2019-04-09,Karimnagar,Manakondur,0.0,23.9,41.6,37.2,96.9,0.0,13.9
2019-04-10,Karimnagar,Manakondur,0.0,26.5,38.3,43.4,92.8,0.0,12.1
2019-04-11,Karimnagar,Manakondur,0.0,26.2,39.0,36.7,90.8,0.0,14.8
2019-04-12,Karimnagar,Manakondur,0.0,26.5,42.6,27.4,83.8,0.0,11.1
2019-04-13,Karimnagar,Manakondur,0.0,23.9,40.9,23.9,83.3,0.0,13.3
2019-04-14,Karimnagar,Manakondur,0.0,23.2,39.8,26.3,76.4,0.0,6.8
2019-04-15,Karimnagar,Manakondur,0.0,23.6,40.9,26.1,62.4,0.0,8.0
2019-04-16,Karimnagar,Manakondur,0.0,24.9,39.9,23.0,64.9,0.0,9.7
2019-04-17,Karimnagar,Manakondur,0.0,24.9,39.8,23.3,56.8,0.0,9.8
2019-04-18,Karimnagar,Manakondur,19.8,24.9,38.9,39.8,99.9,0.0,10.4
2019-04-19,Karimnagar,Manakondur,0.0,24.9,37.8,42.2,96.9,0.0,14.8
2019-04-20,Karimnagar,Manakondur,0.8,21.9,37.8,55.5,96.9,0.0,8.9
2019-04-21,Karimnagar,Manakondur,0.0,23.9,39.7,47.7,91.5,0.0,14.5
2019-04-22,Karimnagar,Manakondur,0.5,27.5,38.1,40.8,85.8,0.0,14.7
2019-04-23,Karimnagar,Manakondur,0.0,24.9,39.3,26.4,83.9,0.0,14.1
2019-04-24,Karimnagar,Manakondur,0.0,24.7,39.4,31.2,89.5,0.0,11.9
2019-04-25,Karimnagar,Manakondur,0.0,27.5,42.1,23.4,76.5,0.0,7.6
2019-04-26,Karimnagar,Manakondur,0.0,27.1,39.3,31.3,76.0,0.0,9.1
2019-04-27,Karimnagar,Manakondur,0.0,28.4,42.1,23.9,62.6,0.0,9.0
2019-04-28,Karimnagar,Manakondur,0.0,27.5,44.5,23.6,71.1,0.0,8.0
2019-04-29,Karimnagar,Manakondur,0.0,26.8,41.9,23.9,70.9,0.0,11.7
2019-04-30,Karimnagar,Manakondur,0.0,26.8,44.4,23.8,76.5,0.0,11.3
2019-05-01,Karimnagar,Manakondur,0.0,29.0,42.4,24.8,77.5,0.0,9.6
2019-05-02,Karimnagar,Manakondur,0.0,29.0,41.9,31.4,73.6,0.0,15.1
2019-05-03,Karimnagar,Manakondur,0.0,26.7,42.4,14.3,46.2,0.0,5.0
2019-05-04,Karimnagar,Manakondur,0.0,30.1,42.5,14.4,31.9,0.0,11.4
2019-05-05,Karimnagar,Manakondur,0.0,29.5,41.9,14.3,39.1,0.0,11.5
2019-05-06,Karimnagar,Manakondur,0.0,29.9,44.2,14.2,34.4,0.0,11.2
2019-05-07,Karimnagar,Manakondur,0.0,29.6,41.9,14.3,47.5,0.0,7.6
2019-05-08,Karimnagar,Manakondur,0.0,29.8,42.5,14.3,70.4,0.0,5.7
2019-05-09,Karimnagar,Manakondur,0.0,29.2,42.2,14.3,34.0,0.0,9.0
2019-05-10,Karimnagar,Manakondur,0.0,26.9,44.5,14.3,41.9,0.0,7.1
2019-05-11,Karimnagar,Manakondur,0.0,30.1,42.4,14.2,62.6,0.0,9.2
2019-05-12,Karimnagar,Manakondur,0.0,26.7,41.9,26.8,62.3,0.0,15.3
2019-05-13,Karimnagar,Manakondur,0.0,27.8,42.2,25.5,73.2,0.0,10.8
2019-05-14,Karimnagar,Manakondur,2.3,27.5,41.9,26.8,79.2,0.0,15.3
2019-05-15,Karimnagar,Manakondur,0.0,28.6,40.0,28.2,83.7,0.0,8.9
2019-05-16,Karimnagar,Manakondur,0.0,28.4,40.2,26.6,79.5,2.1,15.3
2019-05-17,Karimnagar,Manakondur,0.0,29.1,42.9,19.6,78.1,0.0,10.4
2019-05-18,Karimnagar,Manakondur,0.0,30.3,43.4,11.4,57.6,0.0,9.7
2019-05-19,Karimnagar,Manakondur,0.0,29.6,43.3,9.4,70.8,0.0,11.3
2019-05-20,Karimnagar,Manakondur,0.0,27.8,43.5,11.4,56.6,0.0,11.8
2019-05-21,Karimnagar,Manakondur,0.0,29.0,42.6,16.8,58.6,0.0,12.1
2019-05-22,Karimnagar,Manakondur,0.0,29.6,41.4,19.6,57.1,0.1,13.4
2019-05-23,Karimnagar,Manakondur,2.5,25.9,44.4,14.8,100.0,0.0,8.3
2019-05-24,Karimnagar,Manakondur,0.0,29.2,42.6,27.1,74.8,2.7,14.5
2019-05-25,Karimnagar,Manakondur,0.0,30.2,43.4,22.3,74.8,0.0,12.3
2019-05-26,Karimnagar,Manakondur,0.0,30.4,44.0,16.2,63.5,0.0,11.9
2019-05-27,Karimnagar,Manakondur,0.0,32.4,44.9,12.3,68.4,0.0,10.8
2019-05-28,Karimnagar,Manakondur,0.0,30.9,46.3,9.5,73.1,0.0,14.8
2019-05-29,Karimnagar,Manakondur,0.0,31.3,44.4,16.8,69.8,0.0,9.4
2019-05-30,Karimnagar,Manakondur,0.0,29.0,44.6,13.6,61.0,2.7,28.3
2019-05-31,Karimnagar,Manakondur,0.0,30.1,39.6,29.5,75.3,3.3,17.3
2019-06-01,Karimnagar,Manakondur,0.0,25.6,42.6,22.5,82.0,0.0,19.0
2019-06-02,Karimnagar,Manakondur,1.4,25.1,37.5,37.0,92.8,0.0,11.2
2019-06-03,Karimnagar,Manakondur,0.0,31.3,43.9,19.4,53.5,0.0,17.6
2019-06-04,Karimnagar,Manakondur,0.0,24.8,42.7,23.3,77.5,0.0,45.3
2019-06-05,Karimnagar,Manakondur,0.0,30.9,40.1,32.4,66.7,0.3,15.3
2019-06-06,Karimnagar,Manakondur,0.0,31.4,43.0,22.5,64.3,0.0,14.6
2019-06-07,Karimnagar,Manakondur,0.0,28.8,43.7,18.8,58.7,0.0,39.4
2019-06-08,Karimnagar,Manakondur,0.0,26.4,42.1,22.3,79.2,0.9,24.9
2019-06-09,Karimnagar,Manakondur,0.0,29.8,37.5,36.9,78.3,0.5,11.2
2019-06-10,Karimnagar,Manakondur,0.0,31.6,42.8,23.6,51.8,1.8,15.1
2019-06-11,Karimnagar,Manakondur,0.0,29.2,42.5,23.5,71.8,0.5,15.5
2019-06-12,Karimnagar,Manakondur,0.0,31.6,42.3,27.7,52.5,3.9,15.5
2019-06-13,Karimnagar,Manakondur,0.0,29.2,41.9,27.4,59.9,6.1,22.4
2019-06-14,Karimnagar,Manakondur,0.0,29.4,40.7,30.0,61.4,3.7,15.2
2019-06-15,Karimnagar,Manakondur,0.0,30.9,40.3,30.8,53.4,4.6,16.0
2019-06-16,Karimnagar,Manakondur,0.0,31.7,41.3,25.7,50.6,4.7,15.5
2019-06-17,Karimnagar,Manakondur,0.0,30.9,40.3,26.9,59.6,2.3,14.7
2019-06-18,Karimnagar,Manakondur,0.4,28.3,37.4,36.4,72.9,2.2,15.3
2019-06-19,Karimnagar,Manakondur,0.0,31.1,39.6,28.9,52.4,0.0,15.1
2019-06-20,Karimnagar,Manakondur,0.0,30.5,40.9,28.1,63.0,0.0,13.5
2019-06-21,Karimnagar,Manakondur,45.5,24.5,39.5,37.7,99.6,0.2,15.0
2019-06-22,Karimnagar,Manakondur,0.6,26.2,34.8,62.5,92.9,0.4,9.2
2019-06-23,Karimnagar,Manakondur,4.9,25.8,34.5,61.3,92.1,1.2,12.7
2019-06-24,Karimnagar,Manakondur,0.2,25.2,33.1,66.7,96.2,0.2,9.1
2019-06-25,Karimnagar,Manakondur,1.3,26.9,35.9,56.5,87.5,1.0,12.5
2019-06-26,Karimnagar,Manakondur,0.3,28.1,36.9,53.2,86.2,0.0,11.0
2019-06-27,Karimnagar,Manakondur,0.0,28.0,38.0,46.2,79.1,0.1,14.5
2019-06-28,Karimnagar,Manakondur,0.0,28.6,37.6,45.0,72.6,0.0,15.2
2019-06-29,Karimnagar,Manakondur,2.4,25.1,35.6,52.0,96.4,4.0,15.5
2019-06-30,Karimnagar,Manakondur,2.3,24.3,31.3,73.5,97.9,2.0,13.2
2019-07-01,Karimnagar,Manakondur,10.1,23.7,29.8,73.1,99.1,2.0,20.8
2019-07-02,Karimnagar,Manakondur,1.3,25.8,30.5,79.3,95.2,2.2,14.8
2019-07-03,Karimnagar,Manakondur,22.2,23.6,31.0,80.8,99.4,3.2,13.9
2019-07-04,Karimnagar,Manakondur,0.0,26.3,31.2,78.9,92.7,2.2,17.8
2019-07-05,Karimnagar,Manakondur,0.1,26.7,34.7,58.4,89.4,2.9,19.5
2019-07-06,Karimnagar,Manakondur,6.5,24.4,32.8,64.1,99.0,0.0,16.4
2019-07-07,Karimnagar,Manakondur,0.7,26.1,32.7,65.4,92.0,5.0,18.2
2019-07-08,Karimnagar,Manakondur,14.7,24.1,34.3,60.7,98.8,1.0,20.3
2019-07-09,Karimnagar,Manakondur,0.8,25.3,33.9,64.3,96.2,4.4,12.6
2019-07-10,Karimnagar,Manakondur,1.2,24.8,34.8,62.4,98.6,0.1,13.3
2019-07-11,Karimnagar,Manakondur,4.4,25.2,35.0,60.7,95.6,2.4,22.2
2019-07-12,Karimnagar,Manakondur,1.8,24.5,33.5,69.8,97.0,0.4,13.3
2019-07-13,Karimnagar,Manakondur,0.2,26.7,34.1,67.6,91.1,1.9,11.4
2019-07-14,Karimnagar,Manakondur,0.1,26.0,35.2,58.3,91.6,0.0,14.5
2019-07-15,Karimnagar,Manakondur,1.4,25.8,36.2,52.6,90.7,0.0,14.6
2019-07-16,Karimnagar,Manakondur,0.0,26.9,36.1,50.0,81.7,0.0,13.3
2019-07-17,Karimnagar,Manakondur,0.0,27.0,36.8,46.4,79.9,0.0,15.5
2019-07-18,Karimnagar,Manakondur,0.0,26.9,37.7,44.0,80.4,0.0,10.2
2019-07-19,Karimnagar,Manakondur,0.0,25.2,38.0,42.5,94.8,0.0,15.5
2019-07-20,Karimnagar,Manakondur,47.1,24.2,36.8,49.0,99.7,0.0,21.7
2019-07-21,Karimnagar,Manakondur,0.5,25.1,33.5,74.5,99.3,0.0,9.8
2019-07-22,Karimnagar,Manakondur,0.1,26.3,34.5,62.7,94.9,2.9,14.3
2019-07-23,Karimnagar,Manakondur,0.0,25.9,35.5,59.9,94.9,0.0,14.3
2019-07-24,Karimnagar,Manakondur,0.0,26.9,35.7,56.5,86.4,0.2,9.0
2019-07-25,Karimnagar,Manakondur,0.0,27.2,35.0,59.7,87.7,0.0,13.4
2019-07-26,Karimnagar,Manakondur,44.2,23.9,34.4,61.1,99.5,1.3,13.2
2019-07-27,Karimnagar,Manakondur,18.9,22.7,27.7,79.8,99.1,1.4,14.3
2019-07-28,Karimnagar,Manakondur,15.6,23.6,28.1,83.7,99.3,0.0,12.7
2019-07-29,Karimnagar,Manakondur,31.9,23.1,27.5,85.2,99.7,2.3,12.7
2019-07-30,Karimnagar,Manakondur,29.6,23.2,24.8,89.1,98.2,4.6,15.0
2019-07-31,Karimnagar,Manakondur,0.3,24.6,27.4,84.7,91.7,1.5,16.8
2019-08-01,Karimnagar,Manakondur,4.6,24.5,32.7,69.3,95.2,1.9,15.2
2019-08-02,Karimnagar,Manakondur,43.3,23.4,30.0,78.9,99.5,1.7,14.8
2019-08-03,Karimnagar,Manakondur,23.4,24.1,25.0,87.6,98.7,6.0,19.7
2019-08-04,Karimnagar,Manakondur,8.3,23.4,27.5,85.1,97.4,5.3,23.9
2019-08-05,Karimnagar,Manakondur,0.4,24.9,31.1,77.1,92.2,5.3,18.4
2019-08-06,Karimnagar,Manakondur,7.8,24.1,31.9,73.3,98.3,3.1,15.5
2019-08-07,Karimnagar,Manakondur,24.1,23.4,27.8,88.0,99.0,3.3,20.2
2019-08-08,Karimnagar,Manakondur,25.3,23.0,25.8,88.6,99.9,3.0,16.7
2019-08-09,Karimnagar,Manakondur,2.6,24.2,28.7,84.2,97.3,2.5,13.9
2019-08-10,Karimnagar,Manakondur,0.2,24.9,31.2,74.5,91.8,4.2,14.8
2019-08-11,Karimnagar,Manakondur,0.0,25.2,33.1,70.1,89.7,2.5,12.8
2019-08-12,Karimnagar,Manakondur,4.7,24.4,33.2,66.3,97.1,0.3,11.7
2019-08-13,Karimnagar,Manakondur,0.3,25.8,31.9,75.1,95.5,0.1,13.4
2019-08-14,Karimnagar,Manakondur,0.0,25.4,29.2,81.6,96.0,0.0,11.3
2019-08-15,Karimnagar,Manakondur,5.2,24.3,30.6,79.2,98.0,0.0,7.9
2019-08-16,Karimnagar,Manakondur,0.2,25.5,33.0,73.3,95.0,0.0,11.6
2019-08-17,Karimnagar,Manakondur,0.0,26.0,33.8,65.4,97.3,0.0,10.8
2019-08-18,Karimnagar,Manakondur,0.0,25.7,32.3,70.4,98.5,0.0,9.9
2019-08-19,Karimnagar,Manakondur,24.3,24.2,27.6,89.5,99.8,0.0,8.4
2019-08-20,Karimnagar,Manakondur,0.0,25.8,34.0,73.0,97.2,0.0,6.1
2019-08-21,Karimnagar,Manakondur,2.8,25.2,32.5,78.9,98.3,0.0,9.2
2019-08-22,Karimnagar,Manakondur,1.2,24.2,32.0,82.2,97.5,1.0,12.4
2019-08-23,Karimnagar,Manakondur,9.6,23.2,30.8,85.1,99.2,0.0,8.7
2019-08-24,Karimnagar,Manakondur,0.5,24.9,27.3,86.8,95.4,0.0,10.9
2019-08-25,Karimnagar,Manakondur,0.1,24.9,31.9,72.0,96.7,0.0,10.8
2019-08-26,Karimnagar,Manakondur,0.1,25.0,32.0,75.7,97.1,0.1,11.2
2019-08-27,Karimnagar,Manakondur,0.6,23.8,32.3,71.4,97.5,0.0,10.8
2019-08-28,Karimnagar,Manakondur,0.1,24.8,32.7,61.9,96.2,0.0,12.0
2019-08-29,Karimnagar,Manakondur,0.0,25.2,33.7,61.3,97.5,0.0,7.7
2019-08-30,Karimnagar,Manakondur,0.8,25.2,35.1,60.1,97.1,0.0,8.0
2019-08-31,Karimnagar,Manakondur,46.3,23.5,33.4,74.9,99.7,0.2,20.6
2019-09-01,Karimnagar,Manakondur,8.5,23.6,31.0,83.9,98.4,0.1,9.9
2019-09-02,Karimnagar,Manakondur,1.8,22.8,31.0,83.2,97.0,3.2,14.1
2019-09-03,Karimnagar,Manakondur,7.4,23.4,28.1,89.1,98.9,0.1,14.2
2019-09-04,Karimnagar,Manakondur,0.3,24.2,28.6,85.5,93.7,0.9,13.0
2019-09-05,Karimnagar,Manakondur,0.5,24.3,30.0,86.9,97.9,0.1,10.1
2019-09-06,Karimnagar,Manakondur,0.8,24.2,32.2,79.5,95.0,1.4,11.4
2019-09-07,Karimnagar,Manakondur,0.3,24.5,28.4,88.7,95.7,2.4,12.1
2019-09-08,Karimnagar,Manakondur,0.1,25.1,28.7,88.8,96.0,0.0,14.8
2019-09-09,Karimnagar,Manakondur,10.5,24.2,30.6,84.2,98.9,0.1,12.5
2019-09-11,Karimnagar,Manakondur,3.9,24.4,33.0,75.175,97.7,0.8,12.5
2019-09-12,Karimnagar,Manakondur,1.0,24.2,31.325,76.975,98.05,0.6,9.8
2019-09-13,Karimnagar,Manakondur,1.0,24.35,28.2,87.7,97.075,2.3,8.6
2019-09-14,Karimnagar,Manakondur,1.4,23.55,32.25,78.675,97.05,0.0,13.5
2019-09-15,Karimnagar,Manakondur,12.8,23.625,33.65,70.65,98.925,0.0,14.3
2019-09-16,Karimnagar,Manakondur,0.2,25.4,32.1,78.675,98.575,0.0,12.7
2019-09-17,Karimnagar,Manakondur,0.1,25.2,32.275,78.9,97.275,0.3,13.3
2019-09-18 00:00:00,Karimnagar,Manakondur,20.5,23.2,33.5,77.8,99.6,0.0,19.1
2019-09-19 00:00:00,Karimnagar,Manakondur,0.4,23.6,31.4,82.1,98.8,0.0,10.2
2019-09-20 00:00:00,Karimnagar,Manakondur,1.9,23.8,31.2,84.1,98.7,0.0,10.8
2019-09-21 00:00:00,Karimnagar,Manakondur,6.5,24.3,33.7,71.9,99.1,0.0,10.6
2019-09-22 00:00:00,Karimnagar,Manakondur,43.7,23.2,34.0,71.2,99.7,0.0,14.1
2019-09-23 00:00:00,Karimnagar,Manakondur,0.0,24.6,34.4,68.9,99.4,0.0,14.3
2019-09-24 00:00:00,Karimnagar,Manakondur,9.2,23.7,33.9,74.4,99.5,0.0,8.9
2019-09-25 00:00:00,Karimnagar,Manakondur,43.3,22.825,32.7,79.325,99.45,0.2,11.6
2019-09-26 00:00:00,Karimnagar,Manakondur,1.4,24.525,29.9,84.625,97.85,0.5,11.5
2019-09-27 00:00:00,Karimnagar,Manakondur,20.3,21.95,28.2,81.725,98.125,2.0,15.5
2019-09-28 00:00:00,Karimnagar,Manakondur,22.7,22.95,31.55,81.725,98.925,0.9,11.2
2019-09-29 00:00:00,Karimnagar,Manakondur,12.9,22.775,32.025,81.7,98.9,0.0,13.4
2019-09-30 00:00:00,Karimnagar,Manakondur,13.5,21.85,33.525,74.725,99.125,0.1,14.7
2019-10-01,Karimnagar,Manakondur,0.7,23.025,31.75,80.875,99.075,0.0,12.6
2019-10-02,Karimnagar,Manakondur,21.9,22.9,34.1,70.5,98.6,0.0,10.4
2019-10-03,Karimnagar,Manakondur,0.0,24.1,33.2,74.4,99.5,0.0,8.4
2019-10-04,Karimnagar,Manakondur,1.6,23.2,33.2,72.2,98.6,0.0,5.5
2019-10-05,Karimnagar,Manakondur,0.0,23.3,33.6,64.5,98.2,0.0,5.3
2019-10-06,Karimnagar,Manakondur,0.0,23.8,33.1,69.3,98.7,0.0,5.3
2019-10-07,Karimnagar,Manakondur,2.9,23.1,33.8,69.3,99.0,0.0,9.4
2019-10-08,Karimnagar,Manakondur,0.0,23.7,33.5,67.9,98.7,0.0,5.7
2019-10-09,Karimnagar,Manakondur,0.1,23.6,32.7,72.0,98.3,0.0,7.3
2019-10-10,Karimnagar,Manakondur,0.0,23.2,33.1,69.5,97.9,0.0,7.5
2019-10-11,Karimnagar,Manakondur,20.6,22.7,32.9,71.6,98.8,0.0,10.3
2019-10-12,Karimnagar,Manakondur,3.2,22.8,32.5,76.6,98.8,0.0,14.2
2019-10-13,Karimnagar,Manakondur,0.5,23.1,31.8,77.1,99.1,0.0,6.9
2019-10-14,Karimnagar,Manakondur,0.0,23.7,32.5,70.7,98.3,0.0,5.3
2019-10-15,Karimnagar,Manakondur,0.0,22.3,32.4,72.6,97.7,0.0,4.6
2019-10-16,Karimnagar,Manakondur,0.0,22.7,32.5,68.2,97.2,0.0,6.5
2019-10-17,Karimnagar,Manakondur,0.0,22.5,32.5,68.9,98.5,0.0,10.7
2019-10-18,Karimnagar,Manakondur,16.0,22.8,33.2,65.9,99.1,0.0,17.4
2019-10-19,Karimnagar,Manakondur,38.6,22.4,32.0,78.8,98.9,0.0,13.4
2019-10-20,Karimnagar,Manakondur,65.9,22.0,31.2,79.3,99.2,0.0,8.5
2019-10-21,Karimnagar,Manakondur,15.6,23.0,30.3,83.4,99.0,0.0,14.1
2019-10-22,Karimnagar,Manakondur,0.2,22.3,31.0,80.1,98.6,0.0,9.2
2019-10-23,Karimnagar,Manakondur,0.0,23.7,31.7,76.6,97.6,0.0,4.4
2019-10-24,Karimnagar,Manakondur,0.8,22.7,30.7,81.3,97.8,0.0,6.9
2019-10-25,Karimnagar,Manakondur,21.0,22.3,31.3,78.8,98.7,0.0,12.2
2019-10-26,Karimnagar,Manakondur,1.0,24.4,31.6,69.2,98.2,0.0,10.4
2019-10-27,Karimnagar,Manakondur,0.0,23.2,32.9,65.8,97.9,0.0,12.8
2019-10-28,Karimnagar,Manakondur,0.0,23.5,32.3,70.2,98.5,0.0,10.8
2019-10-29,Karimnagar,Manakondur,28.2,21.5,31.7,78.3,98.5,0.0,10.2
2019-10-30,Karimnagar,Manakondur,0.5,23.4,31.5,80.2,98.1,0.0,11.4
2019-10-31,Karimnagar,Manakondur,49.2,21.7,32.1,78.0,98.7,0.0,18.0
2019-11-01,Karimnagar,Manakondur,0.0,23.3,28.7,87.4,97.7,0.0,8.8
2019-11-02,Karimnagar,Manakondur,0.0,23.1,32.1,73.7,99.4,0.0,7.3
2019-11-03,Karimnagar,Manakondur,23.6,22.3,34.0,69.0,99.7,0.0,7.7
2019-11-04,Karimnagar,Manakondur,0.0,22.3,31.5,82.5,99.6,0.0,6.3
2019-11-05,Karimnagar,Manakondur,0.0,22.1,32.1,61.1,97.2,0.0,7.0
2019-11-06,Karimnagar,Manakondur,0.0,22.7,32.2,61.1,97.4,0.0,5.6
2019-11-07,Karimnagar,Manakondur,0.0,21.3,32.6,59.8,96.5,0.0,5.4
2019-11-08,Karimnagar,Manakondur,0.0,21.1,32.3,59.6,96.9,0.0,7.6
2019-11-09,Karimnagar,Manakondur,0.0,20.3,31.8,62.0,95.8,0.0,5.9
2019-11-10,Karimnagar,Manakondur,0.0,19.4,31.0,56.8,96.5,0.0,5.0
2019-11-11,Karimnagar,Manakondur,0.0,20.5,31.3,56.2,96.5,0.0,6.9
2019-11-12,Karimnagar,Manakondur,0.0,20.0,32.7,52.8,96.4,0.0,6.7
2019-11-13,Karimnagar,Manakondur,0.0,17.9,31.8,45.9,96.1,0.0,8.0
2019-11-14,Karimnagar,Manakondur,0.0,18.4,30.8,51.8,98.8,0.0,4.7
2019-11-15,Karimnagar,Manakondur,0.0,19.4,31.0,52.3,99.0,0.0,6.0
2019-11-16,Karimnagar,Manakondur,0.0,19.2,31.5,51.0,97.8,0.0,4.7
2019-11-17,Karimnagar,Manakondur,0.0,19.8,32.6,49.0,99.2,0.0,5.4
2019-11-18,Karimnagar,Manakondur,0.0,18.5,31.4,47.4,96.4,0.0,8.8
2019-11-19,Karimnagar,Manakondur,0.0,19.0,31.4,49.5,99.0,0.0,7.1
2019-11-20,Karimnagar,Manakondur,0.0,18.6,32.1,48.1,99.1,0.0,5.7
2019-11-21,Karimnagar,Manakondur,0.0,19.3,31.6,55.6,97.9,0.0,9.3
2019-11-22,Karimnagar,Manakondur,0.0,18.8,30.8,57.8,99.2,0.0,7.5
2019-11-23,Karimnagar,Manakondur,0.0,17.8,31.9,48.9,97.8,0.0,9.0
2019-11-24,Karimnagar,Manakondur,0.0,17.3,30.9,48.2,99.1,0.0,7.4
2019-11-25,Karimnagar,Manakondur,0.0,17.8,30.9,49.9,99.1,0.0,5.6
2019-11-26,Karimnagar,Manakondur,0.0,18.1,30.5,56.7,99.2,0.0,8.0
2019-11-27,Karimnagar,Manakondur,0.0,17.7,30.6,56.1,98.9,0.0,7.1
2019-11-28,Karimnagar,Manakondur,0.0,17.8,31.1,47.5,98.8,0.0,7.1
2019-11-29,Karimnagar,Manakondur,0.0,19.0,30.6,58.0,99.4,0.0,10.4
2019-11-30,Karimnagar,Manakondur,0.0,19.1,31.0,59.8,99.0,0.0,7.9
2019-12-01,Karimnagar,Manakondur,0.0,20.0,31.4,55.7,98.9,0.0,7.7
2019-12-02,Karimnagar,Manakondur,0.0,22.9,31.0,63.3,95.5,0.0,6.2
2019-12-03,Karimnagar,Manakondur,5.9,21.5,25.8,87.2,97.9,0.0,9.0
2019-12-04,Karimnagar,Manakondur,0.0,19.55,29.4,69.425,100.0,0.0,5.4
2019-12-05,Karimnagar,Manakondur,0.0,17.55,29.65,51.7,98.7,0.0,7.7
2019-12-06,Karimnagar,Manakondur,0.0,16.225,29.35,51.725,98.4,0.0,5.7
2019-12-07,Karimnagar,Manakondur,0.0,16.5,29.4,52.25,99.15,0.0,12.8
2019-12-08,Karimnagar,Manakondur,0.0,17.3,28.275,49.175,98.8,0.0,7.4
2019-12-09,Karimnagar,Manakondur,0.0,18.7,29.675,57.825,98.575,0.0,5.5
2019-12-10,Karimnagar,Manakondur,0.0,18.475,30.125,55.8,98.875,0.0,7.7
2019-12-11,Karimnagar,Manakondur,0.0,17.15,30.575,50.75,98.95,0.0,5.9
2019-12-12,Karimnagar,Manakondur,0.0,16.725,30.125,50.75,98.925,0.0,7.5
2019-12-13,Karimnagar,Manakondur,0.0,18.775,29.625,49.475,93.925,0.0,14.3
2019-12-14,Karimnagar,Manakondur,0.0,19.3,30.75,49.65,98.9,0.0,17.2
2019-12-15,Karimnagar,Manakondur,0.0,19.125,30.525,56.375,94.675,0.0,14.0
2019-12-16,Karimnagar,Manakondur,0.0,18.0,30.675,48.175,98.85,0.0,15.0
2019-12-17,Karimnagar,Manakondur,0.0,17.775,29.425,53.075,97.05,0.0,9.4
2019-12-18,Karimnagar,Manakondur,0.0,17.9,29.725,57.025,98.875,0.0,6.1
2019-12-19,Karimnagar,Manakondur,0.0,16.675,29.825,56.025,99.175,0.0,4.9
2019-12-20,Karimnagar,Manakondur,0.0,16.975,29.3,50.925,98.875,0.0,5.0
2019-12-21,Karimnagar,Manakondur,0.0,17.625,29.725,49.8,98.425,0.0,7.2
2019-12-22,Karimnagar,Manakondur,0.0,17.45,28.15,54.3,96.95,0.0,5.3
2019-12-23,Karimnagar,Manakondur,0.0,17.15,29.275,48.075,97.6,0.0,13.6
2019-12-24,Karimnagar,Manakondur,0.0,17.95,27.725,61.725,96.775,0.0,14.8
2019-12-25,Karimnagar,Manakondur,0.0,19.425,28.625,57.1,94.4,1.8,12.1
2019-12-26,Karimnagar,Manakondur,0.0,21.175,30.025,52.4,91.75,0.0,18.1
2019-12-27,Karimnagar,Manakondur,0.0,20.425,27.225,73.65,98.975,0.0,11.9
2019-12-28,Karimnagar,Manakondur,0.0,16.325,26.475,82.35,96.9,0.0,9.0
2019-12-29,Karimnagar,Manakondur,0.0,13.825,25.95,49.325,78.5,0.0,6.9
2019-12-30,Karimnagar,Manakondur,0.0,14.675,27.175,38.9,88.15,0.0,8.5
2019-12-31,Karimnagar,Manakondur,0.0,19.025,27.175,60.075,91.2,0.3,14.1
