Date,District,Mandal,Rainfall (mm),temp_min (⁰C),temp_max (⁰C),humidity_min (%),Humidity_max (%),wind_speed_min (Kmph),wind_speed_max (Kmph)
2019-01-01,Karimnagar,Shankarapatnam,0.0,15.0,31.3,22.3,86.7,0.0,8.5
2019-01-02,Karimnagar,Shankarapatnam,0.0,11.9,31.2,20.8,96.2,0.0,9.9
2019-01-03,Karimnagar,Shankarapatnam,0.0,12.8,32.9,24.0,96.2,0.0,3.5
2019-01-04,Karimnagar,Shankarapatnam,0.0,13.5,33.6,26.8,96.2,0.0,5.5
2019-01-05,Karimnagar,Shankarapatnam,0.0,16.4,33.4,32.0,96.2,0.0,5.6
2019-01-06,Karimnagar,Shankarapatnam,0.0,15.7,33.0,42.8,96.2,0.0,5.9
2019-01-07,Karimnagar,Shankarapatnam,0.0,17.6,32.9,43.9,96.2,0.0,7.0
2019-01-08,Karimnagar,Shankarapatnam,0.0,17.5,31.1,43.1,96.2,0.0,15.2
2019-01-09,Karimnagar,Shankarapatnam,0.0,14.4,31.1,29.3,90.7,0.0,14.4
2019-01-10,Karimnagar,Shankarapatnam,0.0,13.5,32.9,20.5,96.0,0.0,9.0
2019-01-11,Karimnagar,Shankarapatnam,0.0,15.7,32.9,24.2,96.2,0.0,7.7
2019-01-12,Karimnagar,Shankarapatnam,0.0,19.6,32.9,45.8,96.2,0.0,4.7
2019-01-13,Karimnagar,Shankarapatnam,0.0,20.9,32.9,46.8,96.2,0.0,4.2
2019-01-14,Karimnagar,Shankarapatnam,0.0,20.1,32.9,44.1,96.2,0.0,7.1
2019-01-15,Karimnagar,Shankarapatnam,0.0,18.7,32.9,50.6,96.2,0.0,6.1
2019-01-16,Karimnagar,Shankarapatnam,0.0,15.4,32.9,45.8,96.2,0.0,10.1
2019-01-17,Karimnagar,Shankarapatnam,0.0,14.4,30.4,28.7,96.2,0.0,10.6
2019-01-18,Karimnagar,Shankarapatnam,0.0,15.5,30.3,28.8,92.9,0.0,4.5
2019-01-19,Karimnagar,Shankarapatnam,0.0,15.3,29.9,44.3,90.5,0.0,9.7
2019-01-20,Karimnagar,Shankarapatnam,0.0,14.2,29.9,41.1,88.3,0.0,9.2
2019-01-21,Karimnagar,Shankarapatnam,0.0,15.1,31.0,31.4,91.8,0.0,5.9
2019-01-22,Karimnagar,Shankarapatnam,0.0,16.7,30.2,36.4,90.5,0.0,10.4
2019-01-23,Karimnagar,Shankarapatnam,0.0,19.2,30.6,41.8,94.1,0.0,10.1
2019-01-24,Karimnagar,Shankarapatnam,0.0,19.7,30.2,52.8,95.3,0.0,6.1
2019-01-25,Karimnagar,Shankarapatnam,0.0,21.2,29.6,61.9,90.1,0.0,10.3
2019-01-26,Karimnagar,Shankarapatnam,0.0,22.0,29.4,58.4,92.1,0.0,10.6
2019-01-27,Karimnagar,Shankarapatnam,45.5,19.5,24.9,84.9,97.1,0.0,13.8
2019-01-28,Karimnagar,Shankarapatnam,0.0,18.1,21.8,84.6,95.1,0.0,10.0
2019-01-29,Karimnagar,Shankarapatnam,0.0,14.4,23.3,66.8,93.2,0.0,13.4
2019-01-30,Karimnagar,Shankarapatnam,0.0,9.8,23.7,44.6,89.7,0.0,14.4
2019-01-31,Karimnagar,Shankarapatnam,0.0,12.8,25.0,44.1,90.7,0.0,7.6
2019-02-01,Karimnagar,Shankarapatnam,0.0,17.8,28.8,57.2,92.1,0.0,6.1
2019-02-02,Karimnagar,Shankarapatnam,0.0,17.3,28.8,51.3,93.0,0.0,8.1
2019-02-03,Karimnagar,Shankarapatnam,0.0,17.6,29.5,52.7,93.9,0.0,10.6
2019-02-04,Karimnagar,Shankarapatnam,0.0,18.9,30.4,50.0,85.4,0.0,5.4
2019-02-05,Karimnagar,Shankarapatnam,0.0,17.5,30.6,43.1,89.5,0.0,5.0
2019-02-06,Karimnagar,Shankarapatnam,0.0,17.8,31.6,44.8,89.6,0.0,3.9
2019-02-07,Karimnagar,Shankarapatnam,0.0,20.4,31.1,39.6,77.7,0.0,10.2
2019-02-08,Karimnagar,Shankarapatnam,0.0,21.5,32.6,36.4,83.8,0.0,11.3
2019-02-09,Karimnagar,Shankarapatnam,0.0,18.2,29.6,45.4,85.2,0.0,6.5
2019-02-10,Karimnagar,Shankarapatnam,0.0,15.0,27.6,31.4,63.5,0.0,14.4
2019-02-11,Karimnagar,Shankarapatnam,0.0,19.2,29.8,32.8,67.3,0.0,9.1
2019-02-12,Karimnagar,Shankarapatnam,0.0,20.4,31.7,50.4,86.0,0.0,4.0
2019-02-13,Karimnagar,Shankarapatnam,0.0,20.5,31.6,49.0,84.5,0.0,6.6
2019-02-14,Karimnagar,Shankarapatnam,0.0,19.0,33.3,34.6,81.1,0.0,4.5
2019-02-15,Karimnagar,Shankarapatnam,0.0,20.4,32.4,42.3,76.6,0.0,8.4
2019-02-16,Karimnagar,Shankarapatnam,1.3,21.2,33.9,38.8,83.1,0.0,8.3
2019-02-17,Karimnagar,Shankarapatnam,0.0,22.9,33.2,53.7,83.1,0.0,7.4
2019-02-18,Karimnagar,Shankarapatnam,0.0,20.5,31.4,57.6,82.7,0.0,8.2
2019-02-19,Karimnagar,Shankarapatnam,0.0,22.1,33.4,37.7,80.0,0.0,0.3
2019-02-20,Karimnagar,Shankarapatnam,0.0,22.9,34.1,53.1,77.1,0.0,7.5
2019-02-21,Karimnagar,Shankarapatnam,0.0,21.3,33.8,49.8,78.1,0.0,5.6
2019-02-22,Karimnagar,Shankarapatnam,0.0,22.7,34.6,37.5,80.0,0.0,6.9
2019-02-23,Karimnagar,Shankarapatnam,0.0,22.1,35.3,37.6,80.4,0.0,9.6
2019-02-24,Karimnagar,Shankarapatnam,0.0,21.3,35.8,30.2,64.0,0.0,7.5
2019-02-25,Karimnagar,Shankarapatnam,0.0,20.9,37.0,26.0,63.7,0.0,9.0
2019-02-26,Karimnagar,Shankarapatnam,0.0,19.5,35.3,25.6,89.8,0.0,11.6
2019-02-27,Karimnagar,Shankarapatnam,0.0,21.2,32.4,37.0,88.7,0.0,4.5
2019-02-28,Karimnagar,Shankarapatnam,0.0,20.4,30.7,50.3,91.6,0.0,9.2
2019-03-01,Karimnagar,Shankarapatnam,0.0,18.1,30.5,33.5,74.6,0.0,11.3
2019-03-02,Karimnagar,Shankarapatnam,0.0,22.8,31.2,50.1,89.6,0.0,9.8
2019-03-03,Karimnagar,Shankarapatnam,0.0,22.8,32.4,48.6,86.0,0.0,7.7
2019-03-04,Karimnagar,Shankarapatnam,0.0,22.0,33.9,45.7,80.5,0.0,9.9
2019-03-05,Karimnagar,Shankarapatnam,0.0,22.6,35.5,43.0,92.4,0.0,8.4
2019-03-06,Karimnagar,Shankarapatnam,0.0,20.3,32.7,40.0,70.2,0.0,9.8
2019-03-07,Karimnagar,Shankarapatnam,0.0,17.7,33.0,29.7,72.7,0.0,10.8
2019-03-08,Karimnagar,Shankarapatnam,0.0,19.5,33.4,30.4,76.2,0.0,8.2
2019-03-09,Karimnagar,Shankarapatnam,0.0,21.0,34.1,38.9,94.0,0.0,7.8
2019-03-10,Karimnagar,Shankarapatnam,0.0,22.2,35.0,41.6,89.8,0.0,7.3
2019-03-11,Karimnagar,Shankarapatnam,0.0,22.6,36.1,37.3,88.3,0.0,8.4
2019-03-12,Karimnagar,Shankarapatnam,0.0,23.4,36.4,34.5,78.6,0.0,9.4
2019-03-13,Karimnagar,Shankarapatnam,0.0,22.8,34.9,39.5,75.2,0.0,6.4
2019-03-14,Karimnagar,Shankarapatnam,0.0,23.2,36.1,25.6,57.8,0.0,6.4
2019-03-15,Karimnagar,Shankarapatnam,0.0,21.5,37.4,21.7,63.0,0.0,7.5
2019-03-16,Karimnagar,Shankarapatnam,0.0,21.2,37.1,23.2,57.2,0.0,5.7
2019-03-17,Karimnagar,Shankarapatnam,0.0,22.1,36.0,24.5,89.8,0.0,7.0
2019-03-18,Karimnagar,Shankarapatnam,0.0,20.5,35.4,33.4,79.4,0.0,3.7
2019-03-19,Karimnagar,Shankarapatnam,0.0,21.6,33.1,37.2,86.1,0.0,9.0
2019-03-20,Karimnagar,Shankarapatnam,0.0,23.2,34.9,42.9,87.9,0.0,8.4
2019-03-21,Karimnagar,Shankarapatnam,0.0,23.1,34.3,42.7,88.7,0.0,10.3
2019-03-22,Karimnagar,Shankarapatnam,0.0,22.6,35.6,31.7,85.1,0.0,8.2
2019-03-23,Karimnagar,Shankarapatnam,0.0,23.1,34.4,47.6,81.5,0.0,5.2
2019-03-24,Karimnagar,Shankarapatnam,0.0,23.4,36.2,36.9,78.5,0.0,3.4
2019-03-25,Karimnagar,Shankarapatnam,0.0,23.4,36.7,36.0,86.5,0.0,5.5
2019-03-26,Karimnagar,Shankarapatnam,0.0,23.1,36.4,34.6,78.4,0.0,7.0
2019-03-27,Karimnagar,Shankarapatnam,0.0,23.3,36.7,33.9,71.0,0.0,9.0
2019-03-28,Karimnagar,Shankarapatnam,0.0,23.0,37.4,31.8,69.9,0.0,8.6
2019-03-29,Karimnagar,Shankarapatnam,0.0,24.4,36.9,33.8,74.1,0.0,7.0
2019-03-30,Karimnagar,Shankarapatnam,0.0,23.1,38.2,26.0,82.2,0.0,2.4
2019-03-31,Karimnagar,Shankarapatnam,0.0,24.4,38.6,29.4,81.8,0.0,6.4
2019-04-01,Karimnagar,Shankarapatnam,0.0,25.5,40.9,20.7,64.1,0.0,6.3
2019-04-02,Karimnagar,Shankarapatnam,0.0,24.4,38.4,20.4,84.1,0.0,6.5
2019-04-03,Karimnagar,Shankarapatnam,0.0,23.8,38.4,26.4,87.7,0.0,5.7
2019-04-04,Karimnagar,Shankarapatnam,0.0,23.6,37.8,34.5,85.6,0.0,8.4
2019-04-05,Karimnagar,Shankarapatnam,0.0,24.2,37.0,36.8,65.1,0.0,6.6
2019-04-06,Karimnagar,Shankarapatnam,0.0,22.3,35.3,35.1,71.4,0.0,9.7
2019-04-07,Karimnagar,Shankarapatnam,0.0,24.6,38.4,28.2,74.0,0.0,8.6
2019-04-08,Karimnagar,Shankarapatnam,0.0,24.1,38.1,28.7,86.0,0.0,7.1
2019-04-09,Karimnagar,Shankarapatnam,0.0,24.4,38.3,33.4,90.7,0.0,10.1
2019-04-10,Karimnagar,Shankarapatnam,0.0,26.1,38.2,34.6,88.2,0.0,10.2
2019-04-11,Karimnagar,Shankarapatnam,0.0,25.8,37.9,36.4,79.2,0.0,6.0
2019-04-12,Karimnagar,Shankarapatnam,0.0,26.5,41.0,22.3,69.6,0.0,8.4
2019-04-13,Karimnagar,Shankarapatnam,0.0,22.0,41.4,23.7,76.1,0.0,16.7
2019-04-14,Karimnagar,Shankarapatnam,0.0,24.6,38.8,25.3,65.3,0.0,10.1
2019-04-15,Karimnagar,Shankarapatnam,0.0,26.1,41.0,24.1,57.8,0.0,17.8
2019-04-16,Karimnagar,Shankarapatnam,0.0,24.1,40.0,19.8,52.9,0.0,14.7
2019-04-17,Karimnagar,Shankarapatnam,0.0,24.2,38.8,21.8,52.6,0.0,15.0
2019-04-18,Karimnagar,Shankarapatnam,0.0,24.3,37.6,30.2,79.0,0.0,12.1
2019-04-19,Karimnagar,Shankarapatnam,0.0,24.1,37.9,36.2,88.2,0.0,17.3
2019-04-20,Karimnagar,Shankarapatnam,0.0,24.4,37.0,38.1,83.7,0.0,17.1
2019-04-21,Karimnagar,Shankarapatnam,0.0,25.3,37.5,41.7,83.7,0.0,22.4
2019-04-22,Karimnagar,Shankarapatnam,0.0,26.5,38.0,35.7,74.8,0.0,15.7
2019-04-23,Karimnagar,Shankarapatnam,0.0,25.4,38.8,25.5,68.4,0.0,24.3
2019-04-24,Karimnagar,Shankarapatnam,0.0,23.0,39.4,21.5,73.9,0.0,10.2
2019-04-25,Karimnagar,Shankarapatnam,0.0,27.4,40.7,20.7,61.1,0.0,4.9
2019-04-26,Karimnagar,Shankarapatnam,0.0,26.0,40.8,21.2,59.0,0.0,1.3
2019-04-27,Karimnagar,Shankarapatnam,0.0,27.3,41.7,22.7,55.3,0.0,5.3
2019-04-28,Karimnagar,Shankarapatnam,0.0,27.3,42.7,20.0,64.6,0.0,6.8
2019-04-29,Karimnagar,Shankarapatnam,0.0,27.2,41.2,24.9,70.4,0.0,9.6
2019-04-30,Karimnagar,Shankarapatnam,0.0,27.2,42.6,24.3,67.8,0.0,15.5
2019-05-01,Karimnagar,Shankarapatnam,0.0,29.0,41.3,24.3,70.4,0.0,15.1
2019-05-02,Karimnagar,Shankarapatnam,0.0,30.2,40.7,27.5,57.2,0.0,14.6
2019-05-03,Karimnagar,Shankarapatnam,0.0,27.8,42.3,15.4,42.6,0.0,12.4
2019-05-04,Karimnagar,Shankarapatnam,0.0,28.8,40.7,14.7,31.2,0.0,17.9
2019-05-05,Karimnagar,Shankarapatnam,0.0,29.5,41.6,14.4,35.1,0.0,16.5
2019-05-06,Karimnagar,Shankarapatnam,0.0,30.1,42.8,13.2,29.4,0.0,12.1
2019-05-07,Karimnagar,Shankarapatnam,0.0,29.1,41.7,14.4,50.8,0.0,10.5
2019-05-08,Karimnagar,Shankarapatnam,0.0,27.7,42.8,13.8,60.7,0.0,12.1
2019-05-09,Karimnagar,Shankarapatnam,0.0,29.5,41.2,14.7,37.3,0.0,15.1
2019-05-10,Karimnagar,Shankarapatnam,0.0,27.5,42.4,13.5,45.9,0.0,17.3
2019-05-11,Karimnagar,Shankarapatnam,0.0,29.6,41.9,14.5,63.8,0.0,12.4
2019-05-12,Karimnagar,Shankarapatnam,0.0,27.5,39.3,33.2,62.2,0.0,10.0
2019-05-13,Karimnagar,Shankarapatnam,0.0,30.1,42.0,27.7,72.4,0.0,4.2
2019-05-14,Karimnagar,Shankarapatnam,3.3,27.5,41.0,27.6,76.5,0.0,22.7
2019-05-15,Karimnagar,Shankarapatnam,0.0,30.1,39.9,31.3,77.0,0.0,10.3
2019-05-16,Karimnagar,Shankarapatnam,0.0,28.9,39.3,32.3,75.1,0.0,10.6
2019-05-17,Karimnagar,Shankarapatnam,0.0,30.1,42.1,25.6,73.3,0.0,10.2
2019-05-18,Karimnagar,Shankarapatnam,0.0,29.6,42.3,19.2,62.6,0.0,11.1
2019-05-19,Karimnagar,Shankarapatnam,0.0,30.1,41.9,16.6,70.5,0.0,17.7
2019-05-20,Karimnagar,Shankarapatnam,0.0,30.1,42.5,21.7,62.8,0.0,12.6
2019-05-21,Karimnagar,Shankarapatnam,0.0,30.1,44.8,20.7,64.4,0.0,5.9
2019-05-22,Karimnagar,Shankarapatnam,0.0,30.1,41.9,28.2,62.8,0.0,7.2
2019-05-23,Karimnagar,Shankarapatnam,0.0,29.9,42.5,26.6,64.2,0.0,8.7
2019-05-24,Karimnagar,Shankarapatnam,0.0,29.9,41.9,29.1,64.1,0.0,16.9
2019-05-25,Karimnagar,Shankarapatnam,0.0,30.8,42.8,25.1,70.5,0.0,7.8
2019-05-26,Karimnagar,Shankarapatnam,0.0,32.5,41.9,22.8,63.1,0.0,14.0
2019-05-27,Karimnagar,Shankarapatnam,0.0,32.6,45.1,23.6,70.9,0.0,9.7
2019-05-28,Karimnagar,Shankarapatnam,0.0,32.2,44.6,15.7,70.9,0.0,15.2
2019-05-29,Karimnagar,Shankarapatnam,0.0,32.6,43.9,23.6,70.9,0.0,14.9
2019-05-30,Karimnagar,Shankarapatnam,0.0,30.1,42.7,23.3,58.5,0.0,10.8
2019-05-31,Karimnagar,Shankarapatnam,0.0,30.1,42.2,30.1,73.4,0.0,7.8
2019-06-01,Karimnagar,Shankarapatnam,14.9,24.2,42.5,23.8,89.3,0.0,14.9
2019-06-02,Karimnagar,Shankarapatnam,7.3,25.9,37.4,32.8,95.1,0.0,11.2
2019-06-03,Karimnagar,Shankarapatnam,0.3,30.7,42.7,21.8,57.4,0.0,17.6
2019-06-04,Karimnagar,Shankarapatnam,0.0,25.2,42.3,26.9,71.1,0.0,21.0
2019-06-05,Karimnagar,Shankarapatnam,0.0,30.4,41.2,30.4,60.9,0.3,15.3
2019-06-06,Karimnagar,Shankarapatnam,0.0,31.8,43.3,21.1,58.9,0.0,10.9
2019-06-07,Karimnagar,Shankarapatnam,0.0,28.1,43.0,20.9,58.4,0.0,17.5
2019-06-08,Karimnagar,Shankarapatnam,18.1,24.5,42.3,21.4,89.3,0.9,15.0
2019-06-09,Karimnagar,Shankarapatnam,0.0,28.9,36.5,36.5,74.2,0.5,11.2
2019-06-10,Karimnagar,Shankarapatnam,0.0,30.9,42.6,22.9,53.8,1.8,15.1
2019-06-11,Karimnagar,Shankarapatnam,0.0,28.8,42.7,22.3,72.0,0.1,14.9
2019-06-12,Karimnagar,Shankarapatnam,0.0,32.1,42.3,21.9,49.9,3.9,15.5
2019-06-13,Karimnagar,Shankarapatnam,0.0,29.6,42.1,23.4,54.2,6.1,17.9
2019-06-14,Karimnagar,Shankarapatnam,0.0,29.9,40.6,26.0,57.1,3.8,15.2
2019-06-15,Karimnagar,Shankarapatnam,0.0,31.0,39.8,31.5,49.7,4.6,16.0
2019-06-16,Karimnagar,Shankarapatnam,0.0,32.1,40.6,21.4,48.6,4.7,15.5
2019-06-17,Karimnagar,Shankarapatnam,0.0,31.3,40.1,22.9,53.5,2.3,16.0
2019-06-18,Karimnagar,Shankarapatnam,0.3,28.8,37.7,32.4,65.2,2.2,14.1
2019-06-19,Karimnagar,Shankarapatnam,0.0,31.1,39.7,22.5,49.2,0.0,15.1
2019-06-20,Karimnagar,Shankarapatnam,0.0,30.9,40.8,26.0,57.7,0.0,14.1
2019-06-21,Karimnagar,Shankarapatnam,36.4,24.5,39.3,32.6,99.4,0.2,24.2
2019-06-22,Karimnagar,Shankarapatnam,0.5,26.8,34.9,51.5,94.3,0.4,8.8
2019-06-23,Karimnagar,Shankarapatnam,0.8,25.6,35.4,51.6,84.1,1.2,12.7
2019-06-24,Karimnagar,Shankarapatnam,0.6,26.0,34.2,61.1,95.2,0.2,9.1
2019-06-25,Karimnagar,Shankarapatnam,0.7,26.9,37.2,45.8,85.0,1.0,10.4
2019-06-26,Karimnagar,Shankarapatnam,0.0,27.4,37.6,41.1,84.4,0.0,11.0
2019-06-27,Karimnagar,Shankarapatnam,0.0,27.7,38.0,41.9,70.4,0.1,13.6
2019-06-28,Karimnagar,Shankarapatnam,5.1,27.3,38.0,37.6,80.4,0.0,15.2
2019-06-29,Karimnagar,Shankarapatnam,0.1,25.7,36.3,48.1,84.5,4.0,15.5
2019-06-30,Karimnagar,Shankarapatnam,0.8,23.4,32.4,61.4,94.8,2.0,13.2
2019-07-01,Karimnagar,Shankarapatnam,21.4,24.5,30.3,69.0,99.1,2.0,14.4
2019-07-02,Karimnagar,Shankarapatnam,2.1,25.4,31.2,80.6,97.4,2.2,11.0
2019-07-03,Karimnagar,Shankarapatnam,38.7,23.4,31.5,77.4,99.1,3.2,11.8
2019-07-04,Karimnagar,Shankarapatnam,0.5,26.3,31.8,77.0,95.4,2.2,17.8
2019-07-05,Karimnagar,Shankarapatnam,0.5,27.1,35.3,53.2,82.3,2.9,19.5
2019-07-06,Karimnagar,Shankarapatnam,7.7,23.7,33.2,58.8,98.5,0.0,15.7
2019-07-07,Karimnagar,Shankarapatnam,0.3,26.3,33.2,67.8,88.2,5.0,18.2
2019-07-08,Karimnagar,Shankarapatnam,13.1,24.3,35.1,54.3,98.5,1.0,20.3
2019-07-09,Karimnagar,Shankarapatnam,1.4,25.7,35.5,55.4,92.7,4.4,12.6
2019-07-10,Karimnagar,Shankarapatnam,1.8,25.2,34.8,58.5,94.6,0.1,13.3
2019-07-11,Karimnagar,Shankarapatnam,8.3,24.9,35.4,58.4,94.8,2.4,22.2
2019-07-12,Karimnagar,Shankarapatnam,0.3,24.5,34.6,69.1,94.4,0.4,13.3
2019-07-13,Karimnagar,Shankarapatnam,0.2,26.8,34.7,65.3,85.2,1.9,8.9
2019-07-14,Karimnagar,Shankarapatnam,0.2,26.4,35.3,49.1,85.5,0.0,14.5
2019-07-15,Karimnagar,Shankarapatnam,0.3,26.5,35.9,49.1,82.0,0.0,14.6
2019-07-16,Karimnagar,Shankarapatnam,0.0,27.0,36.3,48.2,73.4,0.0,12.2
2019-07-17,Karimnagar,Shankarapatnam,0.0,27.0,37.4,39.2,76.0,0.0,10.3
2019-07-18,Karimnagar,Shankarapatnam,0.0,26.6,37.9,37.3,73.4,0.0,10.5
2019-07-19,Karimnagar,Shankarapatnam,0.3,25.0,37.8,36.0,95.1,0.0,13.1
2019-07-20,Karimnagar,Shankarapatnam,31.4,24.6,36.6,46.9,99.4,0.0,8.6
2019-07-21,Karimnagar,Shankarapatnam,0.2,25.4,33.8,70.3,99.9,0.0,8.7
2019-07-22,Karimnagar,Shankarapatnam,0.0,26.4,36.9,55.5,92.5,2.9,9.6
2019-07-23,Karimnagar,Shankarapatnam,2.6,25.3,37.1,54.6,96.2,0.0,9.8
2019-07-24,Karimnagar,Shankarapatnam,0.0,26.3,37.7,46.2,87.1,0.2,9.0
2019-07-25,Karimnagar,Shankarapatnam,0.0,27.0,36.2,46.7,84.9,0.0,13.4
2019-07-26,Karimnagar,Shankarapatnam,46.2,23.2,35.4,53.3,99.7,1.3,13.2
2019-07-27,Karimnagar,Shankarapatnam,19.0,23.1,27.9,86.3,100.0,1.4,14.3
2019-07-28,Karimnagar,Shankarapatnam,37.6,23.4,28.0,85.6,100.0,0.0,12.7
2019-07-29,Karimnagar,Shankarapatnam,45.1,23.7,28.7,83.6,100.0,2.3,13.8
2019-07-30,Karimnagar,Shankarapatnam,34.5,23.5,26.3,68.4,99.9,4.6,15.0
2019-07-31,Karimnagar,Shankarapatnam,0.2,24.6,29.0,82.7,96.3,1.5,16.8
2019-08-01,Karimnagar,Shankarapatnam,0.8,25.0,32.7,76.9,95.4,1.9,15.2
2019-08-02,Karimnagar,Shankarapatnam,51.8,23.5,31.6,84.4,100.0,1.7,14.8
2019-08-03,Karimnagar,Shankarapatnam,18.3,23.2,26.2,92.2,100.0,6.0,19.7
2019-08-04,Karimnagar,Shankarapatnam,4.2,23.1,27.8,94.7,100.0,5.3,23.9
2019-08-05,Karimnagar,Shankarapatnam,0.4,24.8,31.5,76.0,100.0,5.3,18.4
2019-08-06,Karimnagar,Shankarapatnam,6.9,23.7,32.7,77.4,100.0,3.1,15.5
2019-08-07,Karimnagar,Shankarapatnam,22.2,23.4,27.8,78.8,100.0,3.3,20.2
2019-08-08,Karimnagar,Shankarapatnam,14.2,23.9,27.2,91.0,100.0,3.0,16.7
2019-08-09,Karimnagar,Shankarapatnam,5.5,23.9,29.6,81.0,100.0,2.5,14.1
2019-08-10,Karimnagar,Shankarapatnam,0.0,24.6,32.4,74.9,95.5,4.2,14.8
2019-08-11,Karimnagar,Shankarapatnam,0.0,25.0,33.6,73.1,95.4,2.5,12.8
2019-08-12,Karimnagar,Shankarapatnam,4.7,24.9,32.9,73.3,98.6,0.3,10.9
2019-08-13,Karimnagar,Shankarapatnam,0.0,25.9,32.4,81.2,98.8,0.0,10.1
2019-08-14,Karimnagar,Shankarapatnam,0.0,24.9,29.7,84.7,98.8,0.0,11.4
2019-08-15,Karimnagar,Shankarapatnam,0.0,24.3,32.0,82.2,98.7,0.0,7.9
2019-08-16,Karimnagar,Shankarapatnam,2.7,25.5,32.7,81.1,98.8,0.0,11.3
2019-08-17,Karimnagar,Shankarapatnam,0.0,25.8,34.3,79.1,99.7,0.0,9.5
2019-08-18,Karimnagar,Shankarapatnam,0.7,26.2,32.7,80.7,100.0,0.0,8.4
2019-08-19,Karimnagar,Shankarapatnam,32.6,23.4,28.1,67.6,99.9,0.0,8.0
2019-08-20,Karimnagar,Shankarapatnam,12.2,25.7,34.8,83.1,100.0,0.0,15.5
2019-08-21,Karimnagar,Shankarapatnam,2.0,25.3,32.6,83.5,99.8,0.0,7.8
2019-08-22,Karimnagar,Shankarapatnam,2.7,24.1,32.8,89.7,99.2,1.0,7.7
2019-08-23,Karimnagar,Shankarapatnam,7.2,23.1,31.0,84.0,100.0,0.0,11.3
2019-08-24,Karimnagar,Shankarapatnam,0.0,25.0,28.6,70.7,99.6,0.0,10.9
2019-08-25,Karimnagar,Shankarapatnam,0.0,24.8,32.4,77.8,98.7,0.0,9.0
2019-08-26,Karimnagar,Shankarapatnam,0.0,24.9,33.5,84.6,98.6,0.0,9.6
2019-08-27,Karimnagar,Shankarapatnam,0.0,24.4,32.5,82.8,99.1,0.0,9.0
2019-08-28,Karimnagar,Shankarapatnam,0.0,25.2,34.1,57.2,90.5,0.0,12.0
2019-08-29,Karimnagar,Shankarapatnam,0.0,25.0,35.0,58.6,99.3,0.0,5.9
2019-08-30,Karimnagar,Shankarapatnam,0.0,25.1,36.1,56.6,96.2,0.0,8.0
2019-08-31,Karimnagar,Shankarapatnam,42.1,23.4,35.0,71.3,100.0,0.0,12.3
2019-09-01,Karimnagar,Shankarapatnam,22.0,23.2,31.6,82.5,100.0,0.0,9.9
2019-09-02,Karimnagar,Shankarapatnam,0.3,23.0,30.9,76.8,98.8,3.2,13.5
2019-09-03,Karimnagar,Shankarapatnam,6.1,23.4,29.1,82.6,99.1,0.0,11.4
2019-09-04,Karimnagar,Shankarapatnam,0.0,24.6,30.3,83.8,99.9,0.9,7.1
2019-09-05,Karimnagar,Shankarapatnam,0.0,24.3,32.8,81.2,99.9,0.0,10.6
2019-09-06,Karimnagar,Shankarapatnam,2.7,24.9,32.7,75.7,98.4,1.4,9.4
2019-09-07,Karimnagar,Shankarapatnam,0.3,24.9,30.4,81.3,98.8,0.7,12.1
2019-09-08,Karimnagar,Shankarapatnam,0.5,25.3,30.5,77.2,99.0,0.0,14.8
2019-09-09,Karimnagar,Shankarapatnam,4.1,24.9,32.8,84.5,99.9,0.0,12.5
2019-09-11,Karimnagar,Shankarapatnam,1.2,25.65,34.95,75.65,99.9,0.8,11.3
2019-09-12,Karimnagar,Shankarapatnam,0.0,24.8,32.9,68.0,99.9,0.6,9.8
2019-09-13,Karimnagar,Shankarapatnam,4.8,24.9,30.5,82.5,99.9,2.3,8.3
2019-09-14,Karimnagar,Shankarapatnam,0.8,24.9,32.75,72.7,98.95,0.0,13.5
2019-09-15,Karimnagar,Shankarapatnam,0.0,24.2,33.9,62.85,99.9,0.0,6.6
2019-09-16,Karimnagar,Shankarapatnam,0.0,27.5,32.9,75.65,99.9,0.0,9.7
2019-09-17,Karimnagar,Shankarapatnam,0.0,25.65,32.95,77.2,99.85,0.0,7.4
2019-09-18 00:00:00,Karimnagar,Shankarapatnam,52.7,23.0,34.0,68.0,99.9,0.0,12.3
2019-09-19 00:00:00,Karimnagar,Shankarapatnam,0.4,24.4,31.5,74.3,99.6,0.0,5.9
2019-09-20 00:00:00,Karimnagar,Shankarapatnam,0.4,23.6,34.0,74.2,99.9,0.0,10.3
2019-09-21 00:00:00,Karimnagar,Shankarapatnam,2.5,22.9,34.0,68.3,100.0,0.0,9.2
2019-09-22 00:00:00,Karimnagar,Shankarapatnam,33.2,23.4,33.4,84.1,100.0,0.0,8.5
2019-09-23 00:00:00,Karimnagar,Shankarapatnam,0.0,24.5,35.7,64.8,100.0,0.0,11.4
2019-09-24 00:00:00,Karimnagar,Shankarapatnam,4.0,24.2,35.4,69.9,100.0,0.0,7.3
2019-09-25 00:00:00,Karimnagar,Shankarapatnam,43.8,22.5,32.95,87.7,99.95,0.0,6.8
2019-09-26 00:00:00,Karimnagar,Shankarapatnam,1.5,24.45,32.05,85.5,99.9,0.0,15.2
2019-09-27 00:00:00,Karimnagar,Shankarapatnam,18.5,21.5,29.35,87.8,99.9,2.0,15.2
2019-09-28 00:00:00,Karimnagar,Shankarapatnam,0.6,22.65,32.9,89.4,99.95,0.9,9.8
2019-09-29 00:00:00,Karimnagar,Shankarapatnam,9.8,23.0,33.3,88.7,99.95,0.0,14.8
2019-09-30 00:00:00,Karimnagar,Shankarapatnam,4.9,22.6,34.9,84.0,99.95,0.0,12.9
2019-10-01,Karimnagar,Shankarapatnam,0.8,22.8,34.1,85.0,99.95,0.0,11.6
2019-10-02,Karimnagar,Shankarapatnam,9.4,22.2,34.0,83.2,100.0,0.0,6.5
2019-10-03,Karimnagar,Shankarapatnam,0.0,24.3,34.2,81.2,100.0,0.0,9.9
2019-10-04,Karimnagar,Shankarapatnam,0.0,22.5,33.6,82.0,100.0,0.0,10.8
2019-10-05,Karimnagar,Shankarapatnam,0.0,23.1,33.8,67.7,100.0,0.0,8.4
2019-10-06,Karimnagar,Shankarapatnam,0.3,23.9,34.6,74.8,100.0,0.0,8.7
2019-10-07,Karimnagar,Shankarapatnam,15.8,23.0,34.6,74.0,100.0,0.0,7.4
2019-10-08,Karimnagar,Shankarapatnam,0.0,23.1,33.4,82.9,100.0,0.0,4.7
2019-10-09,Karimnagar,Shankarapatnam,0.0,23.2,33.0,80.6,98.9,0.0,7.3
2019-10-10,Karimnagar,Shankarapatnam,0.3,23.5,33.7,81.5,100.0,0.0,6.4
2019-10-11,Karimnagar,Shankarapatnam,14.7,22.6,33.7,78.4,100.0,0.0,12.8
2019-10-12,Karimnagar,Shankarapatnam,3.5,22.6,33.2,82.1,100.0,0.0,8.4
2019-10-13,Karimnagar,Shankarapatnam,0.0,22.9,34.2,80.8,100.0,0.0,6.9
2019-10-14,Karimnagar,Shankarapatnam,0.0,23.2,32.9,80.8,100.0,0.0,7.0
2019-10-15,Karimnagar,Shankarapatnam,0.0,23.4,33.0,80.9,100.0,0.0,8.2
2019-10-16,Karimnagar,Shankarapatnam,0.0,23.1,33.0,77.4,100.0,0.0,9.2
2019-10-17,Karimnagar,Shankarapatnam,1.2,22.0,33.5,74.7,100.0,0.7,10.0
2019-10-18,Karimnagar,Shankarapatnam,33.3,22.4,35.5,54.3,100.0,0.7,10.0
2019-10-19,Karimnagar,Shankarapatnam,34.1,22.4,33.2,84.3,100.0,0.7,10.0
2019-10-20,Karimnagar,Shankarapatnam,46.7,22.1,32.5,86.3,100.0,0.7,10.0
2019-10-21,Karimnagar,Shankarapatnam,24.5,23.0,31.9,84.2,99.6,0.7,10.0
2019-10-22,Karimnagar,Shankarapatnam,0.0,22.5,31.9,79.9,99.3,0.0,2.1
2019-10-23,Karimnagar,Shankarapatnam,0.0,24.0,32.2,79.2,98.8,0.0,2.0
2019-10-24,Karimnagar,Shankarapatnam,0.0,22.9,30.2,69.1,99.0,0.0,9.2
2019-10-25,Karimnagar,Shankarapatnam,18.0,23.2,32.7,72.8,99.5,0.0,12.3
2019-10-26,Karimnagar,Shankarapatnam,0.5,22.9,32.4,73.7,100.0,0.0,5.1
2019-10-27,Karimnagar,Shankarapatnam,0.0,22.8,34.0,62.1,100.0,0.0,9.1
2019-10-28,Karimnagar,Shankarapatnam,0.0,23.3,34.9,57.4,100.0,0.0,9.2
2019-10-29,Karimnagar,Shankarapatnam,8.8,21.6,34.2,70.5,100.0,0.0,13.2
2019-10-30,Karimnagar,Shankarapatnam,1.0,23.4,34.9,68.0,100.0,0.0,10.7
2019-10-31,Karimnagar,Shankarapatnam,19.6,21.9,34.5,71.9,100.0,0.0,11.4
2019-11-01,Karimnagar,Shankarapatnam,0.0,23.1,29.9,95.5,100.0,0.0,8.8
2019-11-02,Karimnagar,Shankarapatnam,0.0,22.8,33.8,57.2,100.0,0.0,9.5
2019-11-03,Karimnagar,Shankarapatnam,24.9,22.2,35.8,60.8,100.0,0.0,9.8
2019-11-04,Karimnagar,Shankarapatnam,0.0,21.5,32.1,83.3,100.0,0.0,5.6
2019-11-05,Karimnagar,Shankarapatnam,0.0,22.1,32.8,61.7,100.0,0.0,7.8
2019-11-06,Karimnagar,Shankarapatnam,0.0,21.9,33.0,60.5,100.0,0.0,8.6
2019-11-07,Karimnagar,Shankarapatnam,0.0,21.1,32.9,55.8,100.0,0.0,6.3
2019-11-08,Karimnagar,Shankarapatnam,0.0,21.0,32.8,52.5,100.0,0.0,9.6
2019-11-09,Karimnagar,Shankarapatnam,0.0,20.3,32.4,54.9,100.0,0.0,7.8
2019-11-10,Karimnagar,Shankarapatnam,0.0,19.1,32.0,45.0,100.0,0.0,12.0
2019-11-11,Karimnagar,Shankarapatnam,0.0,20.7,32.0,47.9,100.0,0.0,11.8
2019-11-12,Karimnagar,Shankarapatnam,0.0,19.7,32.8,46.6,100.0,0.0,7.9
2019-11-13,Karimnagar,Shankarapatnam,0.0,17.8,32.3,40.1,100.0,0.0,6.4
2019-11-14,Karimnagar,Shankarapatnam,0.0,18.3,32.4,42.4,100.0,0.0,8.1
2019-11-15,Karimnagar,Shankarapatnam,0.0,20.0,31.5,42.4,100.0,0.0,5.7
2019-11-16,Karimnagar,Shankarapatnam,0.0,18.9,32.6,41.9,100.0,0.0,4.7
2019-11-17,Karimnagar,Shankarapatnam,0.0,19.4,33.1,39.6,100.0,0.0,3.4
2019-11-18,Karimnagar,Shankarapatnam,0.0,19.1,32.6,40.8,99.7,0.0,11.0
2019-11-19,Karimnagar,Shankarapatnam,0.0,18.8,32.3,41.0,100.0,0.0,8.6
2019-11-20,Karimnagar,Shankarapatnam,0.0,19.2,33.0,38.9,100.0,0.0,8.6
2019-11-21,Karimnagar,Shankarapatnam,0.0,20.5,32.4,46.4,100.0,0.0,6.4
2019-11-22,Karimnagar,Shankarapatnam,0.0,19.3,31.9,44.1,100.0,0.0,8.7
2019-11-23,Karimnagar,Shankarapatnam,0.0,17.3,32.6,38.4,100.0,0.0,6.2
2019-11-24,Karimnagar,Shankarapatnam,0.0,16.8,30.9,38.1,100.0,0.0,5.7
2019-11-25,Karimnagar,Shankarapatnam,0.0,17.3,31.1,41.0,100.0,0.0,4.9
2019-11-26,Karimnagar,Shankarapatnam,0.0,18.6,31.2,42.4,100.0,0.0,10.2
2019-11-27,Karimnagar,Shankarapatnam,0.0,17.8,31.7,41.4,100.0,0.0,7.1
2019-11-28,Karimnagar,Shankarapatnam,0.0,17.8,31.9,36.9,100.0,0.0,7.1
2019-11-29,Karimnagar,Shankarapatnam,0.0,19.1,32.2,42.5,100.0,0.0,6.0
2019-11-30,Karimnagar,Shankarapatnam,0.0,19.3,31.8,46.5,100.0,0.0,7.9
2019-12-01,Karimnagar,Shankarapatnam,0.0,20.1,31.9,43.4,100.0,0.0,6.9
2019-12-02,Karimnagar,Shankarapatnam,0.0,22.6,32.5,45.2,100.0,0.0,3.4
2019-12-03,Karimnagar,Shankarapatnam,9.3,21.4,26.3,97.4,100.0,0.0,8.2
2019-12-04,Karimnagar,Shankarapatnam,0.0,19.65,29.65,62.7,100.0,0.0,5.4
2019-12-05,Karimnagar,Shankarapatnam,0.0,17.75,30.1,39.95,100.0,0.0,7.3
2019-12-06,Karimnagar,Shankarapatnam,0.0,16.15,29.4,40.85,100.0,0.0,2.9
2019-12-07,Karimnagar,Shankarapatnam,0.0,16.4,29.2,39.75,100.0,0.0,8.6
2019-12-08,Karimnagar,Shankarapatnam,0.0,17.2,29.3,37.95,100.0,0.0,4.2
2019-12-09,Karimnagar,Shankarapatnam,0.0,18.45,30.1,42.45,100.0,0.0,6.2
2019-12-10,Karimnagar,Shankarapatnam,0.0,18.3,31.6,42.05,100.0,0.0,6.8
2019-12-11,Karimnagar,Shankarapatnam,0.0,17.2,31.15,38.1,100.0,0.0,8.4
2019-12-12,Karimnagar,Shankarapatnam,0.0,17.35,30.95,36.5,100.0,0.0,5.3
2019-12-13,Karimnagar,Shankarapatnam,0.0,18.05,30.9,35.6,100.0,0.0,14.7
2019-12-14,Karimnagar,Shankarapatnam,0.0,19.1,30.9,39.2,100.0,0.0,11.9
2019-12-15,Karimnagar,Shankarapatnam,0.0,19.15,32.7,43.0,100.0,0.0,10.6
2019-12-16,Karimnagar,Shankarapatnam,0.0,18.15,32.6,35.9,100.0,0.0,13.6
2019-12-17,Karimnagar,Shankarapatnam,0.0,17.75,30.05,38.1,100.0,0.0,9.3
2019-12-18,Karimnagar,Shankarapatnam,0.0,17.75,29.65,48.7,100.0,0.0,3.9
2019-12-19,Karimnagar,Shankarapatnam,0.0,16.45,30.5,41.6,100.0,0.0,4.6
2019-12-20,Karimnagar,Shankarapatnam,0.0,16.05,30.3,40.9,100.0,0.0,4.7
2019-12-21,Karimnagar,Shankarapatnam,0.0,16.9,30.65,52.0,100.0,0.0,3.5
2019-12-22,Karimnagar,Shankarapatnam,0.0,17.35,28.45,40.7,100.0,0.0,5.4
2019-12-23,Karimnagar,Shankarapatnam,0.0,17.5,31.0,48.7,100.0,0.0,11.3
2019-12-24,Karimnagar,Shankarapatnam,0.0,18.35,29.45,47.3,100.0,0.0,7.8
2019-12-25,Karimnagar,Shankarapatnam,0.0,18.75,30.05,48.6,91.2,0.0,8.2
2019-12-26,Karimnagar,Shankarapatnam,0.0,20.85,31.7,46.75,90.7,0.0,10.9
2019-12-27,Karimnagar,Shankarapatnam,0.0,20.4,27.9,66.7,92.65,0.0,7.4
2019-12-28,Karimnagar,Shankarapatnam,0.0,17.15,26.95,70.3,92.4,0.0,10.6
2019-12-29,Karimnagar,Shankarapatnam,0.0,13.7,26.6,45.35,80.05,0.0,7.5
2019-12-30,Karimnagar,Shankarapatnam,0.0,14.7,27.6,39.3,85.35,0.0,5.3
2019-12-31,Karimnagar,Shankarapatnam,0.0,19.05,29.8,50.25,88.2,0.0,9.1
