Date,District,Mandal,Rainfall (mm),temp_min (⁰C),temp_max (⁰C),humidity_min (%),Humidity_max (%),wind_speed_min (Kmph),wind_speed_max (Kmph)
2019-01-01,Karimnagar,Thimmapur,0.0,12.1,27.3,24.5,81.1,0.0,7.7
2019-01-02,Karimnagar,Thimmapur,0.0,12.8,28.7,22.9,85.5,0.0,7.9
2019-01-03,Karimnagar,Thimmapur,0.0,14.9,30.2,25.3,81.2,0.0,8.9
2019-01-04,Karimnagar,Thimmapur,0.0,13.8,30.0,31.7,91.4,0.0,6.7
2019-01-05,Karimnagar,Thimmapur,0.0,15.7,30.2,30.5,95.1,0.0,7.5
2019-01-06,Karimnagar,Thimmapur,0.0,15.5,29.7,42.5,94.1,0.0,8.7
2019-01-07,Karimnagar,Thimmapur,0.0,16.2,29.3,43.1,93.8,0.0,8.9
2019-01-08,Karimnagar,Thimmapur,0.0,17.1,28.6,42.7,94.5,0.0,8.4
2019-01-09,Karimnagar,Thimmapur,0.0,13.6,27.7,31.0,87.5,0.0,8.4
2019-01-10,Karimnagar,Thimmapur,0.0,12.5,28.9,23.1,86.9,0.0,7.3
2019-01-11,Karimnagar,Thimmapur,0.0,14.5,28.9,26.0,95.0,0.0,6.4
2019-01-12,Karimnagar,Thimmapur,0.0,17.6,29.0,48.2,95.8,0.0,9.0
2019-01-13,Karimnagar,Thimmapur,0.0,19.5,29.7,49.5,90.7,0.0,14.8
2019-01-14,Karimnagar,Thimmapur,0.0,17.7,30.1,48.2,93.7,0.0,9.5
2019-01-15,Karimnagar,Thimmapur,0.0,17.0,29.2,53.5,94.8,0.0,5.5
2019-01-16,Karimnagar,Thimmapur,0.0,15.4,29.1,46.3,95.6,0.0,10.3
2019-01-17,Karimnagar,Thimmapur,0.0,13.9,29.4,30.7,84.7,0.0,6.9
2019-01-18,Karimnagar,Thimmapur,0.0,15.4,29.9,29.9,95.5,0.0,9.0
2019-01-19,Karimnagar,Thimmapur,0.0,14.2,30.0,40.5,92.6,0.0,8.6
2019-01-20,Karimnagar,Thimmapur,0.0,13.8,29.9,38.4,89.3,0.0,8.6
2019-01-21,Karimnagar,Thimmapur,0.0,14.4,30.7,29.3,89.0,0.0,7.4
2019-01-22,Karimnagar,Thimmapur,0.0,16.6,31.1,34.4,85.7,0.0,15.0
2019-01-23,Karimnagar,Thimmapur,0.0,17.4,31.0,39.3,95.8,0.0,14.1
2019-01-24,Karimnagar,Thimmapur,0.0,17.9,30.3,49.8,98.4,0.0,9.0
2019-01-25,Karimnagar,Thimmapur,0.0,19.9,29.5,59.7,89.6,0.0,11.1
2019-01-26,Karimnagar,Thimmapur,2.0,21.0,29.7,55.1,86.9,0.0,14.3
2019-01-27,Karimnagar,Thimmapur,57.0,18.0,23.0,91.5,97.5,0.0,11.2
2019-01-28,Karimnagar,Thimmapur,0.0,18.2,21.1,93.6,100.0,0.0,9.5
2019-01-29,Karimnagar,Thimmapur,0.0,14.9,25.0,73.4,98.3,0.0,7.1
2019-01-30,Karimnagar,Thimmapur,0.0,10.1,25.8,36.8,85.1,0.0,11.9
2019-01-31,Karimnagar,Thimmapur,0.0,11.9,26.6,33.2,68.1,0.0,8.9
2019-02-01,Karimnagar,Thimmapur,0.0,16.0,29.6,45.4,95.2,0.0,12.7
2019-02-02,Karimnagar,Thimmapur,0.0,16.3,29.4,49.0,97.8,0.0,9.6
2019-02-03,Karimnagar,Thimmapur,0.0,16.0,29.0,52.2,93.3,0.0,10.2
2019-02-04,Karimnagar,Thimmapur,0.0,16.5,29.8,49.6,89.3,0.0,11.9
2019-02-05,Karimnagar,Thimmapur,0.0,18.4,32.1,45.3,99.9,0.0,9.3
2019-02-06,Karimnagar,Thimmapur,0.0,19.1,32.1,41.2,99.9,0.0,7.0
2019-02-07,Karimnagar,Thimmapur,0.0,19.6,33.0,42.0,95.7,0.0,11.4
2019-02-08,Karimnagar,Thimmapur,0.0,22.6,34.6,40.4,99.9,0.0,15.3
2019-02-09,Karimnagar,Thimmapur,0.0,19.3,30.6,49.0,99.9,0.0,8.4
2019-02-10,Karimnagar,Thimmapur,0.0,14.2,29.5,24.3,99.7,0.0,7.8
2019-02-11,Karimnagar,Thimmapur,0.0,19.3,30.1,29.5,95.7,0.0,8.4
2019-02-12,Karimnagar,Thimmapur,0.0,20.3,33.2,47.8,99.9,0.0,10.6
2019-02-13,Karimnagar,Thimmapur,0.0,21.4,32.1,47.8,99.9,0.0,11.4
2019-02-14,Karimnagar,Thimmapur,0.0,19.3,33.0,41.8,99.9,0.0,13.1
2019-02-15,Karimnagar,Thimmapur,0.0,19.4,32.1,38.5,99.9,0.0,13.3
2019-02-16,Karimnagar,Thimmapur,3.0,22.0,36.5,30.7,99.9,0.0,14.8
2019-02-17,Karimnagar,Thimmapur,0.0,22.9,34.6,41.1,99.9,0.0,6.3
2019-02-18,Karimnagar,Thimmapur,0.0,21.8,32.2,69.9,99.9,0.0,7.1
2019-02-19,Karimnagar,Thimmapur,0.0,20.0,34.6,50.9,99.9,0.0,5.4
2019-02-20,Karimnagar,Thimmapur,0.0,24.4,34.8,56.1,99.9,2.2,11.9
2019-02-21,Karimnagar,Thimmapur,0.0,21.3,34.8,55.0,99.9,0.0,12.7
2019-02-22,Karimnagar,Thimmapur,0.0,21.8,36.7,30.6,99.9,0.0,12.0
2019-02-23,Karimnagar,Thimmapur,0.0,22.2,35.8,31.8,95.6,0.0,8.1
2019-02-24,Karimnagar,Thimmapur,0.0,21.8,37.5,33.0,95.5,0.0,7.7
2019-02-25,Karimnagar,Thimmapur,0.0,19.8,37.6,31.2,81.9,0.0,9.0
2019-02-26,Karimnagar,Thimmapur,0.0,19.3,37.5,24.2,99.9,0.0,8.0
2019-02-27,Karimnagar,Thimmapur,0.0,22.5,33.3,43.4,96.6,0.0,10.8
2019-02-28,Karimnagar,Thimmapur,0.0,20.8,33.0,43.3,99.9,0.0,16.0
2019-03-01,Karimnagar,Thimmapur,0.0,18.8,33.2,35.5,99.9,0.0,11.4
2019-03-02,Karimnagar,Thimmapur,0.0,22.7,32.5,57.5,96.9,0.0,13.0
2019-03-03,Karimnagar,Thimmapur,0.0,22.3,32.7,47.9,96.9,0.0,14.9
2019-03-04,Karimnagar,Thimmapur,0.0,20.9,35.8,50.0,84.4,0.0,16.5
2019-03-05,Karimnagar,Thimmapur,0.0,20.7,36.8,33.1,99.1,0.0,8.3
2019-03-06,Karimnagar,Thimmapur,0.0,19.3,35.8,39.7,99.9,0.0,11.2
2019-03-07,Karimnagar,Thimmapur,0.0,18.4,35.2,27.9,94.8,0.0,10.2
2019-03-08,Karimnagar,Thimmapur,0.0,19.3,33.4,32.3,95.4,0.0,10.3
2019-03-09,Karimnagar,Thimmapur,0.0,19.8,37.5,37.7,99.9,0.0,8.4
2019-03-10,Karimnagar,Thimmapur,0.0,20.6,37.2,47.1,99.9,0.0,11.7
2019-03-11,Karimnagar,Thimmapur,0.0,22.3,37.1,40.9,90.8,0.0,11.4
2019-03-12,Karimnagar,Thimmapur,0.0,23.9,37.5,40.6,83.2,0.0,14.2
2019-03-13,Karimnagar,Thimmapur,0.0,21.5,36.1,40.6,78.2,0.0,15.0
2019-03-14,Karimnagar,Thimmapur,0.0,22.5,36.8,26.7,62.4,1.7,15.7
2019-03-15,Karimnagar,Thimmapur,0.0,21.4,38.1,19.9,83.5,0.0,8.4
2019-03-16,Karimnagar,Thimmapur,0.0,20.7,37.6,15.3,53.6,0.0,13.0
2019-03-17,Karimnagar,Thimmapur,0.0,21.0,38.0,26.8,92.6,0.3,13.1
2019-03-18,Karimnagar,Thimmapur,0.0,20.7,37.5,27.5,82.5,0.0,12.2
2019-03-19,Karimnagar,Thimmapur,0.0,20.5,34.7,41.0,90.1,0.0,15.2
2019-03-20,Karimnagar,Thimmapur,0.0,23.2,36.8,40.1,90.6,2.4,13.9
2019-03-21,Karimnagar,Thimmapur,0.0,23.1,35.8,46.8,96.9,2.8,14.4
2019-03-22,Karimnagar,Thimmapur,0.0,23.9,36.8,34.8,90.1,2.3,13.9
2019-03-23,Karimnagar,Thimmapur,0.0,23.5,35.0,48.4,96.2,0.0,9.5
2019-03-24,Karimnagar,Thimmapur,0.0,23.4,35.5,47.1,89.6,0.0,9.9
2019-03-25,Karimnagar,Thimmapur,0.0,23.3,37.3,39.9,96.9,0.0,10.7
2019-03-26,Karimnagar,Thimmapur,0.0,23.1,37.8,42.4,83.2,0.0,10.7
2019-03-27,Karimnagar,Thimmapur,0.0,22.6,38.0,37.7,76.9,0.0,16.0
2019-03-28,Karimnagar,Thimmapur,0.0,23.9,37.7,32.7,83.8,0.0,13.6
2019-03-29,Karimnagar,Thimmapur,0.0,21.4,37.6,33.2,84.3,0.0,6.1
2019-03-30,Karimnagar,Thimmapur,0.0,21.4,38.8,28.2,90.7,0.0,9.1
2019-03-31,Karimnagar,Thimmapur,0.0,23.9,38.3,33.2,91.1,0.0,12.7
2019-04-01,Karimnagar,Thimmapur,0.0,23.9,41.5,20.5,76.0,0.0,10.3
2019-04-02,Karimnagar,Thimmapur,0.0,23.9,39.9,20.4,78.5,0.0,11.1
2019-04-03,Karimnagar,Thimmapur,0.0,23.8,39.9,26.5,86.2,0.0,15.1
2019-04-04,Karimnagar,Thimmapur,0.0,23.9,38.8,43.2,90.1,0.0,14.1
2019-04-05,Karimnagar,Thimmapur,0.3,23.9,39.5,31.6,70.4,0.0,12.1
2019-04-06,Karimnagar,Thimmapur,0.0,23.9,36.8,33.3,69.4,0.0,6.8
2019-04-07,Karimnagar,Thimmapur,0.0,23.9,38.3,31.4,79.5,0.0,13.0
2019-04-08,Karimnagar,Thimmapur,0.0,23.3,41.3,26.2,90.1,0.0,13.3
2019-04-09,Karimnagar,Thimmapur,0.0,23.9,39.8,34.5,97.1,0.0,14.9
2019-04-10,Karimnagar,Thimmapur,0.0,24.8,37.8,40.6,90.9,0.0,15.2
2019-04-11,Karimnagar,Thimmapur,0.0,26.5,38.3,32.7,90.3,0.0,20.2
2019-04-12,Karimnagar,Thimmapur,0.0,26.5,43.0,18.3,76.4,0.0,14.7
2019-04-13,Karimnagar,Thimmapur,0.0,23.1,42.0,23.4,75.5,0.0,10.3
2019-04-14,Karimnagar,Thimmapur,0.0,24.7,39.9,21.9,69.9,0.0,9.9
2019-04-15,Karimnagar,Thimmapur,0.0,25.9,41.3,18.6,62.2,0.0,13.9
2019-04-16,Karimnagar,Thimmapur,0.0,24.9,41.4,21.2,70.1,0.0,13.1
2019-04-17,Karimnagar,Thimmapur,0.0,24.9,38.9,21.4,53.9,0.0,14.5
2019-04-18,Karimnagar,Thimmapur,6.3,23.6,38.4,31.2,90.3,0.0,14.6
2019-04-19,Karimnagar,Thimmapur,0.0,24.9,37.9,38.0,97.3,0.0,13.9
2019-04-20,Karimnagar,Thimmapur,2.3,22.5,38.0,47.3,96.9,0.0,15.3
2019-04-21,Karimnagar,Thimmapur,0.0,24.9,37.8,47.5,96.9,0.0,14.6
2019-04-22,Karimnagar,Thimmapur,0.0,27.5,39.0,31.2,83.7,0.0,17.5
2019-04-23,Karimnagar,Thimmapur,0.0,24.9,37.8,28.7,78.7,0.0,16.4
2019-04-24,Karimnagar,Thimmapur,0.0,23.3,39.3,23.3,83.1,0.0,9.7
2019-04-25,Karimnagar,Thimmapur,0.0,27.1,41.5,23.4,65.4,0.0,10.3
2019-04-26,Karimnagar,Thimmapur,0.0,26.8,41.9,23.5,65.7,0.0,10.3
2019-04-27,Karimnagar,Thimmapur,0.0,27.5,42.4,21.2,62.8,0.0,9.7
2019-04-28,Karimnagar,Thimmapur,0.0,27.5,44.2,23.5,69.9,0.0,10.6
2019-04-29,Karimnagar,Thimmapur,0.0,27.2,42.6,22.9,70.4,0.0,13.1
2019-04-30,Karimnagar,Thimmapur,0.0,27.3,42.3,24.2,69.9,0.0,10.3
2019-05-01,Karimnagar,Thimmapur,0.0,29.3,41.9,21.4,70.8,0.0,8.3
2019-05-02,Karimnagar,Thimmapur,0.0,27.7,40.9,27.5,70.5,0.0,17.1
2019-05-03,Karimnagar,Thimmapur,0.0,27.3,42.1,13.1,49.6,0.0,14.3
2019-05-04,Karimnagar,Thimmapur,0.0,27.5,41.6,8.6,39.1,0.0,12.9
2019-05-05,Karimnagar,Thimmapur,0.0,30.1,42.2,17.9,39.1,0.0,14.3
2019-05-06,Karimnagar,Thimmapur,0.0,24.9,43.5,10.3,48.4,0.0,15.0
2019-05-07,Karimnagar,Thimmapur,0.0,30.1,42.5,13.0,46.5,0.0,11.5
2019-05-08,Karimnagar,Thimmapur,0.0,30.1,41.9,12.2,63.8,0.0,12.5
2019-05-09,Karimnagar,Thimmapur,0.0,27.5,42.5,10.6,42.6,0.0,16.5
2019-05-10,Karimnagar,Thimmapur,0.0,26.9,42.3,15.0,46.1,0.0,13.9
2019-05-11,Karimnagar,Thimmapur,0.0,30.1,42.1,10.7,62.6,0.0,13.2
2019-05-12,Karimnagar,Thimmapur,0.0,27.3,42.2,26.0,65.7,0.0,17.4
2019-05-13,Karimnagar,Thimmapur,0.0,27.5,42.1,16.4,72.0,0.0,11.4
2019-05-14,Karimnagar,Thimmapur,0.0,27.2,44.0,24.8,70.4,0.0,30.7
2019-05-15,Karimnagar,Thimmapur,0.0,30.1,39.7,24.3,84.3,0.0,15.3
2019-05-16,Karimnagar,Thimmapur,0.0,30.1,41.5,25.7,77.8,0.0,22.3
2019-05-17,Karimnagar,Thimmapur,0.0,30.1,41.9,17.6,77.2,0.0,9.8
2019-05-18,Karimnagar,Thimmapur,0.0,30.1,42.3,19.9,62.6,0.0,9.4
2019-05-19,Karimnagar,Thimmapur,0.0,30.1,42.6,10.7,70.4,0.0,15.2
2019-05-20,Karimnagar,Thimmapur,0.0,30.1,42.4,18.7,62.3,0.0,13.9
2019-05-21,Karimnagar,Thimmapur,0.0,30.1,42.4,15.7,66.1,0.0,10.6
2019-05-22,Karimnagar,Thimmapur,0.0,30.1,42.3,24.5,62.6,0.0,19.4
2019-05-23,Karimnagar,Thimmapur,0.0,30.1,42.0,18.9,70.4,1.3,16.4
2019-05-24,Karimnagar,Thimmapur,0.5,30.0,42.4,22.8,71.8,0.0,17.1
2019-05-25,Karimnagar,Thimmapur,0.0,30.4,42.6,25.0,73.8,0.0,15.7
2019-05-26,Karimnagar,Thimmapur,0.0,30.5,44.2,15.3,70.6,0.0,12.0
2019-05-27,Karimnagar,Thimmapur,0.0,32.6,44.9,14.8,70.9,0.0,11.7
2019-05-28,Karimnagar,Thimmapur,0.0,30.6,45.2,10.4,70.9,0.0,14.9
2019-05-29,Karimnagar,Thimmapur,0.0,32.6,43.7,16.4,70.9,0.0,12.6
2019-05-30,Karimnagar,Thimmapur,0.0,30.1,44.1,13.9,63.5,0.0,30.9
2019-05-31,Karimnagar,Thimmapur,0.0,29.8,39.7,33.0,77.0,0.8,16.4
2019-06-01,Karimnagar,Thimmapur,0.5,26.0,42.7,20.7,76.5,0.0,14.6
2019-06-02,Karimnagar,Thimmapur,1.0,26.6,38.4,29.7,79.5,0.0,12.7
2019-06-03,Karimnagar,Thimmapur,0.0,31.8,43.6,17.6,57.0,2.2,13.4
2019-06-04,Karimnagar,Thimmapur,7.6,24.9,42.7,24.1,79.4,0.0,28.1
2019-06-05,Karimnagar,Thimmapur,0.0,30.4,40.1,31.8,67.3,0.0,11.0
2019-06-06,Karimnagar,Thimmapur,0.0,31.1,42.5,23.2,62.1,0.0,16.2
2019-06-07,Karimnagar,Thimmapur,0.0,29.3,44.0,21.4,60.5,1.4,22.5
2019-06-08,Karimnagar,Thimmapur,4.0,24.4,41.9,22.2,84.0,0.0,21.7
2019-06-09,Karimnagar,Thimmapur,0.0,28.9,37.0,39.4,76.7,0.0,11.8
2019-06-10,Karimnagar,Thimmapur,0.0,30.3,42.1,23.2,57.0,0.0,14.2
2019-06-11,Karimnagar,Thimmapur,0.0,29.2,42.1,26.9,74.1,2.1,15.6
2019-06-12,Karimnagar,Thimmapur,0.0,31.9,41.6,24.7,50.9,4.6,15.4
2019-06-13,Karimnagar,Thimmapur,0.0,29.5,41.1,27.4,57.4,4.6,16.5
2019-06-14,Karimnagar,Thimmapur,0.0,29.7,39.9,28.2,59.7,5.6,15.4
2019-06-15,Karimnagar,Thimmapur,0.0,30.9,39.9,28.1,52.6,2.8,16.0
2019-06-16,Karimnagar,Thimmapur,0.0,31.3,41.0,21.9,49.9,3.4,17.4
2019-06-17,Karimnagar,Thimmapur,0.0,32.0,40.6,22.2,55.3,2.8,17.7
2019-06-18,Karimnagar,Thimmapur,0.8,29.5,37.9,30.5,65.2,0.1,14.6
2019-06-19,Karimnagar,Thimmapur,0.0,30.8,39.6,24.6,49.9,0.0,18.7
2019-06-20,Karimnagar,Thimmapur,0.0,30.4,39.6,27.5,61.7,0.0,14.5
2019-06-21,Karimnagar,Thimmapur,44.2,24.4,38.4,37.9,100.0,0.0,28.1
2019-06-22,Karimnagar,Thimmapur,0.0,27.0,35.2,59.9,99.1,0.1,11.8
2019-06-23,Karimnagar,Thimmapur,2.6,26.2,33.6,60.9,94.0,0.0,12.8
2019-06-24,Karimnagar,Thimmapur,3.6,25.0,32.6,73.8,100.0,0.0,9.6
2019-06-25,Karimnagar,Thimmapur,3.1,26.4,36.0,57.0,95.2,0.0,10.2
2019-06-26,Karimnagar,Thimmapur,0.2,27.8,36.2,55.4,86.6,0.0,8.8
2019-06-27,Karimnagar,Thimmapur,0.0,27.4,37.9,47.3,80.4,0.0,15.5
2019-06-28,Karimnagar,Thimmapur,0.0,28.1,37.7,44.9,73.3,0.0,13.5
2019-06-29,Karimnagar,Thimmapur,1.0,25.4,35.5,47.1,91.9,0.2,14.7
2019-06-30,Karimnagar,Thimmapur,3.1,24.4,31.8,63.5,95.5,0.1,13.1
2019-07-01,Karimnagar,Thimmapur,18.7,23.9,30.1,74.2,100.0,0.5,16.7
2019-07-02,Karimnagar,Thimmapur,10.6,26.0,30.2,83.6,100.0,0.0,20.6
2019-07-03,Karimnagar,Thimmapur,36.8,24.0,32.2,83.2,100.0,0.0,9.4
2019-07-04,Karimnagar,Thimmapur,1.0,26.8,31.8,82.9,98.5,1.1,14.1
2019-07-05,Karimnagar,Thimmapur,0.3,27.1,34.8,60.1,89.8,0.0,15.1
2019-07-06,Karimnagar,Thimmapur,5.8,24.7,33.0,64.5,95.9,1.2,18.7
2019-07-07,Karimnagar,Thimmapur,0.2,27.3,32.3,60.6,82.6,5.1,17.2
2019-07-08,Karimnagar,Thimmapur,16.9,24.1,34.4,59.2,100.0,0.0,16.3
2019-07-09,Karimnagar,Thimmapur,1.5,25.1,34.5,65.3,96.7,2.5,15.8
2019-07-10,Karimnagar,Thimmapur,2.8,24.4,34.2,65.4,100.0,0.0,15.0
2019-07-11,Karimnagar,Thimmapur,1.3,25.5,34.5,59.6,95.4,0.0,15.5
2019-07-12,Karimnagar,Thimmapur,2.8,24.7,32.8,67.3,98.3,1.5,15.0
2019-07-13,Karimnagar,Thimmapur,0.2,27.1,33.9,65.6,85.2,1.5,11.1
2019-07-14,Karimnagar,Thimmapur,0.0,26.8,34.9,58.2,89.8,0.0,14.5
2019-07-15,Karimnagar,Thimmapur,0.5,25.3,36.6,49.5,94.2,0.0,11.9
2019-07-16,Karimnagar,Thimmapur,0.2,27.0,35.7,51.0,80.3,0.0,12.7
2019-07-17,Karimnagar,Thimmapur,0.0,26.9,36.6,44.7,85.9,0.0,13.5
2019-07-18,Karimnagar,Thimmapur,0.0,27.2,37.9,41.5,79.4,0.0,13.9
2019-07-19,Karimnagar,Thimmapur,0.0,25.6,38.0,39.2,91.5,0.0,14.9
2019-07-20,Karimnagar,Thimmapur,53.1,24.4,37.5,50.5,100.0,0.0,11.5
2019-07-21,Karimnagar,Thimmapur,1.3,25.7,33.6,84.0,100.0,0.0,3.8
2019-07-22,Karimnagar,Thimmapur,0.0,26.7,35.3,64.1,100.0,2.8,10.8
2019-07-23,Karimnagar,Thimmapur,0.2,25.6,34.8,64.1,100.0,0.0,12.5
2019-07-24,Karimnagar,Thimmapur,0.0,26.8,36.0,55.9,91.0,0.0,8.9
2019-07-25,Karimnagar,Thimmapur,0.2,27.1,35.1,60.2,92.8,0.0,11.0
2019-07-26,Karimnagar,Thimmapur,37.7,24.3,34.1,63.1,100.0,0.0,16.8
2019-07-27,Karimnagar,Thimmapur,16.4,24.1,27.4,97.8,100.0,0.0,13.1
2019-07-28,Karimnagar,Thimmapur,33.9,23.9,28.9,97.7,100.0,0.0,12.5
2019-07-29,Karimnagar,Thimmapur,49.8,23.9,27.4,97.6,100.0,0.0,15.3
2019-07-30,Karimnagar,Thimmapur,34.9,23.8,26.2,99.9,100.0,3.1,12.1
2019-07-31,Karimnagar,Thimmapur,0.3,24.9,27.8,97.8,100.0,4.2,13.3
2019-08-01,Karimnagar,Thimmapur,1.8,24.6,32.1,85.0,100.0,0.0,13.9
2019-08-02,Karimnagar,Thimmapur,38.8,24.0,29.7,92.9,100.0,2.8,16.3
2019-08-03,Karimnagar,Thimmapur,25.7,24.3,26.0,99.9,100.0,5.0,12.7
2019-08-04,Karimnagar,Thimmapur,11.9,24.2,27.7,97.6,100.0,7.0,16.7
2019-08-05,Karimnagar,Thimmapur,0.5,24.7,31.5,92.1,100.0,4.5,17.1
2019-08-06,Karimnagar,Thimmapur,15.6,24.7,32.1,86.6,100.0,3.2,14.7
2019-08-07,Karimnagar,Thimmapur,25.2,24.7,27.7,97.9,100.0,2.2,14.9
2019-08-08,Karimnagar,Thimmapur,17.2,24.4,27.6,99.6,100.0,2.6,15.3
2019-08-09,Karimnagar,Thimmapur,6.9,24.2,29.8,92.1,100.0,0.0,14.9
2019-08-10,Karimnagar,Thimmapur,0.3,24.6,32.1,86.8,100.0,4.4,19.0
2019-08-11,Karimnagar,Thimmapur,1.9,24.7,32.8,85.1,99.5,1.8,10.1
2019-08-12,Karimnagar,Thimmapur,0.9,24.4,33.1,81.3,100.0,0.0,14.8
2019-08-13,Karimnagar,Thimmapur,1.6,24.5,31.6,84.4,100.0,0.0,15.5
2019-08-14,Karimnagar,Thimmapur,0.3,25.3,28.9,94.4,100.0,0.0,13.0
2019-08-15,Karimnagar,Thimmapur,5.1,24.2,30.5,90.4,100.0,0.0,14.3
2019-08-16,Karimnagar,Thimmapur,3.5,25.1,31.9,86.2,100.0,0.0,9.8
2019-08-17,Karimnagar,Thimmapur,0.0,25.1,34.7,80.5,100.0,0.0,11.9
2019-08-18,Karimnagar,Thimmapur,0.0,25.1,32.9,84.3,100.0,0.0,8.6
2019-08-19,Karimnagar,Thimmapur,9.7,24.1,28.8,96.0,100.0,0.0,5.5
2019-08-20,Karimnagar,Thimmapur,0.0,25.4,35.2,70.2,100.0,0.0,11.4
2019-08-21,Karimnagar,Thimmapur,0.0,25.3,32.0,83.5,100.0,0.0,11.2
2019-08-22,Karimnagar,Thimmapur,1.1,24.0,32.3,82.9,100.0,0.0,13.4
2019-08-23,Karimnagar,Thimmapur,6.1,22.9,30.5,88.9,100.0,0.0,14.7
2019-08-24,Karimnagar,Thimmapur,0.7,24.6,27.8,92.6,98.7,0.0,9.3
2019-08-25,Karimnagar,Thimmapur,0.0,24.7,32.3,77.8,100.0,0.0,15.2
2019-08-26,Karimnagar,Thimmapur,0.6,24.8,31.8,81.3,100.0,0.0,14.4
2019-08-27,Karimnagar,Thimmapur,0.8,24.1,32.0,76.9,100.0,0.0,11.4
2019-08-28,Karimnagar,Thimmapur,0.0,24.4,33.4,60.2,98.2,0.0,11.7
2019-08-29,Karimnagar,Thimmapur,0.0,24.4,34.0,55.1,100.0,0.0,7.7
2019-08-30,Karimnagar,Thimmapur,1.8,25.2,35.5,60.0,100.0,0.0,10.6
2019-08-31,Karimnagar,Thimmapur,16.8,23.7,34.2,71.5,100.0,0.0,17.4
2019-09-01,Karimnagar,Thimmapur,3.4,23.5,31.1,93.0,100.0,0.0,10.5
2019-09-02,Karimnagar,Thimmapur,2.3,22.3,30.2,91.6,100.0,1.9,14.3
2019-09-03,Karimnagar,Thimmapur,3.5,23.1,27.7,97.4,100.0,0.0,11.3
2019-09-04,Karimnagar,Thimmapur,0.9,24.0,28.4,99.1,100.0,0.7,10.4
2019-09-05,Karimnagar,Thimmapur,0.2,24.3,30.4,94.7,100.0,0.0,13.3
2019-09-06,Karimnagar,Thimmapur,0.3,24.4,32.1,88.1,100.0,1.3,13.3
2019-09-07,Karimnagar,Thimmapur,0.9,24.5,28.6,93.0,100.0,0.0,15.5
2019-09-08,Karimnagar,Thimmapur,0.0,25.1,28.6,93.8,100.0,0.1,12.1
2019-09-09,Karimnagar,Thimmapur,6.2,24.6,30.3,92.2,100.0,0.0,11.6
2019-09-11,Karimnagar,Thimmapur,2.2,24.4,32.75,82.0,100.0,0.0,15.1
2019-09-12,Karimnagar,Thimmapur,1.2,24.85,31.85,84.85,100.0,0.0,13.6
2019-09-13,Karimnagar,Thimmapur,2.7,24.05,27.9,95.15,100.0,0.0,12.5
2019-09-14,Karimnagar,Thimmapur,0.9,23.7,32.2,85.6,100.0,0.0,10.7
2019-09-15,Karimnagar,Thimmapur,4.9,24.3,33.95,71.2,100.0,0.0,10.0
2019-09-16,Karimnagar,Thimmapur,0.0,25.75,32.8,73.85,100.0,0.0,13.8
2019-09-17,Karimnagar,Thimmapur,0.0,25.7,33.35,74.7,100.0,0.0,9.7
2019-09-18 00:00:00,Karimnagar,Thimmapur,15.4,23.4,33.7,76.7,100.0,0.0,13.6
2019-09-19 00:00:00,Karimnagar,Thimmapur,0.8,23.8,31.1,90.9,100.0,0.0,9.5
2019-09-20 00:00:00,Karimnagar,Thimmapur,4.2,23.6,31.4,92.8,100.0,0.0,6.2
2019-09-21 00:00:00,Karimnagar,Thimmapur,16.8,23.7,31.5,92.0,100.0,0.0,10.2
2019-09-22 00:00:00,Karimnagar,Thimmapur,21.9,24.3,33.1,94.6,100.0,0.0,10.2
2019-09-23 00:00:00,Karimnagar,Thimmapur,0.0,24.5,34.7,70.9,100.0,0.0,10.8
2019-09-24 00:00:00,Karimnagar,Thimmapur,15.6,24.1,33.3,89.6,100.0,0.0,6.1
2019-09-25 00:00:00,Karimnagar,Thimmapur,62.3,22.5,33.4,90.15,100.0,0.0,6.7
2019-09-26 00:00:00,Karimnagar,Thimmapur,1.9,24.5,30.3,98.6,100.0,0.0,9.8
2019-09-27 00:00:00,Karimnagar,Thimmapur,18.9,22.7,29.25,97.9,100.0,0.0,11.2
2019-09-28 00:00:00,Karimnagar,Thimmapur,15.1,23.4,31.8,93.2,100.0,0.0,7.7
2019-09-29 00:00:00,Karimnagar,Thimmapur,19.2,22.4,31.35,97.5,100.0,0.0,13.4
2019-09-30 00:00:00,Karimnagar,Thimmapur,5.7,22.7,33.6,85.1,100.0,0.0,19.2
2019-10-01,Karimnagar,Thimmapur,0.5,23.8,32.15,93.05,100.0,0.0,7.5
2019-10-02,Karimnagar,Thimmapur,23.3,22.8,33.9,83.9,100.0,0.0,7.3
2019-10-03,Karimnagar,Thimmapur,0.0,24.3,34.8,76.0,100.0,0.0,7.5
2019-10-04,Karimnagar,Thimmapur,14.8,23.9,33.8,78.4,100.0,0.0,8.4
2019-10-05,Karimnagar,Thimmapur,0.3,23.7,35.0,63.2,100.0,0.0,3.0
2019-10-06,Karimnagar,Thimmapur,0.0,24.0,34.7,68.8,100.0,0.0,2.2
2019-10-07,Karimnagar,Thimmapur,17.8,22.3,33.6,83.6,100.0,0.0,11.4
2019-10-08,Karimnagar,Thimmapur,0.0,23.8,33.6,74.2,100.0,0.0,5.5
2019-10-09,Karimnagar,Thimmapur,0.0,24.0,33.1,82.0,100.0,0.0,9.6
2019-10-10,Karimnagar,Thimmapur,0.0,23.3,33.5,80.1,100.0,0.0,8.3
2019-10-11,Karimnagar,Thimmapur,24.0,22.6,33.6,81.3,100.0,0.0,13.7
2019-10-12,Karimnagar,Thimmapur,5.1,22.5,33.1,88.1,100.0,0.0,17.6
2019-10-13,Karimnagar,Thimmapur,0.5,23.8,32.8,88.4,100.0,0.0,4.0
2019-10-14,Karimnagar,Thimmapur,0.0,23.9,33.1,84.8,100.0,0.0,4.5
2019-10-15,Karimnagar,Thimmapur,0.0,22.5,32.9,85.4,100.0,0.0,7.1
2019-10-16,Karimnagar,Thimmapur,0.0,23.9,32.7,82.3,100.0,0.0,6.2
2019-10-17,Karimnagar,Thimmapur,0.0,22.3,32.9,83.6,100.0,0.0,4.6
2019-10-18,Karimnagar,Thimmapur,28.3,22.8,33.4,75.4,100.0,0.0,7.8
2019-10-19,Karimnagar,Thimmapur,43.6,22.2,31.1,89.9,100.0,0.0,13.4
2019-10-20,Karimnagar,Thimmapur,43.6,21.8,31.8,92.6,100.0,0.0,3.9
2019-10-21,Karimnagar,Thimmapur,27.3,23.0,30.4,94.8,100.0,0.0,10.4
2019-10-22,Karimnagar,Thimmapur,0.0,22.1,32.4,93.3,100.0,0.0,5.0
2019-10-23,Karimnagar,Thimmapur,0.0,24.2,32.0,87.8,100.0,0.0,5.1
2019-10-24,Karimnagar,Thimmapur,5.6,22.4,32.2,88.4,100.0,0.0,12.0
2019-10-25,Karimnagar,Thimmapur,30.2,22.3,33.0,89.1,100.0,0.0,9.9
2019-10-26,Karimnagar,Thimmapur,12.5,24.1,31.3,85.6,100.0,0.0,4.9
2019-10-27,Karimnagar,Thimmapur,0.0,24.1,32.9,81.4,100.0,0.0,10.0
2019-10-28,Karimnagar,Thimmapur,0.0,23.2,33.3,75.3,100.0,0.0,6.0
2019-10-29,Karimnagar,Thimmapur,13.5,21.6,32.8,76.9,100.0,0.0,10.2
2019-10-30,Karimnagar,Thimmapur,0.0,24.2,32.9,74.0,100.0,0.0,10.0
2019-10-31,Karimnagar,Thimmapur,52.3,21.8,33.7,70.8,100.0,0.0,15.2
2019-11-01,Karimnagar,Thimmapur,0.0,24.0,29.9,93.9,100.0,0.0,6.9
2019-11-02,Karimnagar,Thimmapur,0.0,23.0,32.2,84.3,100.0,0.0,10.0
2019-11-03,Karimnagar,Thimmapur,1.2,22.1,33.3,80.3,100.0,0.0,14.6
2019-11-04,Karimnagar,Thimmapur,0.0,21.9,32.2,85.3,100.0,0.0,7.3
2019-11-05,Karimnagar,Thimmapur,0.0,21.5,32.7,72.7,100.0,0.0,4.8
2019-11-06,Karimnagar,Thimmapur,0.0,22.3,32.4,70.7,100.0,0.0,6.7
2019-11-07,Karimnagar,Thimmapur,0.0,21.6,33.3,67.4,100.0,0.0,3.8
2019-11-08,Karimnagar,Thimmapur,0.0,21.6,33.3,59.4,100.0,0.0,3.0
2019-11-09,Karimnagar,Thimmapur,0.0,20.4,32.4,65.3,100.0,0.0,3.9
2019-11-10,Karimnagar,Thimmapur,0.0,19.3,31.4,62.2,100.0,0.0,5.8
2019-11-11,Karimnagar,Thimmapur,0.0,20.3,31.3,56.6,100.0,0.0,10.1
2019-11-12,Karimnagar,Thimmapur,0.0,19.7,31.3,59.9,100.0,0.0,6.9
2019-11-13,Karimnagar,Thimmapur,0.0,17.6,31.3,49.5,100.0,0.0,8.9
2019-11-14,Karimnagar,Thimmapur,0.0,19.4,31.0,52.2,100.0,0.0,7.3
2019-11-15,Karimnagar,Thimmapur,0.0,19.6,30.8,55.7,100.0,0.0,2.5
2019-11-16,Karimnagar,Thimmapur,0.0,19.4,31.8,51.2,100.0,0.0,5.9
2019-11-17,Karimnagar,Thimmapur,0.0,19.4,33.0,50.5,100.0,0.0,7.1
2019-11-18,Karimnagar,Thimmapur,0.0,17.8,32.4,48.6,100.0,0.0,9.6
2019-11-19,Karimnagar,Thimmapur,0.0,19.2,31.3,51.6,100.0,0.0,10.1
2019-11-20,Karimnagar,Thimmapur,0.0,19.2,33.2,49.0,100.0,0.0,3.3
2019-11-21,Karimnagar,Thimmapur,0.0,20.0,30.9,60.8,100.0,0.0,5.4
2019-11-22,Karimnagar,Thimmapur,0.0,20.1,31.1,63.4,100.0,0.0,4.6
2019-11-23,Karimnagar,Thimmapur,0.0,17.1,31.8,50.7,100.0,0.0,5.1
2019-11-24,Karimnagar,Thimmapur,0.0,16.8,31.1,48.0,100.0,0.0,7.5
2019-11-25,Karimnagar,Thimmapur,0.0,16.9,30.7,50.9,100.0,0.0,5.8
2019-11-26,Karimnagar,Thimmapur,0.0,17.8,30.4,59.0,100.0,0.0,10.4
2019-11-27,Karimnagar,Thimmapur,0.0,17.3,31.0,56.1,100.0,0.0,8.6
2019-11-28,Karimnagar,Thimmapur,0.0,17.3,31.2,49.8,100.0,0.0,6.5
2019-11-29,Karimnagar,Thimmapur,0.0,19.6,32.3,58.7,100.0,0.0,7.1
2019-11-30,Karimnagar,Thimmapur,0.0,18.7,31.0,63.3,100.0,0.0,5.3
2019-12-01,Karimnagar,Thimmapur,0.0,19.6,31.4,53.1,100.0,0.0,7.5
2019-12-02,Karimnagar,Thimmapur,0.0,22.2,31.3,60.6,99.2,0.0,7.4
2019-12-03,Karimnagar,Thimmapur,1.6,21.4,27.5,86.5,100.0,0.0,8.8
2019-12-04,Karimnagar,Thimmapur,0.0,19.05,30.8,67.75,99.95,0.0,6.8
2019-12-05,Karimnagar,Thimmapur,0.0,17.2,30.55,51.5,99.95,0.0,12.9
2019-12-06,Karimnagar,Thimmapur,0.0,16.9,30.65,54.25,99.95,0.0,9.6
2019-12-07,Karimnagar,Thimmapur,0.0,16.25,29.1,50.45,99.95,0.0,5.5
2019-12-08,Karimnagar,Thimmapur,0.0,16.8,29.0,46.9,99.95,0.0,6.7
2019-12-09,Karimnagar,Thimmapur,0.0,18.75,30.4,54.5,99.95,0.0,7.3
2019-12-10,Karimnagar,Thimmapur,0.0,19.3,30.7,56.25,99.95,0.0,6.6
2019-12-11,Karimnagar,Thimmapur,0.0,16.8,31.3,46.85,99.95,0.0,4.1
2019-12-12,Karimnagar,Thimmapur,0.0,17.25,30.65,48.4,99.95,0.0,3.4
2019-12-13,Karimnagar,Thimmapur,0.0,18.8,30.35,45.45,99.95,0.0,10.2
2019-12-14,Karimnagar,Thimmapur,0.0,19.3,31.05,47.25,99.95,0.0,10.3
2019-12-15,Karimnagar,Thimmapur,0.0,19.0,30.8,54.95,99.95,0.0,9.4
2019-12-16,Karimnagar,Thimmapur,0.0,17.15,30.4,45.9,99.95,0.0,14.1
2019-12-17,Karimnagar,Thimmapur,0.0,16.8,30.25,50.35,99.95,0.0,11.0
2019-12-18,Karimnagar,Thimmapur,0.0,17.4,30.2,56.3,99.95,0.0,8.1
2019-12-19,Karimnagar,Thimmapur,0.0,16.75,29.75,54.35,99.95,0.0,4.1
2019-12-20,Karimnagar,Thimmapur,0.0,16.2,30.25,53.25,99.95,0.0,9.4
2019-12-21,Karimnagar,Thimmapur,0.0,16.9,30.75,44.95,99.95,0.0,5.9
2019-12-22,Karimnagar,Thimmapur,0.0,16.95,28.75,47.1,99.95,0.0,5.8
2019-12-23,Karimnagar,Thimmapur,0.0,16.2,30.3,46.95,99.95,0.0,11.4
2019-12-24,Karimnagar,Thimmapur,0.0,17.05,28.4,60.0,99.95,0.0,9.5
2019-12-25,Karimnagar,Thimmapur,0.0,18.3,29.25,55.4,99.95,0.0,9.7
2019-12-26,Karimnagar,Thimmapur,0.0,19.9,30.15,50.0,99.85,0.0,14.5
2019-12-27,Karimnagar,Thimmapur,0.0,20.0,27.95,75.85,99.95,0.0,6.7
2019-12-28,Karimnagar,Thimmapur,0.0,17.2,27.65,69.45,99.95,0.0,9.2
2019-12-29,Karimnagar,Thimmapur,0.0,13.9,27.05,46.65,86.8,0.0,8.4
2019-12-30,Karimnagar,Thimmapur,0.0,15.45,27.35,38.9,95.75,0.0,9.7
2019-12-31,Karimnagar,Thimmapur,0.0,19.75,27.8,54.5,97.25,0.0,8.9
