Date,District,Mandal,Rainfall (mm),temp_min (⁰C),temp_max (⁰C),humidity_min (%),Humidity_max (%),wind_speed_min (Kmph),wind_speed_max (Kmph)
2019-01-01,Karimnagar,Veenavanka,0.0,12.3,27.4,21.1,82.9,0.0,8.8
2019-01-02,Karimnagar,Veenavanka,0.0,11.9,34.8,19.3,96.3,0.0,8.8
2019-01-03,Karimnagar,Veenavanka,0.0,14.3,37.0,16.9,96.3,0.0,6.2
2019-01-04,Karimnagar,Veenavanka,0.0,14.5,35.8,17.0,90.0,0.0,6.5
2019-01-05,Karimnagar,Veenavanka,0.0,16.6,36.1,17.8,94.9,0.0,9.3
2019-01-06,Karimnagar,Veenavanka,0.0,15.9,30.1,19.4,96.3,0.0,13.5
2019-01-07,Karimnagar,Veenavanka,0.0,16.1,28.8,47.3,94.7,0.0,14.3
2019-01-08,Karimnagar,Veenavanka,0.0,16.4,32.9,28.9,96.3,0.0,4.6
2019-01-09,Karimnagar,Veenavanka,0.0,14.1,37.0,18.0,96.3,0.0,5.0
2019-01-10,Karimnagar,Veenavanka,0.0,14.1,29.3,22.0,84.5,0.0,6.4
2019-01-11,Karimnagar,Veenavanka,0.0,16.8,35.2,16.4,96.3,0.0,5.6
2019-01-12,Karimnagar,Veenavanka,0.0,17.7,32.4,21.3,96.3,0.0,15.7
2019-01-13,Karimnagar,Veenavanka,0.0,19.8,29.3,47.7,96.3,0.0,15.4
2019-01-14,Karimnagar,Veenavanka,0.0,17.1,34.5,29.5,96.3,0.0,12.8
2019-01-15,Karimnagar,Veenavanka,0.0,17.5,36.0,27.6,92.5,0.0,10.6
2019-01-16,Karimnagar,Veenavanka,0.0,16.3,33.4,29.7,91.5,0.0,7.9
2019-01-17,Karimnagar,Veenavanka,0.0,13.8,31.8,17.4,83.5,0.0,4.8
2019-01-18,Karimnagar,Veenavanka,0.0,15.3,32.0,18.1,95.5,0.0,8.3
2019-01-19,Karimnagar,Veenavanka,0.0,14.5,31.4,58.1,96.4,0.0,11.5
2019-01-20,Karimnagar,Veenavanka,0.0,14.1,32.5,34.6,90.2,0.0,5.4
2019-01-21,Karimnagar,Veenavanka,0.0,14.4,33.6,24.7,91.7,0.0,4.8
2019-01-22,Karimnagar,Veenavanka,0.0,16.7,32.8,31.6,96.7,0.0,10.6
2019-01-23,Karimnagar,Veenavanka,0.0,17.1,32.0,39.9,97.5,0.0,17.6
2019-01-24,Karimnagar,Veenavanka,0.0,18.0,31.8,46.4,97.5,0.0,9.4
2019-01-25,Karimnagar,Veenavanka,0.0,20.7,31.1,51.9,89.8,0.0,14.6
2019-01-26,Karimnagar,Veenavanka,0.0,22.3,30.8,54.3,89.4,0.0,15.8
2019-01-27,Karimnagar,Veenavanka,33.8,19.3,26.9,74.2,99.6,0.0,9.9
2019-01-28,Karimnagar,Veenavanka,4.0,19.4,22.4,86.6,98.5,0.0,2.9
2019-01-29,Karimnagar,Veenavanka,2.0,15.9,26.4,62.9,96.5,0.0,6.5
2019-01-30,Karimnagar,Veenavanka,0.0,12.5,26.8,58.3,93.4,0.0,8.6
2019-01-31,Karimnagar,Veenavanka,0.0,13.9,29.1,33.5,86.7,0.0,5.6
2019-02-01,Karimnagar,Veenavanka,0.0,18.1,30.6,46.2,98.0,0.0,11.6
2019-02-02,Karimnagar,Veenavanka,0.0,16.9,31.2,44.8,95.6,0.0,11.8
2019-02-03,Karimnagar,Veenavanka,0.0,17.4,31.9,40.5,96.1,0.0,11.1
2019-02-04,Karimnagar,Veenavanka,0.0,18.1,32.6,43.5,87.8,0.0,9.6
2019-02-05,Karimnagar,Veenavanka,0.0,17.7,32.7,34.6,93.8,0.0,11.6
2019-02-06,Karimnagar,Veenavanka,0.0,17.8,32.6,41.3,96.1,0.0,4.8
2019-02-07,Karimnagar,Veenavanka,0.0,18.8,33.7,34.9,85.4,0.0,14.5
2019-02-08,Karimnagar,Veenavanka,0.0,20.9,33.7,33.3,89.8,0.0,20.2
2019-02-09,Karimnagar,Veenavanka,0.0,15.8,31.0,58.4,98.8,0.0,7.5
2019-02-10,Karimnagar,Veenavanka,0.0,14.2,30.3,28.6,75.2,0.0,6.6
2019-02-11,Karimnagar,Veenavanka,0.0,16.6,32.1,33.6,83.1,0.0,5.1
2019-02-12,Karimnagar,Veenavanka,0.0,20.1,32.8,49.1,96.7,0.0,14.4
2019-02-13,Karimnagar,Veenavanka,0.0,19.6,34.3,38.5,95.3,0.0,11.1
2019-02-14,Karimnagar,Veenavanka,0.0,18.1,34.6,34.3,98.8,0.0,13.6
2019-02-15,Karimnagar,Veenavanka,0.0,18.6,33.1,36.1,92.1,2.9,10.6
2019-02-16,Karimnagar,Veenavanka,0.0,20.0,35.5,30.9,98.5,0.0,4.9
2019-02-17,Karimnagar,Veenavanka,0.0,22.3,34.4,70.7,98.0,0.0,0.1
2019-02-18,Karimnagar,Veenavanka,0.0,20.0,32.3,73.9,99.2,0.0,4.6
2019-02-19,Karimnagar,Veenavanka,0.0,20.0,34.5,50.8,98.1,0.0,2.7
2019-02-20,Karimnagar,Veenavanka,0.0,22.8,36.1,45.9,93.4,0.0,5.3
2019-02-21,Karimnagar,Veenavanka,0.0,20.3,35.0,60.7,93.7,0.0,1.7
2019-02-22,Karimnagar,Veenavanka,0.0,21.1,35.9,39.0,72.7,6.1,7.1
2019-02-23,Karimnagar,Veenavanka,0.0,20.7,35.9,34.4,55.3,0.0,5.8
2019-02-24,Karimnagar,Veenavanka,0.0,20.1,37.2,30.2,64.4,0.1,5.9
2019-02-25,Karimnagar,Veenavanka,0.0,19.9,36.0,27.5,50.5,1.4,11.9
2019-02-26,Karimnagar,Veenavanka,0.0,19.7,36.5,26.2,58.1,1.0,6.0
2019-02-27,Karimnagar,Veenavanka,0.0,22.3,32.4,45.7,72.3,0.1,5.4
2019-02-28,Karimnagar,Veenavanka,0.0,20.4,32.4,47.1,79.3,1.6,9.6
2019-03-01,Karimnagar,Veenavanka,0.0,19.3,32.9,30.1,74.2,0.0,6.5
2019-03-02,Karimnagar,Veenavanka,0.0,22.3,32.5,49.0,80.1,0.4,12.4
2019-03-03,Karimnagar,Veenavanka,0.0,22.7,32.6,50.9,77.8,0.9,17.9
2019-03-04,Karimnagar,Veenavanka,0.0,21.9,33.0,48.1,74.4,4.1,16.3
2019-03-05,Karimnagar,Veenavanka,0.0,21.6,36.5,40.8,76.3,0.0,14.1
2019-03-06,Karimnagar,Veenavanka,0.0,16.0,34.7,36.5,77.0,0.6,9.3
2019-03-07,Karimnagar,Veenavanka,0.0,17.0,33.7,26.6,48.1,2.1,10.9
2019-03-08,Karimnagar,Veenavanka,0.0,17.5,35.0,26.6,51.3,0.1,8.8
2019-03-09,Karimnagar,Veenavanka,0.0,20.5,36.5,29.3,60.4,0.7,4.6
2019-03-10,Karimnagar,Veenavanka,0.0,22.2,34.5,40.1,80.8,4.0,10.5
2019-03-11,Karimnagar,Veenavanka,0.0,21.6,35.6,39.9,80.2,4.3,11.4
2019-03-12,Karimnagar,Veenavanka,0.0,23.7,35.5,37.4,74.8,1.5,15.5
2019-03-13,Karimnagar,Veenavanka,0.0,22.3,35.9,33.3,78.7,0.6,8.4
2019-03-14,Karimnagar,Veenavanka,0.0,20.6,35.8,26.6,69.8,2.5,18.2
2019-03-15,Karimnagar,Veenavanka,0.0,20.1,37.7,26.3,66.0,0.0,15.0
2019-03-16,Karimnagar,Veenavanka,0.0,19.3,36.6,24.4,58.8,0.8,18.0
2019-03-17,Karimnagar,Veenavanka,0.0,21.4,35.5,26.2,85.9,3.4,13.2
2019-03-18,Karimnagar,Veenavanka,0.0,19.7,35.1,35.5,78.5,1.2,14.4
2019-03-19,Karimnagar,Veenavanka,0.0,20.9,32.9,41.0,74.3,3.8,19.3
2019-03-20,Karimnagar,Veenavanka,0.0,23.0,35.3,43.1,81.4,2.5,13.7
2019-03-21,Karimnagar,Veenavanka,0.0,23.2,34.2,44.2,77.1,5.3,15.8
2019-03-22,Karimnagar,Veenavanka,0.0,21.6,35.1,37.5,78.0,2.2,17.8
2019-03-23,Karimnagar,Veenavanka,0.0,22.5,36.5,40.3,75.4,0.9,15.3
2019-03-24,Karimnagar,Veenavanka,0.0,23.0,36.7,40.4,66.8,0.0,8.9
2019-03-25,Karimnagar,Veenavanka,0.0,22.4,37.7,32.4,75.9,0.0,8.5
2019-03-26,Karimnagar,Veenavanka,0.0,22.6,37.6,38.0,65.6,2.5,11.8
2019-03-27,Karimnagar,Veenavanka,0.0,22.3,37.2,36.7,76.1,3.7,14.7
2019-03-28,Karimnagar,Veenavanka,0.0,23.5,37.5,30.6,65.1,3.1,10.1
2019-03-29,Karimnagar,Veenavanka,0.0,22.6,40.0,28.0,60.9,0.0,6.5
2019-03-30,Karimnagar,Veenavanka,0.0,23.5,39.2,23.3,73.2,0.0,10.3
2019-03-31,Karimnagar,Veenavanka,0.0,23.8,37.8,31.3,77.5,3.8,12.6
2019-04-01,Karimnagar,Veenavanka,0.0,24.7,41.8,20.1,73.8,0.0,8.8
2019-04-02,Karimnagar,Veenavanka,0.0,23.8,40.2,17.6,56.5,0.0,8.4
2019-04-03,Karimnagar,Veenavanka,0.0,22.6,37.7,26.6,85.2,2.3,14.3
2019-04-04,Karimnagar,Veenavanka,0.0,23.7,37.4,37.3,75.0,3.7,12.1
2019-04-05,Karimnagar,Veenavanka,0.0,23.9,36.7,35.3,74.3,2.4,13.9
2019-04-06,Karimnagar,Veenavanka,0.0,23.6,37.9,27.3,67.8,0.1,6.9
2019-04-07,Karimnagar,Veenavanka,0.0,23.0,40.3,24.6,66.0,0.9,9.5
2019-04-08,Karimnagar,Veenavanka,0.0,24.0,39.6,26.9,77.4,0.9,9.0
2019-04-09,Karimnagar,Veenavanka,0.0,25.3,37.7,35.4,74.7,1.4,15.1
2019-04-10,Karimnagar,Veenavanka,0.0,25.4,37.9,41.6,73.4,0.6,14.6
2019-04-11,Karimnagar,Veenavanka,0.0,24.1,38.7,33.8,72.2,1.2,15.6
2019-04-12,Karimnagar,Veenavanka,0.0,26.3,42.2,17.6,68.0,0.4,8.5
2019-04-13,Karimnagar,Veenavanka,0.0,23.1,39.5,26.9,47.7,5.6,15.3
2019-04-14,Karimnagar,Veenavanka,0.0,24.6,40.3,23.9,50.7,1.3,6.4
2019-04-15,Karimnagar,Veenavanka,0.0,24.2,40.9,20.7,47.4,0.1,7.6
2019-04-16,Karimnagar,Veenavanka,0.0,23.8,40.8,20.8,45.5,0.0,3.5
2019-04-17,Karimnagar,Veenavanka,0.0,23.3,39.2,20.3,40.4,0.6,11.4
2019-04-18,Karimnagar,Veenavanka,4.0,21.9,37.6,29.8,80.4,1.3,12.2
2019-04-19,Karimnagar,Veenavanka,0.0,24.3,38.4,36.2,81.2,1.1,6.9
2019-04-20,Karimnagar,Veenavanka,4.0,23.1,38.0,37.2,70.3,3.8,8.4
2019-04-21,Karimnagar,Veenavanka,0.0,24.7,37.9,41.5,77.8,2.1,15.8
2019-04-22,Karimnagar,Veenavanka,1.3,23.7,38.0,39.7,63.8,0.0,12.1
2019-04-23,Karimnagar,Veenavanka,0.0,23.8,38.9,25.4,52.2,0.0,19.6
2019-04-24,Karimnagar,Veenavanka,0.0,22.6,41.6,20.1,58.6,0.6,4.2
2019-04-25,Karimnagar,Veenavanka,0.0,26.3,40.7,20.6,46.8,1.2,9.6
2019-04-26,Karimnagar,Veenavanka,0.0,25.2,43.0,21.7,62.0,0.0,5.6
2019-04-27,Karimnagar,Veenavanka,0.0,26.9,41.8,22.3,45.5,1.2,7.5
2019-04-28,Karimnagar,Veenavanka,0.0,26.9,42.2,20.1,52.0,0.0,8.8
2019-04-29,Karimnagar,Veenavanka,0.0,27.0,40.5,26.2,48.3,8.7,11.4
2019-04-30,Karimnagar,Veenavanka,0.0,27.2,42.4,18.5,68.8,3.9,12.7
2019-05-01,Karimnagar,Veenavanka,0.0,29.0,42.5,24.7,58.2,1.0,12.1
2019-05-02,Karimnagar,Veenavanka,0.0,28.0,41.1,26.9,49.1,0.0,7.7
2019-05-03,Karimnagar,Veenavanka,0.0,26.4,44.1,15.0,65.5,0.0,9.4
2019-05-04,Karimnagar,Veenavanka,0.0,25.8,41.6,11.1,34.6,0.0,8.6
2019-05-05,Karimnagar,Veenavanka,0.0,27.0,42.0,14.1,26.6,4.6,13.4
2019-05-06,Karimnagar,Veenavanka,0.0,26.9,43.1,12.7,23.6,1.3,14.1
2019-05-07,Karimnagar,Veenavanka,0.0,29.6,43.8,12.0,52.6,0.0,6.0
2019-05-08,Karimnagar,Veenavanka,0.0,28.8,43.8,15.1,61.5,0.0,3.4
2019-05-09,Karimnagar,Veenavanka,0.0,26.1,43.3,15.0,45.1,0.3,8.6
2019-05-10,Karimnagar,Veenavanka,0.0,25.6,43.6,12.7,46.8,0.0,8.1
2019-05-11,Karimnagar,Veenavanka,0.0,26.9,43.2,14.2,56.5,0.0,9.6
2019-05-12,Karimnagar,Veenavanka,4.5,25.6,40.8,30.4,78.6,0.0,14.9
2019-05-13,Karimnagar,Veenavanka,0.0,27.6,41.4,26.1,78.6,0.0,11.1
2019-05-14,Karimnagar,Veenavanka,19.8,23.4,40.7,25.2,84.1,0.0,13.8
2019-05-15,Karimnagar,Veenavanka,0.0,28.2,40.2,26.9,82.8,0.0,9.1
2019-05-16,Karimnagar,Veenavanka,0.0,27.3,40.0,26.5,77.8,0.0,13.7
2019-05-17,Karimnagar,Veenavanka,0.0,27.3,41.6,23.8,81.4,0.0,13.2
2019-05-18,Karimnagar,Veenavanka,0.0,27.0,42.7,17.7,73.9,0.0,7.2
2019-05-19,Karimnagar,Veenavanka,0.0,27.9,43.1,16.3,75.6,0.0,11.2
2019-05-20,Karimnagar,Veenavanka,0.0,27.5,43.2,19.8,63.8,0.0,18.6
2019-05-21,Karimnagar,Veenavanka,0.0,28.5,43.3,19.8,68.1,0.1,13.6
2019-05-22,Karimnagar,Veenavanka,0.0,29.4,41.2,25.7,63.2,0.0,15.3
2019-05-23,Karimnagar,Veenavanka,0.0,29.7,43.4,22.5,65.1,0.0,15.3
2019-05-24,Karimnagar,Veenavanka,0.8,28.1,41.9,27.0,77.9,0.1,17.7
2019-05-25,Karimnagar,Veenavanka,0.0,30.0,43.3,24.0,69.9,0.0,14.3
2019-05-26,Karimnagar,Veenavanka,0.0,31.2,44.0,21.0,64.9,0.0,11.2
2019-05-27,Karimnagar,Veenavanka,0.0,31.7,44.8,18.2,68.8,0.0,15.1
2019-05-28,Karimnagar,Veenavanka,0.0,30.8,45.6,14.8,68.6,0.0,15.7
2019-05-29,Karimnagar,Veenavanka,0.0,31.5,44.7,20.8,66.8,0.0,14.3
2019-05-30,Karimnagar,Veenavanka,0.0,28.5,44.2,23.7,58.1,0.0,19.5
2019-05-31,Karimnagar,Veenavanka,0.0,27.5,39.5,32.2,74.2,0.9,17.3
2019-06-01,Karimnagar,Veenavanka,0.0,25.3,41.8,26.8,82.6,0.9,16.0
2019-06-02,Karimnagar,Veenavanka,0.0,25.2,38.0,37.7,90.3,0.0,9.3
2019-06-03,Karimnagar,Veenavanka,0.0,30.2,43.8,24.4,60.3,0.0,17.8
2019-06-04,Karimnagar,Veenavanka,0.0,25.5,42.1,29.9,70.6,0.0,20.9
2019-06-05,Karimnagar,Veenavanka,0.0,31.2,40.6,30.7,67.0,0.0,15.3
2019-06-06,Karimnagar,Veenavanka,0.0,31.3,42.7,26.0,61.5,0.0,18.9
2019-06-07,Karimnagar,Veenavanka,0.0,27.5,44.1,22.9,58.8,0.1,21.8
2019-06-08,Karimnagar,Veenavanka,0.0,26.3,42.0,26.3,78.7,0.1,11.0
2019-06-09,Karimnagar,Veenavanka,0.0,28.6,37.8,37.0,71.3,0.0,14.0
2019-06-10,Karimnagar,Veenavanka,0.0,31.3,41.7,27.0,53.3,0.0,17.2
2019-06-11,Karimnagar,Veenavanka,0.0,29.1,42.6,26.7,71.8,0.0,18.6
2019-06-12,Karimnagar,Veenavanka,0.0,32.1,41.6,27.9,50.3,1.3,17.1
2019-06-13,Karimnagar,Veenavanka,0.0,29.7,41.1,28.0,56.2,4.2,20.5
2019-06-14,Karimnagar,Veenavanka,0.0,30.1,40.6,28.2,57.9,4.0,18.6
2019-06-15,Karimnagar,Veenavanka,0.0,31.3,40.0,30.8,50.4,3.9,21.3
2019-06-16,Karimnagar,Veenavanka,0.0,32.6,40.9,25.7,47.3,2.7,19.1
2019-06-17,Karimnagar,Veenavanka,0.0,30.3,39.8,27.1,58.2,0.0,16.3
2019-06-18,Karimnagar,Veenavanka,0.0,28.4,37.8,35.8,64.4,0.0,17.7
2019-06-19,Karimnagar,Veenavanka,0.0,31.5,38.5,29.6,48.6,0.0,16.9
2019-06-20,Karimnagar,Veenavanka,0.0,30.6,39.9,28.3,60.1,0.0,19.6
2019-06-21,Karimnagar,Veenavanka,36.7,24.5,39.4,35.8,94.3,0.4,21.1
2019-06-22,Karimnagar,Veenavanka,0.0,26.4,34.2,59.5,84.1,0.0,12.8
2019-06-23,Karimnagar,Veenavanka,2.8,25.3,34.2,54.7,90.7,0.0,16.1
2019-06-24,Karimnagar,Veenavanka,0.0,25.8,33.2,60.4,90.7,0.0,13.9
2019-06-25,Karimnagar,Veenavanka,0.0,28.1,37.5,64.8,71.7,2.2,5.5
2019-06-26,Karimnagar,Veenavanka,0.0,27.8,37.1,42.5,83.7,0.0,10.8
2019-06-27,Karimnagar,Veenavanka,0.0,28.4,37.9,42.4,74.6,0.0,15.2
2019-06-28,Karimnagar,Veenavanka,3.7,26.6,37.8,42.1,89.9,0.0,23.4
2019-06-29,Karimnagar,Veenavanka,0.4,24.9,35.5,49.4,90.8,0.0,18.0
2019-06-30,Karimnagar,Veenavanka,0.4,24.7,31.2,64.2,90.5,0.0,19.9
2019-07-01,Karimnagar,Veenavanka,24.8,24.3,29.7,65.2,94.1,0.0,20.6
2019-07-02,Karimnagar,Veenavanka,0.0,26.0,30.6,68.5,88.3,0.0,15.3
2019-07-03,Karimnagar,Veenavanka,22.2,23.3,30.6,69.6,93.8,0.0,16.2
2019-07-04,Karimnagar,Veenavanka,0.0,26.3,31.0,66.5,88.0,0.0,26.2
2019-07-05,Karimnagar,Veenavanka,0.0,27.2,33.8,53.1,77.8,3.2,23.4
2019-07-06,Karimnagar,Veenavanka,13.9,24.5,33.3,56.3,95.0,0.0,16.0
2019-07-07,Karimnagar,Veenavanka,0.7,25.8,31.8,59.0,86.7,0.0,15.3
2019-07-08,Karimnagar,Veenavanka,10.9,24.3,33.6,57.2,92.6,0.0,22.6
2019-07-09,Karimnagar,Veenavanka,0.0,24.9,33.9,53.7,88.3,0.0,17.4
2019-07-10,Karimnagar,Veenavanka,2.4,24.7,34.1,58.1,93.7,0.0,13.9
2019-07-11,Karimnagar,Veenavanka,8.9,25.1,33.9,59.1,91.6,0.0,20.4
2019-07-12,Karimnagar,Veenavanka,4.9,24.6,34.2,58.7,93.3,0.0,25.2
2019-07-13,Karimnagar,Veenavanka,0.0,27.0,33.7,57.8,85.8,0.0,15.1
2019-07-14,Karimnagar,Veenavanka,0.0,26.4,35.8,52.9,86.5,0.0,15.3
2019-07-15,Karimnagar,Veenavanka,0.0,25.9,34.6,49.3,84.3,0.0,14.9
2019-07-16,Karimnagar,Veenavanka,0.0,26.1,35.3,47.0,80.5,0.0,15.2
2019-07-17,Karimnagar,Veenavanka,0.0,26.8,36.6,43.8,82.9,0.0,17.1
2019-07-18,Karimnagar,Veenavanka,0.0,27.2,37.8,40.0,75.6,0.0,15.3
2019-07-19,Karimnagar,Veenavanka,0.0,24.6,38.2,39.1,86.8,0.0,17.7
2019-07-20,Karimnagar,Veenavanka,40.8,24.0,36.7,45.1,94.7,0.0,13.8
2019-07-21,Karimnagar,Veenavanka,0.3,26.0,33.0,66.0,93.3,0.0,16.9
2019-07-22,Karimnagar,Veenavanka,0.0,26.1,34.3,55.8,89.7,2.8,14.8
2019-07-23,Karimnagar,Veenavanka,0.0,24.9,35.9,55.4,91.4,0.0,14.5
2019-07-24,Karimnagar,Veenavanka,0.0,25.4,35.2,56.5,90.0,0.0,12.7
2019-07-25,Karimnagar,Veenavanka,0.0,27.0,35.0,55.4,88.6,0.0,14.9
2019-07-26,Karimnagar,Veenavanka,63.3,24.0,34.0,57.6,94.7,0.0,20.6
2019-07-27,Karimnagar,Veenavanka,27.7,23.6,27.8,77.5,94.9,0.0,20.0
2019-07-28,Karimnagar,Veenavanka,20.8,22.4,27.9,79.6,94.6,0.0,14.9
2019-07-29,Karimnagar,Veenavanka,35.8,23.7,27.4,80.5,94.7,0.0,18.9
2019-07-30,Karimnagar,Veenavanka,38.2,23.2,25.2,86.3,94.8,1.8,12.0
2019-07-31,Karimnagar,Veenavanka,0.3,24.0,27.4,78.8,89.3,0.0,18.3
2019-08-01,Karimnagar,Veenavanka,6.0,24.8,31.7,63.7,88.5,0.4,18.5
2019-08-02,Karimnagar,Veenavanka,66.3,23.5,29.4,74.5,94.4,0.0,19.8
2019-08-03,Karimnagar,Veenavanka,28.0,23.9,25.4,85.0,94.8,3.4,21.2
2019-08-04,Karimnagar,Veenavanka,4.6,23.8,27.5,79.6,92.3,4.3,17.8
2019-08-05,Karimnagar,Veenavanka,1.0,24.9,31.3,71.1,91.2,4.6,16.3
2019-08-06,Karimnagar,Veenavanka,5.7,24.2,31.3,69.8,93.2,6.3,24.9
2019-08-07,Karimnagar,Veenavanka,39.2,23.6,27.4,82.3,94.3,4.4,22.6
2019-08-08,Karimnagar,Veenavanka,24.5,23.9,26.2,86.5,94.6,0.9,17.0
2019-08-09,Karimnagar,Veenavanka,5.7,24.4,28.5,80.2,92.8,0.0,17.5
2019-08-10,Karimnagar,Veenavanka,0.0,24.8,30.7,69.2,88.1,0.0,13.3
2019-08-11,Karimnagar,Veenavanka,0.0,25.4,32.8,65.1,86.8,0.0,15.1
2019-08-12,Karimnagar,Veenavanka,1.2,24.8,32.8,62.4,93.0,0.0,17.9
2019-08-13,Karimnagar,Veenavanka,8.6,24.6,31.0,70.4,93.7,0.0,15.0
2019-08-14,Karimnagar,Veenavanka,0.0,25.1,28.9,78.0,94.1,0.0,12.9
2019-08-15,Karimnagar,Veenavanka,0.9,24.5,30.3,72.4,94.6,0.0,14.5
2019-08-16,Karimnagar,Veenavanka,0.0,25.6,31.9,68.4,93.4,0.0,14.5
2019-08-17,Karimnagar,Veenavanka,0.0,26.4,33.0,62.3,94.0,0.0,13.9
2019-08-18,Karimnagar,Veenavanka,0.0,25.9,31.6,68.2,94.8,0.0,11.0
2019-08-19,Karimnagar,Veenavanka,48.2,22.7,28.3,83.5,96.1,0.0,5.7
2019-08-20,Karimnagar,Veenavanka,0.0,24.9,34.8,62.6,94.1,0.0,7.5
2019-08-21,Karimnagar,Veenavanka,0.0,25.5,31.5,71.5,94.4,0.0,9.6
2019-08-22,Karimnagar,Veenavanka,0.0,24.3,32.5,74.0,94.3,0.0,15.0
2019-08-23,Karimnagar,Veenavanka,5.8,23.4,30.6,75.6,94.9,0.0,9.7
2019-08-24,Karimnagar,Veenavanka,0.0,24.9,27.6,87.2,94.3,0.0,13.4
2019-08-25,Karimnagar,Veenavanka,0.7,24.8,30.5,68.3,94.0,0.0,13.5
2019-08-26,Karimnagar,Veenavanka,1.5,25.0,31.7,68.7,93.9,0.0,15.3
2019-08-27,Karimnagar,Veenavanka,0.5,23.8,31.5,62.7,93.9,0.0,16.3
2019-08-28,Karimnagar,Veenavanka,0.0,24.9,32.6,57.1,94.6,0.0,14.6
2019-08-29,Karimnagar,Veenavanka,0.0,25.1,32.7,59.4,95.3,0.0,11.7
2019-08-30,Karimnagar,Veenavanka,0.0,25.4,34.3,58.3,92.7,0.0,13.1
2019-08-31,Karimnagar,Veenavanka,37.0,23.4,33.4,66.6,96.1,0.0,13.3
2019-09-01,Karimnagar,Veenavanka,13.9,22.4,30.9,74.0,95.2,0.0,15.2
2019-09-02,Karimnagar,Veenavanka,0.0,23.3,30.2,74.3,92.2,0.0,20.7
2019-09-03,Karimnagar,Veenavanka,12.0,23.4,27.3,82.9,95.4,0.0,15.4
2019-09-04,Karimnagar,Veenavanka,0.0,24.6,28.2,84.3,92.0,0.0,12.7
2019-09-05,Karimnagar,Veenavanka,0.0,24.3,29.8,79.6,95.8,0.0,15.7
2019-09-06,Karimnagar,Veenavanka,1.2,24.5,31.4,71.0,91.1,0.0,15.4
2019-09-07,Karimnagar,Veenavanka,2.0,24.2,29.1,79.2,92.0,0.0,20.9
2019-09-08,Karimnagar,Veenavanka,0.0,25.4,28.4,81.5,93.0,0.0,15.2
2019-09-09,Karimnagar,Veenavanka,15.8,22.4,30.4,75.5,95.8,0.0,19.2
2019-09-11,Karimnagar,Veenavanka,0.0,24.7,33.5,66.0,92.8,0.0,14.9
2019-09-12,Karimnagar,Veenavanka,0.3,24.5,31.7,67.0,94.6,0.0,17.2
2019-09-13,Karimnagar,Veenavanka,0.8,24.5,28.4,79.4,94.0,0.0,15.0
2019-09-14,Karimnagar,Veenavanka,2.6,23.7,31.2,73.0,95.0,0.0,14.7
2019-09-15,Karimnagar,Veenavanka,0.0,24.1,32.5,65.0,94.2,0.0,10.8
2019-09-16,Karimnagar,Veenavanka,0.7,25.1,32.2,68.9,95.3,0.0,8.6
2019-09-17,Karimnagar,Veenavanka,0.3,25.2,32.4,72.0,95.5,0.0,10.6
2019-09-18 00:00:00,Karimnagar,Veenavanka,27.8,22.9,33.3,69.0,96.2,0.0,9.3
2019-09-19 00:00:00,Karimnagar,Veenavanka,5.0,23.8,31.6,72.4,96.1,0.0,5.5
2019-09-20 00:00:00,Karimnagar,Veenavanka,2.5,24.0,30.3,77.6,96.1,0.0,9.0
2019-09-21 00:00:00,Karimnagar,Veenavanka,7.8,24.6,31.6,74.0,95.4,0.0,9.0
2019-09-22 00:00:00,Karimnagar,Veenavanka,76.4,23.3,33.7,64.5,96.4,0.0,10.5
2019-09-23 00:00:00,Karimnagar,Veenavanka,0.0,25.2,34.5,65.0,95.9,0.0,9.3
2019-09-24 00:00:00,Karimnagar,Veenavanka,0.0,24.1,35.1,58.7,95.4,0.0,7.1
2019-09-25 00:00:00,Karimnagar,Veenavanka,54.0,23.0,32.7,70.2,96.3,0.0,8.2
2019-09-26 00:00:00,Karimnagar,Veenavanka,27.1,24.1,29.9,80.8,96.3,0.2,12.9
2019-09-27 00:00:00,Karimnagar,Veenavanka,2.8,22.1,28.6,82.7,95.3,0.0,15.1
2019-09-28 00:00:00,Karimnagar,Veenavanka,1.2,23.7,30.6,77.5,95.5,0.0,11.0
2019-09-29 00:00:00,Karimnagar,Veenavanka,3.8,23.5,30.8,76.4,95.3,0.0,6.0
2019-09-30 00:00:00,Karimnagar,Veenavanka,26.6,22.0,32.0,71.5,96.3,0.0,16.1
2019-10-01,Karimnagar,Veenavanka,1.4,23.1,32.1,74.7,96.2,0.0,10.6
2019-10-02,Karimnagar,Veenavanka,19.7,22.5,32.9,68.4,96.0,0.0,6.6
2019-10-03,Karimnagar,Veenavanka,0.0,24.2,33.4,65.5,95.9,0.0,6.5
2019-10-04,Karimnagar,Veenavanka,0.0,23.0,34.0,65.4,95.9,0.0,5.3
2019-10-05,Karimnagar,Veenavanka,0.0,23.0,33.1,60.9,95.7,0.0,1.9
2019-10-06,Karimnagar,Veenavanka,0.0,23.9,33.0,65.1,95.8,0.0,3.4
2019-10-07,Karimnagar,Veenavanka,0.5,23.1,32.7,65.9,95.8,0.0,9.2
2019-10-08,Karimnagar,Veenavanka,0.0,23.7,33.6,64.1,95.7,0.0,4.3
2019-10-09,Karimnagar,Veenavanka,0.0,23.1,33.2,66.6,95.7,0.0,4.3
2019-10-10,Karimnagar,Veenavanka,0.0,23.4,31.9,64.8,95.5,0.0,6.1
2019-10-11,Karimnagar,Veenavanka,4.9,22.6,33.3,63.7,95.8,0.0,6.5
2019-10-12,Karimnagar,Veenavanka,4.7,23.0,33.0,63.4,96.0,0.0,4.7
2019-10-13,Karimnagar,Veenavanka,0.0,23.2,31.8,66.4,95.8,0.0,2.5
2019-10-14,Karimnagar,Veenavanka,0.0,23.7,32.0,67.3,95.7,0.0,1.9
2019-10-15,Karimnagar,Veenavanka,0.0,22.5,32.7,65.7,95.5,0.0,7.4
2019-10-16,Karimnagar,Veenavanka,0.0,22.8,32.5,62.8,95.2,0.0,3.3
2019-10-17,Karimnagar,Veenavanka,0.0,22.2,32.3,64.0,95.7,0.0,3.5
2019-10-18,Karimnagar,Veenavanka,32.3,22.8,32.3,60.8,95.7,0.0,13.9
2019-10-19,Karimnagar,Veenavanka,25.5,22.3,31.9,70.7,95.4,0.0,13.8
2019-10-20,Karimnagar,Veenavanka,61.9,22.1,30.6,69.1,95.4,0.0,6.6
2019-10-21,Karimnagar,Veenavanka,10.9,23.0,29.9,75.0,95.3,0.0,11.2
2019-10-22,Karimnagar,Veenavanka,1.4,22.3,31.3,68.8,95.1,0.0,2.7
2019-10-23,Karimnagar,Veenavanka,0.0,24.0,31.4,64.7,94.3,0.0,7.5
2019-10-24,Karimnagar,Veenavanka,0.0,22.5,31.0,69.0,94.5,0.0,6.0
2019-10-25,Karimnagar,Veenavanka,27.9,22.2,31.6,70.0,95.1,0.0,9.6
2019-10-26,Karimnagar,Veenavanka,5.0,24.0,31.4,64.0,94.5,0.0,6.7
2019-10-27,Karimnagar,Veenavanka,0.0,22.8,31.3,68.1,93.9,0.0,10.0
2019-10-28,Karimnagar,Veenavanka,0.0,23.0,32.7,64.1,94.3,0.0,10.6
2019-10-29,Karimnagar,Veenavanka,22.2,21.3,32.1,65.1,94.4,0.0,6.1
2019-10-30,Karimnagar,Veenavanka,3.9,23.7,30.1,74.9,94.2,0.0,14.4
2019-10-31,Karimnagar,Veenavanka,45.6,21.0,31.3,72.1,95.0,0.0,7.1
2019-11-01,Karimnagar,Veenavanka,0.0,23.3,28.5,79.6,94.9,0.0,5.4
2019-11-02,Karimnagar,Veenavanka,0.0,22.7,31.8,64.8,93.3,0.0,6.5
2019-11-03,Karimnagar,Veenavanka,15.2,22.7,33.1,61.9,94.6,0.0,8.2
2019-11-04,Karimnagar,Veenavanka,0.0,21.6,31.3,64.4,94.3,0.0,4.7
2019-11-05,Karimnagar,Veenavanka,0.0,21.5,32.3,56.3,94.1,0.0,3.4
2019-11-06,Karimnagar,Veenavanka,0.0,21.8,32.4,56.6,94.1,0.0,4.3
2019-11-07,Karimnagar,Veenavanka,0.0,21.0,32.5,54.5,94.1,0.0,3.4
2019-11-08,Karimnagar,Veenavanka,0.0,20.7,32.3,55.2,94.0,0.0,2.4
2019-11-09,Karimnagar,Veenavanka,0.0,20.1,31.7,57.8,93.9,0.0,1.9
2019-11-10,Karimnagar,Veenavanka,0.0,18.7,31.0,50.0,94.0,0.0,3.0
2019-11-11,Karimnagar,Veenavanka,0.0,20.5,31.3,52.5,93.8,0.0,7.3
2019-11-12,Karimnagar,Veenavanka,0.0,19.6,31.2,52.9,94.0,0.0,7.3
2019-11-13,Karimnagar,Veenavanka,0.0,17.7,30.9,45.8,94.0,0.0,8.4
2019-11-14,Karimnagar,Veenavanka,0.0,18.1,29.9,49.9,93.4,0.0,3.5
2019-11-15,Karimnagar,Veenavanka,0.0,19.3,30.1,52.1,93.6,0.0,4.2
2019-11-16,Karimnagar,Veenavanka,0.0,19.1,30.6,48.8,93.6,0.0,3.1
2019-11-17,Karimnagar,Veenavanka,0.0,19.5,31.5,48.3,93.6,0.0,4.0
2019-11-18,Karimnagar,Veenavanka,0.0,18.2,31.5,47.5,92.6,0.0,6.7
2019-11-19,Karimnagar,Veenavanka,0.0,18.7,30.7,48.2,93.4,0.0,5.7
2019-11-20,Karimnagar,Veenavanka,0.0,17.9,32.5,46.1,93.9,0.0,1.0
2019-11-21,Karimnagar,Veenavanka,0.0,19.4,30.8,54.6,93.9,0.0,2.7
2019-11-22,Karimnagar,Veenavanka,0.0,18.5,29.8,55.2,93.9,0.0,7.5
2019-11-23,Karimnagar,Veenavanka,0.0,17.3,30.6,48.2,93.7,0.0,2.9
2019-11-24,Karimnagar,Veenavanka,0.0,16.8,30.0,47.7,93.8,0.0,9.0
2019-11-25,Karimnagar,Veenavanka,0.0,16.3,30.1,49.7,93.9,0.0,6.1
2019-11-26,Karimnagar,Veenavanka,0.0,16.8,29.6,53.4,93.9,0.0,9.2
2019-11-27,Karimnagar,Veenavanka,0.0,17.0,30.0,56.7,94.0,0.0,7.4
2019-11-28,Karimnagar,Veenavanka,0.0,17.6,30.0,45.6,93.9,0.0,6.5
2019-11-29,Karimnagar,Veenavanka,0.0,18.2,29.9,57.4,93.9,0.0,6.3
2019-11-30,Karimnagar,Veenavanka,0.0,18.6,30.6,57.0,94.0,0.0,5.3
2019-12-01,Karimnagar,Veenavanka,0.0,19.9,30.7,54.0,93.6,0.0,3.9
2019-12-02,Karimnagar,Veenavanka,0.0,22.8,30.1,55.0,93.4,0.0,9.3
2019-12-03,Karimnagar,Veenavanka,1.4,21.8,24.7,89.9,94.1,0.0,5.7
2019-12-04,Karimnagar,Veenavanka,0.0,19.4,29.3,61.8,94.1,0.0,7.7
2019-12-05,Karimnagar,Veenavanka,0.0,17.7,29.4,46.5,93.7,0.0,14.0
2019-12-06,Karimnagar,Veenavanka,0.0,15.6,28.8,45.7,93.9,0.0,7.7
2019-12-07,Karimnagar,Veenavanka,0.0,15.6,27.9,54.2,94.2,0.0,8.5
2019-12-08,Karimnagar,Veenavanka,0.0,16.5,27.8,48.4,94.0,0.0,5.2
2019-12-09,Karimnagar,Veenavanka,0.0,18.0,29.0,54.7,94.0,0.0,5.9
2019-12-10,Karimnagar,Veenavanka,0.0,17.9,29.7,52.5,94.1,0.0,6.5
2019-12-11,Karimnagar,Veenavanka,0.0,16.2,30.2,48.1,94.1,0.0,4.9
2019-12-12,Karimnagar,Veenavanka,0.0,16.6,29.7,47.7,94.1,0.0,5.7
2019-12-13,Karimnagar,Veenavanka,0.0,17.9,28.8,48.2,93.1,0.0,10.4
2019-12-14,Karimnagar,Veenavanka,0.0,18.1,29.0,53.1,93.6,0.0,11.9
2019-12-15,Karimnagar,Veenavanka,0.0,17.9,29.6,53.7,93.7,0.0,11.6
2019-12-16,Karimnagar,Veenavanka,0.0,17.5,29.7,45.2,93.8,0.0,11.9
2019-12-17,Karimnagar,Veenavanka,0.0,17.3,29.4,49.0,94.1,0.0,7.4
2019-12-18,Karimnagar,Veenavanka,0.0,18.1,29.4,52.0,93.7,0.0,8.6
2019-12-19,Karimnagar,Veenavanka,0.0,15.8,29.2,51.3,94.2,0.0,3.8
2019-12-20,Karimnagar,Veenavanka,0.0,16.5,29.4,48.0,94.0,0.0,3.8
2019-12-21,Karimnagar,Veenavanka,0.0,16.8,29.3,46.8,93.9,0.0,6.1
2019-12-22,Karimnagar,Veenavanka,0.0,17.3,27.8,52.8,94.1,0.0,5.2
2019-12-23,Karimnagar,Veenavanka,0.0,17.2,29.7,47.0,94.1,0.0,8.9
2019-12-24,Karimnagar,Veenavanka,0.0,17.8,27.1,59.8,93.8,0.0,14.7
2019-12-25,Karimnagar,Veenavanka,0.0,18.8,28.3,52.1,92.4,0.0,12.7
2019-12-26,Karimnagar,Veenavanka,0.0,20.8,28.8,52.1,89.7,0.0,15.3
2019-12-27,Karimnagar,Veenavanka,0.0,20.2,26.8,69.4,93.6,0.0,9.4
2019-12-28,Karimnagar,Veenavanka,0.0,16.1,26.5,59.8,86.0,0.0,6.3
2019-12-29,Karimnagar,Veenavanka,0.0,12.9,25.9,45.4,87.4,0.0,6.5
2019-12-30,Karimnagar,Veenavanka,0.0,14.4,26.4,35.5,91.4,0.0,6.5
2019-12-31,Karimnagar,Veenavanka,0.0,18.2,27.1,54.1,90.4,0.0,10.2
