Date,District,Mandal,Rainfall (mm),temp_min (⁰C),temp_max (⁰C),humidity_min (%),Humidity_max (%),wind_speed_min (Kmph),wind_speed_max (Kmph)
2019-01-01,Warangal (U),Bheemadevarapalle,0.0,8.6,28.1,18.9,80.4,0.0,8.8
2019-01-02,Warangal (U),Bheemadevarapalle,0.0,8.4,29.8,18.3,90.1,0.0,10.1
2019-01-03,Warangal (U),Bheemadevarapalle,0.0,10.8,30.1,25.9,46.8,0.0,10.5
2019-01-04,Warangal (U),Bheemadevarapalle,0.0,11.2,31.4,25.8,97.6,0.0,10.0
2019-01-05,Warangal (U),Bheemadevarapalle,0.0,13.3,30.6,31.7,90.4,0.0,8.9
2019-01-06,Warangal (U),Bheemadevarapalle,0.0,13.8,28.7,34.5,97.6,0.0,8.1
2019-01-07,Warangal (U),Bheemadevarapalle,0.0,15.3,28.6,43.6,92.5,0.0,9.6
2019-01-08,Warangal (U),Bheemadevarapalle,0.0,14.8,28.3,46.7,79.7,0.0,8.8
2019-01-09,Warangal (U),Bheemadevarapalle,0.0,10.1,27.4,33.5,49.3,0.0,8.5
2019-01-10,Warangal (U),Bheemadevarapalle,0.0,9.0,30.6,14.5,87.7,0.0,8.8
2019-01-11,Warangal (U),Bheemadevarapalle,0.0,13.4,29.0,28.0,50.4,0.0,7.4
2019-01-12,Warangal (U),Bheemadevarapalle,0.0,17.2,29.2,42.9,97.6,0.0,9.1
2019-01-13,Warangal (U),Bheemadevarapalle,0.0,18.9,28.5,50.8,97.6,0.0,11.9
2019-01-14,Warangal (U),Bheemadevarapalle,0.0,15.5,30.0,45.1,90.6,0.0,8.2
2019-01-15,Warangal (U),Bheemadevarapalle,0.0,16.1,30.0,43.6,92.4,0.0,7.7
2019-01-16,Warangal (U),Bheemadevarapalle,0.0,13.4,29.1,44.3,92.6,0.0,6.2
2019-01-17,Warangal (U),Bheemadevarapalle,0.0,13.6,29.7,26.4,83.5,0.0,8.0
2019-01-18,Warangal (U),Bheemadevarapalle,0.0,16.2,30.3,36.2,83.1,0.0,10.3
2019-01-19,Warangal (U),Bheemadevarapalle,0.0,14.5,30.4,40.2,96.1,0.0,7.4
2019-01-20,Warangal (U),Bheemadevarapalle,0.0,13.5,30.1,35.8,86.6,0.0,10.2
2019-01-21,Warangal (U),Bheemadevarapalle,0.0,14.6,30.3,25.1,94.7,0.0,9.5
2019-01-22,Warangal (U),Bheemadevarapalle,0.0,17.0,30.5,31.1,95.9,2.1,11.1
2019-01-23,Warangal (U),Bheemadevarapalle,0.0,18.6,30.6,41.0,93.7,0.5,9.8
2019-01-24,Warangal (U),Bheemadevarapalle,0.0,19.4,29.5,49.2,86.1,0.0,9.6
2019-01-25,Warangal (U),Bheemadevarapalle,0.0,20.2,29.6,53.6,89.7,1.1,12.0
2019-01-26,Warangal (U),Bheemadevarapalle,0.0,22.3,29.2,57.1,90.6,1.6,11.4
2019-01-27,Warangal (U),Bheemadevarapalle,27.5,18.9,27.7,68.6,94.9,1.5,10.8
2019-01-28,Warangal (U),Bheemadevarapalle,0.5,18.3,22.0,85.5,96.9,1.1,7.8
2019-01-29,Warangal (U),Bheemadevarapalle,0.0,14.7,24.1,75.6,88.6,0.0,10.1
2019-01-30,Warangal (U),Bheemadevarapalle,0.0,10.4,25.2,37.4,81.6,0.0,8.5
2019-01-31,Warangal (U),Bheemadevarapalle,0.0,13.3,26.8,34.5,75.0,0.0,8.8
2019-02-01,Warangal (U),Bheemadevarapalle,0.0,18.3,29.3,45.5,94.4,0.0,13.2
2019-02-02,Warangal (U),Bheemadevarapalle,0.0,16.1,29.7,45.5,90.1,0.0,7.1
2019-02-03,Warangal (U),Bheemadevarapalle,0.0,16.8,29.6,47.1,88.5,0.0,9.5
2019-02-04,Warangal (U),Bheemadevarapalle,0.0,17.5,30.3,45.9,83.1,0.0,7.7
2019-02-05,Warangal (U),Bheemadevarapalle,0.0,16.4,31.6,37.1,86.5,0.0,7.8
2019-02-06,Warangal (U),Bheemadevarapalle,0.0,16.9,31.7,39.3,78.0,0.0,7.2
2019-02-07,Warangal (U),Bheemadevarapalle,0.0,19.6,30.8,38.0,79.9,0.3,12.1
2019-02-08,Warangal (U),Bheemadevarapalle,0.0,21.1,30.8,36.5,72.5,0.0,12.3
2019-02-09,Warangal (U),Bheemadevarapalle,0.0,18.4,28.5,43.9,78.4,0.0,7.0
2019-02-10,Warangal (U),Bheemadevarapalle,0.0,14.5,26.3,31.3,48.3,0.0,9.6
2019-02-11,Warangal (U),Bheemadevarapalle,0.0,18.2,29.1,30.5,66.5,0.0,7.4
2019-02-12,Warangal (U),Bheemadevarapalle,0.0,20.2,30.3,50.6,81.4,0.0,7.7
2019-02-13,Warangal (U),Bheemadevarapalle,0.0,19.2,30.3,51.1,80.3,0.0,11.4
2019-02-14,Warangal (U),Bheemadevarapalle,0.0,19.4,32.1,31.1,75.8,0.0,8.6
2019-02-15,Warangal (U),Bheemadevarapalle,0.0,19.9,31.9,39.0,77.2,0.7,9.7
2019-02-16,Warangal (U),Bheemadevarapalle,0.0,20.4,33.0,37.4,80.6,1.5,9.7
2019-02-17,Warangal (U),Bheemadevarapalle,0.0,22.0,31.8,49.7,78.9,0.0,8.2
2019-02-18,Warangal (U),Bheemadevarapalle,0.0,18.7,31.0,54.1,73.2,0.0,7.8
2019-02-19,Warangal (U),Bheemadevarapalle,0.0,20.9,32.2,36.9,82.0,0.0,7.7
2019-02-20,Warangal (U),Bheemadevarapalle,0.0,22.3,33.1,50.2,74.4,1.3,14.3
2019-02-21,Warangal (U),Bheemadevarapalle,0.0,20.0,32.6,47.2,76.7,0.9,12.1
2019-02-22,Warangal (U),Bheemadevarapalle,0.0,20.5,33.9,37.4,75.1,1.1,9.1
2019-02-23,Warangal (U),Bheemadevarapalle,0.0,20.7,35.9,32.4,67.1,0.0,8.2
2019-02-24,Warangal (U),Bheemadevarapalle,0.0,19.6,35.3,30.3,61.3,0.0,6.5
2019-02-25,Warangal (U),Bheemadevarapalle,0.0,19.7,35.9,22.6,59.9,0.0,3.6
2019-02-26,Warangal (U),Bheemadevarapalle,0.0,19.4,34.9,23.1,86.9,0.0,9.4
2019-02-27,Warangal (U),Bheemadevarapalle,0.0,21.3,31.2,36.1,87.9,0.0,9.0
2019-02-28,Warangal (U),Bheemadevarapalle,0.0,20.4,31.0,50.4,88.1,0.0,9.0
2019-03-01,Warangal (U),Bheemadevarapalle,0.0,17.2,30.5,35.3,77.4,0.0,10.6
2019-03-02,Warangal (U),Bheemadevarapalle,0.0,22.2,31.1,48.8,90.3,0.0,9.3
2019-03-03,Warangal (U),Bheemadevarapalle,0.0,22.2,31.0,49.9,90.1,1.8,12.4
2019-03-04,Warangal (U),Bheemadevarapalle,0.0,21.3,32.8,44.6,89.8,2.3,11.2
2019-03-05,Warangal (U),Bheemadevarapalle,0.0,21.6,34.5,41.2,95.5,0.0,8.3
2019-03-06,Warangal (U),Bheemadevarapalle,0.0,19.7,32.9,35.0,77.4,0.0,9.0
2019-03-07,Warangal (U),Bheemadevarapalle,0.0,16.1,32.6,24.2,68.8,0.0,10.2
2019-03-08,Warangal (U),Bheemadevarapalle,0.0,19.1,33.2,26.2,74.8,0.0,8.7
2019-03-09,Warangal (U),Bheemadevarapalle,0.0,20.7,34.3,35.1,96.5,0.0,10.2
2019-03-10,Warangal (U),Bheemadevarapalle,0.0,21.7,34.3,38.9,95.3,0.0,9.8
2019-03-11,Warangal (U),Bheemadevarapalle,0.0,22.1,35.1,36.3,95.2,0.7,10.6
2019-03-12,Warangal (U),Bheemadevarapalle,0.0,22.8,35.0,33.2,80.7,0.7,13.6
2019-03-13,Warangal (U),Bheemadevarapalle,0.0,21.2,34.8,34.2,87.2,1.9,10.6
2019-03-14,Warangal (U),Bheemadevarapalle,0.0,22.0,35.8,22.1,65.2,2.2,10.0
2019-03-15,Warangal (U),Bheemadevarapalle,0.0,22.4,36.6,18.7,54.4,2.7,7.7
2019-03-16,Warangal (U),Bheemadevarapalle,0.0,21.1,35.9,18.8,50.0,1.8,11.9
2019-03-17,Warangal (U),Bheemadevarapalle,0.0,21.4,35.6,21.1,94.6,0.0,10.8
2019-03-18,Warangal (U),Bheemadevarapalle,0.0,20.0,34.6,31.1,87.7,2.2,11.2
2019-03-19,Warangal (U),Bheemadevarapalle,0.0,21.3,31.9,37.6,87.8,0.0,12.1
2019-03-20,Warangal (U),Bheemadevarapalle,0.0,22.6,34.7,37.7,89.5,0.0,10.0
2019-03-21,Warangal (U),Bheemadevarapalle,0.0,22.4,33.9,42.4,91.9,3.2,13.5
2019-03-22,Warangal (U),Bheemadevarapalle,0.0,21.9,34.8,29.3,92.5,0.0,11.2
2019-03-23,Warangal (U),Bheemadevarapalle,0.0,22.4,34.6,41.7,82.7,0.0,8.2
2019-03-24,Warangal (U),Bheemadevarapalle,0.0,22.1,35.7,34.3,81.2,0.0,7.2
2019-03-25,Warangal (U),Bheemadevarapalle,0.0,22.3,36.5,31.1,89.9,0.0,8.8
2019-03-26,Warangal (U),Bheemadevarapalle,0.0,22.2,36.4,29.7,85.7,0.0,10.5
2019-03-27,Warangal (U),Bheemadevarapalle,0.0,22.1,36.8,32.0,75.3,0.0,10.2
2019-03-28,Warangal (U),Bheemadevarapalle,0.0,22.7,37.3,27.0,75.1,0.7,7.6
2019-03-29,Warangal (U),Bheemadevarapalle,0.0,23.0,37.2,26.6,80.2,0.0,7.1
2019-03-30,Warangal (U),Bheemadevarapalle,0.0,22.9,37.8,21.4,88.7,1.2,11.3
2019-03-31,Warangal (U),Bheemadevarapalle,0.0,23.5,37.6,24.5,92.9,0.0,8.8
2019-04-01,Warangal (U),Bheemadevarapalle,0.0,24.1,41.2,14.4,70.1,0.0,10.4
2019-04-02,Warangal (U),Bheemadevarapalle,0.0,23.6,38.7,20.8,88.1,1.9,12.1
2019-04-03,Warangal (U),Bheemadevarapalle,0.0,23.1,38.3,20.5,93.2,1.7,12.6
2019-04-04,Warangal (U),Bheemadevarapalle,0.0,22.8,36.9,34.4,94.7,0.9,13.5
2019-04-05,Warangal (U),Bheemadevarapalle,0.0,23.0,36.0,35.0,72.7,0.0,11.8
2019-04-06,Warangal (U),Bheemadevarapalle,0.0,24.0,36.7,25.7,80.5,0.1,9.8
2019-04-07,Warangal (U),Bheemadevarapalle,0.0,23.5,38.4,23.4,76.7,0.0,12.1
2019-04-08,Warangal (U),Bheemadevarapalle,0.0,23.3,37.7,26.9,93.9,0.0,9.9
2019-04-09,Warangal (U),Bheemadevarapalle,0.0,24.1,37.4,32.4,94.8,0.0,11.1
2019-04-10,Warangal (U),Bheemadevarapalle,0.0,25.3,37.4,37.1,92.6,0.0,9.1
2019-04-11,Warangal (U),Bheemadevarapalle,0.0,24.9,38.6,29.9,84.2,0.0,8.5
2019-04-12,Warangal (U),Bheemadevarapalle,0.0,25.9,41.1,18.2,72.2,0.0,10.7
2019-04-13,Warangal (U),Bheemadevarapalle,0.0,21.9,39.5,21.4,77.0,0.0,9.7
2019-04-14,Warangal (U),Bheemadevarapalle,0.0,23.9,38.9,21.4,65.7,0.0,5.9
2019-04-15,Warangal (U),Bheemadevarapalle,0.0,24.6,39.7,19.8,63.3,0.0,14.8
2019-04-16,Warangal (U),Bheemadevarapalle,0.0,23.4,39.3,16.3,47.4,0.0,13.5
2019-04-17,Warangal (U),Bheemadevarapalle,0.0,23.1,38.5,16.0,52.6,0.0,13.4
2019-04-18,Warangal (U),Bheemadevarapalle,0.0,23.6,37.4,25.9,85.6,0.0,6.5
2019-04-19,Warangal (U),Bheemadevarapalle,0.0,24.2,37.3,36.3,94.9,2.2,11.4
2019-04-20,Warangal (U),Bheemadevarapalle,3.0,23.3,36.7,37.1,92.9,0.3,11.2
2019-04-21,Warangal (U),Bheemadevarapalle,0.0,23.8,36.2,43.4,93.3,0.0,10.6
2019-04-22,Warangal (U),Bheemadevarapalle,0.0,24.9,36.7,40.5,80.7,0.0,9.6
2019-04-23,Warangal (U),Bheemadevarapalle,0.0,24.5,37.4,26.6,72.4,0.0,9.9
2019-04-24,Warangal (U),Bheemadevarapalle,0.0,22.5,38.1,18.6,79.3,0.0,9.9
2019-04-25,Warangal (U),Bheemadevarapalle,0.0,25.9,39.4,20.5,67.2,0.0,9.4
2019-04-26,Warangal (U),Bheemadevarapalle,0.0,24.8,39.8,21.9,61.3,0.0,9.4
2019-04-27,Warangal (U),Bheemadevarapalle,0.0,25.9,40.3,21.2,61.7,0.0,10.7
2019-04-28,Warangal (U),Bheemadevarapalle,0.0,26.0,40.4,20.4,72.5,0.0,9.1
2019-04-29,Warangal (U),Bheemadevarapalle,0.0,26.0,39.4,23.5,78.4,0.0,8.2
2019-04-30,Warangal (U),Bheemadevarapalle,0.0,26.5,40.4,22.8,71.5,0.0,12.3
2019-05-01,Warangal (U),Bheemadevarapalle,0.0,27.7,40.6,24.4,73.8,0.0,12.9
2019-05-02,Warangal (U),Bheemadevarapalle,0.0,29.7,39.7,26.6,55.7,0.0,6.5
2019-05-03,Warangal (U),Bheemadevarapalle,0.0,26.5,40.5,12.5,41.6,0.0,15.4
2019-05-04,Warangal (U),Bheemadevarapalle,0.0,29.3,39.3,12.5,25.2,0.0,15.6
2019-05-05,Warangal (U),Bheemadevarapalle,0.0,28.3,40.5,11.2,31.4,0.0,15.5
2019-05-06,Warangal (U),Bheemadevarapalle,0.0,30.1,41.2,10.0,26.3,0.0,14.5
2019-05-07,Warangal (U),Bheemadevarapalle,0.0,27.6,40.8,11.0,57.0,0.0,4.3
2019-05-08,Warangal (U),Bheemadevarapalle,0.0,27.1,41.9,10.4,63.8,0.0,6.8
2019-05-09,Warangal (U),Bheemadevarapalle,0.0,28.3,41.0,12.8,39.9,0.0,5.7
2019-05-10,Warangal (U),Bheemadevarapalle,0.0,26.0,42.4,11.5,34.6,0.0,6.3
2019-05-11,Warangal (U),Bheemadevarapalle,0.0,30.7,42.6,11.2,54.8,0.0,13.3
2019-05-12,Warangal (U),Bheemadevarapalle,0.0,25.5,39.8,35.5,60.0,0.0,18.3
2019-05-13,Warangal (U),Bheemadevarapalle,0.0,28.0,39.9,27.5,70.9,0.0,15.2
2019-05-14,Warangal (U),Bheemadevarapalle,9.0,26.9,41.6,31.8,78.6,0.0,22.5
2019-05-15,Warangal (U),Bheemadevarapalle,0.0,27.5,39.6,27.1,84.3,0.0,14.6
2019-05-16,Warangal (U),Bheemadevarapalle,10.3,27.3,39.7,42.4,80.0,0.0,18.9
2019-05-17,Warangal (U),Bheemadevarapalle,0.0,28.2,41.6,24.7,70.9,0.0,16.4
2019-05-18,Warangal (U),Bheemadevarapalle,0.0,29.0,40.9,18.2,68.8,0.0,13.0
2019-05-19,Warangal (U),Bheemadevarapalle,0.0,28.9,42.6,17.4,72.9,0.0,13.9
2019-05-20,Warangal (U),Bheemadevarapalle,0.0,29.0,42.0,23.0,62.7,0.0,13.3
2019-05-21,Warangal (U),Bheemadevarapalle,0.0,27.9,42.0,24.6,69.7,0.0,15.3
2019-05-22,Warangal (U),Bheemadevarapalle,0.0,28.9,42.0,27.2,61.1,0.0,20.7
2019-05-23,Warangal (U),Bheemadevarapalle,0.0,29.2,42.4,28.1,65.5,0.0,18.5
2019-05-24,Warangal (U),Bheemadevarapalle,0.0,29.1,42.2,26.6,66.1,0.0,21.9
2019-05-25,Warangal (U),Bheemadevarapalle,0.0,29.0,42.5,21.6,70.9,0.0,20.0
2019-05-26,Warangal (U),Bheemadevarapalle,0.0,30.2,42.4,19.6,64.0,0.0,15.2
2019-05-27,Warangal (U),Bheemadevarapalle,0.0,32.6,44.1,17.9,72.9,0.0,20.3
2019-05-28,Warangal (U),Bheemadevarapalle,0.0,29.5,44.6,15.6,73.5,0.0,22.2
2019-05-29,Warangal (U),Bheemadevarapalle,0.0,32.3,41.9,21.7,71.0,0.0,19.2
2019-05-30,Warangal (U),Bheemadevarapalle,0.0,27.5,41.9,25.9,63.5,0.0,19.4
2019-05-31,Warangal (U),Bheemadevarapalle,0.0,29.9,40.0,29.0,76.9,0.0,20.3
2019-06-01,Warangal (U),Bheemadevarapalle,0.0,29.6,41.1,24.9,70.9,0.0,23.3
2019-06-02,Warangal (U),Bheemadevarapalle,0.0,28.3,37.8,35.4,76.9,0.0,15.0
2019-06-03,Warangal (U),Bheemadevarapalle,0.0,32.4,42.3,31.7,58.4,0.0,23.3
2019-06-04,Warangal (U),Bheemadevarapalle,0.0,26.3,41.3,27.0,63.7,0.0,25.5
2019-06-05,Warangal (U),Bheemadevarapalle,0.0,32.0,39.3,31.0,65.4,0.0,14.6
2019-06-06,Warangal (U),Bheemadevarapalle,0.0,31.5,42.1,27.8,63.7,0.0,19.7
2019-06-07,Warangal (U),Bheemadevarapalle,0.0,27.8,42.5,24.1,63.1,0.0,25.5
2019-06-08,Warangal (U),Bheemadevarapalle,0.0,26.0,39.3,33.6,76.4,0.0,13.2
2019-06-09,Warangal (U),Bheemadevarapalle,0.0,29.4,37.8,39.7,62.8,4.8,15.8
2019-06-10,Warangal (U),Bheemadevarapalle,0.0,32.6,41.7,24.4,55.9,0.0,14.3
2019-06-11,Warangal (U),Bheemadevarapalle,0.0,27.9,42.4,31.0,71.1,0.0,16.3
2019-06-12,Warangal (U),Bheemadevarapalle,0.0,31.0,40.4,24.5,55.4,1.4,14.2
2019-06-13,Warangal (U),Bheemadevarapalle,0.0,28.6,41.4,32.0,55.0,4.6,16.9
2019-06-14,Warangal (U),Bheemadevarapalle,0.0,29.2,39.3,29.0,62.6,1.8,17.9
2019-06-15,Warangal (U),Bheemadevarapalle,0.0,30.2,39.9,37.6,55.0,6.6,15.7
2019-06-16,Warangal (U),Bheemadevarapalle,0.0,31.0,39.9,28.5,50.9,0.0,17.0
2019-06-17,Warangal (U),Bheemadevarapalle,0.0,31.8,39.3,25.6,55.0,0.0,15.5
2019-06-18,Warangal (U),Bheemadevarapalle,0.0,30.1,37.6,36.2,64.9,0.0,17.3
2019-06-19,Warangal (U),Bheemadevarapalle,0.0,30.5,38.3,31.7,55.0,0.0,19.0
2019-06-20,Warangal (U),Bheemadevarapalle,0.0,30.6,39.9,33.1,58.9,0.0,16.8
2019-06-21,Warangal (U),Bheemadevarapalle,37.4,24.0,39.5,42.0,97.0,0.0,16.7
2019-06-22,Warangal (U),Bheemadevarapalle,0.0,26.3,35.6,59.7,85.0,0.0,12.1
2019-06-23,Warangal (U),Bheemadevarapalle,0.0,25.3,33.3,63.1,90.4,0.0,5.9
2019-06-24,Warangal (U),Bheemadevarapalle,2.6,26.8,32.4,67.9,91.0,1.5,4.6
2019-06-25,Warangal (U),Bheemadevarapalle,0.0,27.1,37.4,47.1,83.8,0.3,9.0
2019-06-26,Warangal (U),Bheemadevarapalle,0.0,27.3,37.5,43.0,79.0,0.0,9.5
2019-06-27,Warangal (U),Bheemadevarapalle,14.0,27.9,37.0,49.6,90.5,0.0,8.1
2019-06-28,Warangal (U),Bheemadevarapalle,0.0,27.6,37.7,43.6,79.2,0.0,17.8
2019-06-29,Warangal (U),Bheemadevarapalle,0.0,26.6,35.9,50.4,78.6,0.0,19.3
2019-06-30,Warangal (U),Bheemadevarapalle,27.9,24.1,32.6,63.1,96.9,0.0,15.4
2019-07-01,Warangal (U),Bheemadevarapalle,23.4,24.9,30.1,73.2,97.5,0.0,12.5
2019-07-02,Warangal (U),Bheemadevarapalle,8.6,24.9,30.5,76.6,97.3,0.0,9.0
2019-07-03,Warangal (U),Bheemadevarapalle,19.4,23.8,30.8,76.2,97.0,3.9,10.8
2019-07-04,Warangal (U),Bheemadevarapalle,4.5,26.6,32.4,73.3,87.0,0.0,15.0
2019-07-05,Warangal (U),Bheemadevarapalle,0.0,27.2,35.6,63.1,76.9,0.7,13.5
2019-07-06,Warangal (U),Bheemadevarapalle,8.7,24.9,32.6,63.4,91.1,0.0,14.3
2019-07-07,Warangal (U),Bheemadevarapalle,0.0,27.4,32.8,58.7,76.9,0.7,15.7
2019-07-08,Warangal (U),Bheemadevarapalle,33.4,23.9,34.5,50.3,93.4,1.8,5.7
2019-07-09,Warangal (U),Bheemadevarapalle,21.6,24.9,35.4,58.4,92.8,1.4,14.4
2019-07-10,Warangal (U),Bheemadevarapalle,0.7,25.5,32.6,59.8,93.3,0.0,10.6
2019-07-11,Warangal (U),Bheemadevarapalle,0.0,26.2,35.8,55.7,80.8,0.0,15.1
2019-07-12,Warangal (U),Bheemadevarapalle,8.5,24.8,35.4,56.5,90.8,0.0,10.0
2019-07-13,Warangal (U),Bheemadevarapalle,0.0,27.4,35.1,56.5,82.8,0.0,9.5
2019-07-14,Warangal (U),Bheemadevarapalle,5.4,26.1,35.9,57.6,93.0,0.0,8.9
2019-07-15,Warangal (U),Bheemadevarapalle,0.0,27.0,35.8,50.9,79.9,0.0,5.3
2019-07-16,Warangal (U),Bheemadevarapalle,0.0,27.1,35.7,50.4,73.2,0.0,10.3
2019-07-17,Warangal (U),Bheemadevarapalle,0.0,27.1,35.8,45.2,77.6,0.0,9.6
2019-07-18,Warangal (U),Bheemadevarapalle,0.0,29.6,37.7,48.3,73.5,0.0,8.4
2019-07-19,Warangal (U),Bheemadevarapalle,0.0,25.3,37.4,42.7,62.8,0.0,8.4
2019-07-20,Warangal (U),Bheemadevarapalle,84.2,24.3,35.5,52.0,88.8,0.0,8.3
2019-07-21,Warangal (U),Bheemadevarapalle,0.0,25.6,32.5,76.7,97.5,0.0,14.8
2019-07-22,Warangal (U),Bheemadevarapalle,0.0,25.8,34.2,66.7,95.3,0.0,14.6
2019-07-23,Warangal (U),Bheemadevarapalle,0.0,26.5,35.6,62.5,90.8,0.0,6.4
2019-07-24,Warangal (U),Bheemadevarapalle,0.0,27.0,35.2,57.9,85.6,0.0,7.6
2019-07-25,Warangal (U),Bheemadevarapalle,0.0,27.5,35.8,57.4,79.9,0.0,13.6
2019-07-26,Warangal (U),Bheemadevarapalle,27.4,24.9,33.0,61.8,97.2,0.0,11.2
2019-07-27,Warangal (U),Bheemadevarapalle,15.6,24.9,27.6,84.4,98.0,0.0,14.2
2019-07-28,Warangal (U),Bheemadevarapalle,23.4,24.6,29.6,80.4,97.8,0.0,10.7
2019-07-29,Warangal (U),Bheemadevarapalle,53.6,24.3,28.2,76.7,98.4,0.0,10.2
2019-07-30,Warangal (U),Bheemadevarapalle,20.1,24.1,27.8,79.3,98.2,0.0,14.5
2019-07-31,Warangal (U),Bheemadevarapalle,0.0,25.6,30.3,71.7,86.4,0.9,10.9
2019-08-01,Warangal (U),Bheemadevarapalle,0.0,24.9,32.7,62.3,92.5,0.0,11.7
2019-08-02,Warangal (U),Bheemadevarapalle,36.8,24.9,30.3,76.9,97.9,0.0,11.9
2019-08-03,Warangal (U),Bheemadevarapalle,26.2,24.7,27.4,90.1,100.0,0.0,11.0
2019-08-04,Warangal (U),Bheemadevarapalle,1.7,24.3,29.7,83.5,92.8,0.0,18.9
2019-08-05,Warangal (U),Bheemadevarapalle,1.8,24.8,30.6,63.8,100.0,0.0,15.5
2019-08-06,Warangal (U),Bheemadevarapalle,8.9,24.8,31.3,60.4,97.2,0.0,15.0
2019-08-07,Warangal (U),Bheemadevarapalle,38.4,24.9,27.5,90.8,100.0,0.0,14.7
2019-08-08,Warangal (U),Bheemadevarapalle,21.0,24.9,27.9,90.2,100.0,0.0,8.8
2019-08-09,Warangal (U),Bheemadevarapalle,18.1,24.6,30.3,65.2,97.1,0.0,14.5
2019-08-10,Warangal (U),Bheemadevarapalle,0.0,26.4,31.4,61.1,90.1,0.0,9.6
2019-08-11,Warangal (U),Bheemadevarapalle,0.0,27.5,33.2,70.9,85.8,0.0,14.2
2019-08-12,Warangal (U),Bheemadevarapalle,0.0,25.0,32.9,58.4,90.8,0.0,6.8
2019-08-13,Warangal (U),Bheemadevarapalle,6.6,26.1,33.1,71.7,97.2,0.0,6.1
2019-08-14,Warangal (U),Bheemadevarapalle,0.0,25.3,30.4,67.0,90.8,0.0,5.4
2019-08-15,Warangal (U),Bheemadevarapalle,0.0,26.2,32.8,76.9,92.4,0.0,4.0
2019-08-16,Warangal (U),Bheemadevarapalle,0.0,24.9,32.8,67.6,92.1,0.0,2.8
2019-08-17,Warangal (U),Bheemadevarapalle,0.0,27.5,32.6,70.9,92.4,0.0,4.0
2019-08-18,Warangal (U),Bheemadevarapalle,0.0,27.5,32.6,66.0,97.6,0.0,1.8
2019-08-19,Warangal (U),Bheemadevarapalle,25.9,24.5,27.7,70.1,99.9,0.0,3.1
2019-08-20,Warangal (U),Bheemadevarapalle,2.0,25.6,32.6,78.6,97.6,0.0,2.2
2019-08-21,Warangal (U),Bheemadevarapalle,0.0,27.5,32.5,79.1,93.6,0.0,2.2
2019-08-22,Warangal (U),Bheemadevarapalle,0.0,24.9,32.6,73.0,93.0,0.0,6.8
2019-08-23,Warangal (U),Bheemadevarapalle,16.9,23.4,30.8,82.7,99.2,0.0,10.4
2019-08-24,Warangal (U),Bheemadevarapalle,9.1,25.6,28.2,72.1,97.6,0.0,5.3
2019-08-25,Warangal (U),Bheemadevarapalle,0.0,25.9,33.0,71.0,92.8,0.0,8.4
2019-08-26,Warangal (U),Bheemadevarapalle,1.1,24.9,32.9,69.9,98.6,0.0,8.5
2019-08-27,Warangal (U),Bheemadevarapalle,0.0,24.9,32.6,70.9,98.2,0.0,11.3
2019-08-28,Warangal (U),Bheemadevarapalle,0.0,24.9,33.3,59.1,94.2,0.0,8.9
2019-08-29,Warangal (U),Bheemadevarapalle,0.0,25.7,34.9,58.9,92.7,0.0,4.7
2019-08-30,Warangal (U),Bheemadevarapalle,3.7,24.9,34.7,62.8,99.6,0.0,5.4
2019-08-31,Warangal (U),Bheemadevarapalle,5.0,24.8,33.3,74.4,99.9,0.0,10.8
2019-09-01,Warangal (U),Bheemadevarapalle,73.6,24.9,32.6,74.9,99.9,0.0,11.1
2019-09-02,Warangal (U),Bheemadevarapalle,11.4,22.5,32.3,62.1,99.6,0.0,13.3
2019-09-03,Warangal (U),Bheemadevarapalle,1.8,24.9,28.1,62.6,98.3,0.0,8.9
2019-09-04,Warangal (U),Bheemadevarapalle,4.1,24.6,30.0,67.9,100.0,0.0,11.2
2019-09-05,Warangal (U),Bheemadevarapalle,1.4,24.3,30.8,59.2,98.3,0.0,10.4
2019-09-06,Warangal (U),Bheemadevarapalle,4.8,24.8,32.0,70.7,97.8,0.0,12.1
2019-09-07,Warangal (U),Bheemadevarapalle,0.0,25.5,29.9,70.6,91.6,0.3,12.9
2019-09-08,Warangal (U),Bheemadevarapalle,0.0,25.0,30.7,62.1,90.8,0.0,10.7
2019-09-09,Warangal (U),Bheemadevarapalle,3.2,25.1,32.3,58.9,100.0,0.0,12.9
