Date,District,Mandal,Rainfall (mm),temp_min (⁰C),temp_max (⁰C),humidity_min (%),Humidity_max (%),wind_speed_min (Kmph),wind_speed_max (Kmph)
2019-01-01,Warangal (U),Khilla Warangal,0.0,12.3,30.4,24.7,90.4,0.0,0.1
2019-01-02,Warangal (U),Khilla Warangal,0.0,14.4,32.6,18.3,77.6,0.0,1.4
2019-01-03,Warangal (U),Khilla Warangal,0.0,14.5,34.0,21.1,96.2,0.0,0.1
2019-01-04,Warangal (U),Khilla Warangal,0.0,13.7,34.0,28.1,97.6,0.0,2.6
2019-01-05,Warangal (U),Khilla Warangal,0.0,17.6,34.8,21.3,96.2,0.0,5.1
2019-01-06,Warangal (U),Khilla Warangal,0.0,16.7,33.0,39.4,97.6,0.0,1.5
2019-01-07,Warangal (U),Khilla Warangal,0.0,19.6,31.4,39.1,96.2,0.0,0.2
2019-01-08,Warangal (U),Khilla Warangal,0.0,17.4,32.9,50.8,96.2,0.0,3.9
2019-01-09,Warangal (U),Khilla Warangal,0.0,13.4,30.8,42.2,93.9,0.0,3.7
2019-01-10,Warangal (U),Khilla Warangal,0.0,12.5,32.9,14.8,96.2,0.0,6.0
2019-01-11,Warangal (U),Khilla Warangal,0.0,15.7,34.2,21.8,97.6,0.0,6.4
2019-01-12,Warangal (U),Khilla Warangal,0.0,19.4,32.9,41.0,97.6,0.0,7.1
2019-01-13,Warangal (U),Khilla Warangal,0.0,20.3,31.4,43.9,96.2,0.0,0.1
2019-01-14,Warangal (U),Khilla Warangal,0.0,17.7,32.9,42.3,97.6,0.0,1.5
2019-01-15,Warangal (U),Khilla Warangal,0.0,18.0,34.0,34.6,97.6,0.0,4.4
2019-01-16,Warangal (U),Khilla Warangal,0.0,14.9,32.9,52.5,97.6,0.0,5.9
2019-01-17,Warangal (U),Khilla Warangal,0.0,13.5,33.4,28.7,91.8,0.0,4.3
2019-01-18,Warangal (U),Khilla Warangal,0.0,15.9,30.9,44.9,100.0,0.0,3.4
2019-01-19,Warangal (U),Khilla Warangal,0.0,16.6,31.5,39.5,100.0,0.0,4.8
2019-01-20,Warangal (U),Khilla Warangal,0.0,14.2,31.5,36.9,100.0,0.0,5.4
2019-01-21,Warangal (U),Khilla Warangal,0.0,15.8,32.6,25.3,100.0,0.0,1.7
2019-01-22,Warangal (U),Khilla Warangal,0.0,17.9,31.7,38.8,100.0,0.0,3.4
2019-01-23,Warangal (U),Khilla Warangal,0.0,17.8,30.9,44.6,100.0,0.0,9.5
2019-01-24,Warangal (U),Khilla Warangal,0.0,19.5,30.9,53.0,100.0,0.0,7.8
2019-01-25,Warangal (U),Khilla Warangal,0.0,20.6,31.0,55.6,98.5,0.0,6.7
2019-01-26,Warangal (U),Khilla Warangal,0.0,22.3,29.1,63.3,95.8,0.0,0.1
2019-01-27,Warangal (U),Khilla Warangal,16.8,19.1,28.9,66.4,100.0,0.0,1.1
2019-01-28,Warangal (U),Khilla Warangal,4.5,18.9,22.1,98.7,100.0,0.0,1.5
2019-01-29,Warangal (U),Khilla Warangal,0.0,14.0,24.7,84.0,100.0,0.0,0.9
2019-01-30,Warangal (U),Khilla Warangal,0.0,12.0,26.4,39.3,92.1,0.0,4.4
2019-01-31,Warangal (U),Khilla Warangal,0.0,13.2,27.7,32.4,98.7,0.0,0.9
2019-02-01,Warangal (U),Khilla Warangal,0.0,18.8,29.9,47.6,100.0,0.0,5.1
2019-02-02,Warangal (U),Khilla Warangal,0.0,17.2,31.4,37.0,100.0,0.0,5.6
2019-02-03,Warangal (U),Khilla Warangal,0.0,18.9,31.9,41.9,100.0,0.0,0.1
2019-02-04,Warangal (U),Khilla Warangal,0.0,18.8,33.4,39.6,96.5,0.0,5.2
2019-02-05,Warangal (U),Khilla Warangal,0.0,17.8,33.3,32.7,99.0,0.0,7.7
2019-02-06,Warangal (U),Khilla Warangal,0.0,18.9,33.5,35.0,99.9,0.0,2.3
2019-02-07,Warangal (U),Khilla Warangal,0.0,20.0,32.5,39.8,98.2,0.0,0.3
2019-02-08,Warangal (U),Khilla Warangal,0.0,22.4,32.4,40.1,95.9,0.0,0.1
2019-02-09,Warangal (U),Khilla Warangal,0.0,19.3,30.0,64.5,100.0,0.0,3.7
2019-02-10,Warangal (U),Khilla Warangal,0.0,16.5,29.0,29.8,58.6,0.0,3.7
2019-02-11,Warangal (U),Khilla Warangal,0.0,18.9,32.4,34.7,82.9,0.0,0.6
2019-02-12,Warangal (U),Khilla Warangal,0.0,22.2,32.2,51.1,98.8,0.0,6.3
2019-02-13,Warangal (U),Khilla Warangal,0.0,22.8,32.5,49.7,96.5,0.0,0.1
2019-02-14,Warangal (U),Khilla Warangal,0.0,21.3,34.0,33.5,99.6,0.0,5.1
2019-02-15,Warangal (U),Khilla Warangal,0.0,19.5,34.0,38.3,94.5,0.0,0.2
2019-02-16,Warangal (U),Khilla Warangal,0.0,23.3,34.1,35.2,98.1,0.0,0.2
2019-02-17,Warangal (U),Khilla Warangal,0.0,22.8,35.1,47.6,96.8,0.0,6.6
2019-02-18,Warangal (U),Khilla Warangal,0.0,22.8,35.2,53.5,100.0,0.0,2.4
2019-02-19,Warangal (U),Khilla Warangal,0.0,22.7,35.4,30.6,98.8,0.0,4.9
2019-02-20,Warangal (U),Khilla Warangal,0.0,25.2,35.1,53.4,95.5,0.0,0.1
2019-02-21,Warangal (U),Khilla Warangal,0.0,23.3,35.2,45.2,99.9,0.0,0.1
2019-02-22,Warangal (U),Khilla Warangal,0.0,23.5,35.2,40.8,89.1,0.0,5.2
2019-02-23,Warangal (U),Khilla Warangal,0.0,23.5,37.2,30.0,82.6,0.0,2.2
2019-02-24,Warangal (U),Khilla Warangal,0.0,21.9,36.1,26.9,68.5,0.0,0.3
2019-02-25,Warangal (U),Khilla Warangal,0.0,22.1,36.0,21.5,73.1,0.0,0.1
2019-02-26,Warangal (U),Khilla Warangal,0.0,21.2,36.3,20.6,95.6,0.0,4.6
2019-02-27,Warangal (U),Khilla Warangal,0.0,22.0,33.5,45.2,99.5,0.0,7.2
2019-02-28,Warangal (U),Khilla Warangal,0.0,21.2,32.8,48.9,99.5,0.0,3.4
2019-03-01,Warangal (U),Khilla Warangal,0.0,20.3,31.4,37.8,99.4,0.0,7.1
2019-03-02,Warangal (U),Khilla Warangal,0.0,22.9,33.9,50.6,98.2,0.0,0.1
2019-03-03,Warangal (U),Khilla Warangal,0.0,22.8,32.6,46.1,95.9,0.0,0.1
2019-03-04,Warangal (U),Khilla Warangal,0.0,21.8,33.8,50.9,95.9,0.0,2.1
2019-03-05,Warangal (U),Khilla Warangal,0.0,23.1,36.1,45.8,94.6,0.0,8.5
2019-03-06,Warangal (U),Khilla Warangal,0.0,18.7,33.5,34.4,85.8,0.0,1.2
2019-03-07,Warangal (U),Khilla Warangal,0.0,19.8,33.5,22.7,72.1,0.0,1.7
2019-03-08,Warangal (U),Khilla Warangal,0.0,21.6,33.9,28.0,94.4,0.0,5.3
2019-03-09,Warangal (U),Khilla Warangal,0.0,22.3,36.0,22.2,96.5,0.0,0.1
2019-03-10,Warangal (U),Khilla Warangal,0.0,22.9,34.3,42.3,96.8,0.0,3.6
2019-03-11,Warangal (U),Khilla Warangal,0.0,23.0,35.6,33.4,95.9,0.0,0.9
2019-03-12,Warangal (U),Khilla Warangal,0.0,23.2,36.0,34.2,90.5,0.0,5.8
2019-03-13,Warangal (U),Khilla Warangal,0.0,21.9,36.6,26.4,92.9,0.0,0.3
2019-03-14,Warangal (U),Khilla Warangal,0.0,21.8,36.3,19.4,79.3,0.0,3.0
2019-03-15,Warangal (U),Khilla Warangal,0.0,22.9,37.2,17.3,67.9,0.0,2.5
2019-03-16,Warangal (U),Khilla Warangal,0.0,21.8,37.5,15.8,68.2,0.0,0.3
2019-03-17,Warangal (U),Khilla Warangal,0.0,22.0,36.3,24.2,95.3,0.0,1.8
2019-03-18,Warangal (U),Khilla Warangal,0.0,20.5,35.6,30.9,92.3,0.0,2.5
2019-03-19,Warangal (U),Khilla Warangal,0.0,22.7,33.9,38.8,90.1,0.0,1.1
2019-03-20,Warangal (U),Khilla Warangal,0.0,23.2,35.2,37.8,92.9,0.0,0.2
2019-03-21,Warangal (U),Khilla Warangal,0.0,23.1,33.9,42.8,93.0,0.0,2.1
2019-03-22,Warangal (U),Khilla Warangal,0.0,22.9,35.6,33.0,94.9,0.0,2.8
2019-03-23,Warangal (U),Khilla Warangal,0.0,23.0,36.5,39.1,91.9,0.0,0.2
2019-03-24,Warangal (U),Khilla Warangal,0.0,23.5,37.1,35.1,89.9,0.0,8.4
2019-03-25,Warangal (U),Khilla Warangal,0.0,23.0,37.4,33.9,91.5,0.0,0.1
2019-03-26,Warangal (U),Khilla Warangal,0.0,23.0,36.8,25.9,92.9,0.0,5.9
2019-03-27,Warangal (U),Khilla Warangal,0.0,23.2,36.5,30.4,91.0,0.0,0.2
2019-03-28,Warangal (U),Khilla Warangal,0.0,23.5,37.0,25.2,88.9,0.0,7.7
2019-03-29,Warangal (U),Khilla Warangal,0.0,23.5,39.3,21.3,89.7,0.0,0.1
2019-03-30,Warangal (U),Khilla Warangal,0.0,23.8,38.6,26.4,95.6,0.0,4.0
2019-03-31,Warangal (U),Khilla Warangal,0.0,23.9,38.8,28.0,97.7,0.0,0.5
2019-04-01,Warangal (U),Khilla Warangal,0.0,25.8,40.6,17.0,82.9,0.0,0.1
2019-04-02,Warangal (U),Khilla Warangal,0.0,23.9,39.3,23.9,77.0,0.0,1.6
2019-04-03,Warangal (U),Khilla Warangal,0.0,23.7,38.5,23.4,95.6,0.0,1.8
2019-04-04,Warangal (U),Khilla Warangal,0.0,23.6,36.9,36.0,94.9,0.0,1.2
2019-04-05,Warangal (U),Khilla Warangal,0.0,24.1,37.1,34.8,79.4,0.0,3.7
2019-04-06,Warangal (U),Khilla Warangal,0.0,25.7,37.5,26.1,91.3,0.0,3.4
2019-04-07,Warangal (U),Khilla Warangal,0.0,24.0,40.1,22.2,76.2,0.0,2.8
2019-04-08,Warangal (U),Khilla Warangal,0.0,24.0,38.9,26.2,93.6,0.0,9.7
2019-04-09,Warangal (U),Khilla Warangal,0.0,25.5,38.3,20.5,94.3,0.0,3.2
2019-04-10,Warangal (U),Khilla Warangal,0.0,26.2,38.3,37.9,91.1,0.0,3.6
2019-04-11,Warangal (U),Khilla Warangal,0.0,26.0,39.6,25.7,90.8,0.0,1.1
2019-04-12,Warangal (U),Khilla Warangal,0.0,26.3,41.5,15.2,78.2,0.0,7.7
2019-04-13,Warangal (U),Khilla Warangal,8.0,21.0,41.3,19.1,96.4,0.0,7.8
2019-04-14,Warangal (U),Khilla Warangal,0.0,24.3,38.7,23.7,84.0,0.0,5.7
2019-04-15,Warangal (U),Khilla Warangal,0.0,24.8,39.9,18.4,89.6,0.0,2.2
2019-04-16,Warangal (U),Khilla Warangal,0.0,24.6,40.3,19.1,71.2,0.0,3.2
2019-04-17,Warangal (U),Khilla Warangal,0.0,23.8,39.0,17.9,79.1,0.0,4.6
2019-04-18,Warangal (U),Khilla Warangal,0.0,24.8,37.7,26.0,88.2,0.0,5.4
2019-04-19,Warangal (U),Khilla Warangal,9.0,24.0,38.0,39.3,98.3,0.0,2.7
2019-04-20,Warangal (U),Khilla Warangal,13.0,23.9,38.0,40.4,93.9,0.0,7.4
2019-04-21,Warangal (U),Khilla Warangal,0.0,25.2,37.1,46.6,97.5,0.0,9.5
2019-04-22,Warangal (U),Khilla Warangal,2.3,26.4,38.0,38.6,83.1,0.0,6.5
2019-04-23,Warangal (U),Khilla Warangal,0.0,24.7,38.3,23.8,75.9,0.0,3.9
2019-04-24,Warangal (U),Khilla Warangal,0.0,24.2,39.0,25.6,73.9,0.0,4.9
2019-04-25,Warangal (U),Khilla Warangal,0.0,25.8,39.2,22.4,78.5,0.0,2.5
2019-04-26,Warangal (U),Khilla Warangal,0.0,25.5,40.3,22.1,75.6,0.0,3.5
2019-04-27,Warangal (U),Khilla Warangal,0.0,26.4,41.2,21.5,80.6,0.0,3.2
2019-04-28,Warangal (U),Khilla Warangal,0.0,26.7,41.6,16.7,85.2,0.0,4.9
2019-04-29,Warangal (U),Khilla Warangal,0.0,26.5,40.7,23.7,88.0,0.0,3.9
2019-04-30,Warangal (U),Khilla Warangal,0.0,27.0,41.1,22.2,78.4,0.0,3.1
2019-05-01,Warangal (U),Khilla Warangal,0.0,28.6,41.0,18.6,78.5,0.0,4.7
2019-05-02,Warangal (U),Khilla Warangal,0.0,29.7,40.4,32.5,61.4,0.0,3.6
2019-05-03,Warangal (U),Khilla Warangal,0.0,29.3,42.4,9.4,51.3,0.0,8.6
2019-05-04,Warangal (U),Khilla Warangal,0.0,30.0,38.8,17.9,32.5,0.0,6.2
2019-05-05,Warangal (U),Khilla Warangal,0.0,30.9,41.8,12.2,32.3,0.0,5.3
2019-05-06,Warangal (U),Khilla Warangal,0.0,27.6,42.0,11.6,41.1,0.0,5.5
2019-05-07,Warangal (U),Khilla Warangal,0.0,29.6,41.8,12.8,73.2,0.0,2.2
2019-05-08,Warangal (U),Khilla Warangal,0.0,29.3,41.8,15.0,71.6,0.0,2.8
2019-05-09,Warangal (U),Khilla Warangal,0.0,28.1,41.5,15.9,59.3,0.0,4.8
2019-05-10,Warangal (U),Khilla Warangal,0.0,28.7,42.0,12.5,58.3,0.0,4.3
2019-05-11,Warangal (U),Khilla Warangal,0.0,30.0,42.5,13.7,61.9,0.0,5.1
2019-05-12,Warangal (U),Khilla Warangal,0.0,27.2,39.1,32.6,60.5,0.0,6.9
2019-05-13,Warangal (U),Khilla Warangal,0.0,28.4,37.7,27.2,85.6,0.0,2.4
2019-05-14,Warangal (U),Khilla Warangal,0.0,27.7,41.6,25.2,84.9,0.0,7.9
2019-05-15,Warangal (U),Khilla Warangal,0.0,27.8,40.3,28.5,88.7,0.0,5.0
2019-05-16,Warangal (U),Khilla Warangal,0.0,28.0,39.5,34.2,82.9,0.0,5.3
2019-05-17,Warangal (U),Khilla Warangal,0.0,27.3,41.4,22.8,80.0,0.0,4.7
2019-05-18,Warangal (U),Khilla Warangal,0.0,29.5,41.4,23.4,78.8,0.0,5.8
2019-05-19,Warangal (U),Khilla Warangal,0.0,29.0,41.9,15.9,78.1,0.0,5.5
2019-05-20,Warangal (U),Khilla Warangal,0.0,28.9,41.7,22.0,78.9,0.0,4.3
2019-05-21,Warangal (U),Khilla Warangal,0.0,27.8,41.6,17.2,81.7,0.0,4.4
2019-05-22,Warangal (U),Khilla Warangal,0.0,28.5,41.8,25.1,76.5,0.0,3.9
2019-05-23,Warangal (U),Khilla Warangal,0.0,28.6,41.6,23.0,74.8,0.0,5.2
2019-05-24,Warangal (U),Khilla Warangal,0.0,28.6,40.4,29.6,76.0,0.1,7.5
2019-05-25,Warangal (U),Khilla Warangal,0.0,29.7,41.9,26.5,77.9,0.0,5.2
2019-05-26,Warangal (U),Khilla Warangal,0.0,30.0,42.7,23.4,75.6,0.0,3.5
2019-05-27,Warangal (U),Khilla Warangal,0.0,31.6,44.6,17.4,76.1,0.0,6.6
2019-05-28,Warangal (U),Khilla Warangal,0.0,29.8,43.8,17.9,78.1,0.0,7.3
2019-05-29,Warangal (U),Khilla Warangal,0.0,30.6,43.0,19.3,75.8,0.0,4.3
2019-05-30,Warangal (U),Khilla Warangal,0.0,27.5,42.9,26.9,69.8,0.0,7.9
2019-05-31,Warangal (U),Khilla Warangal,0.0,28.1,38.7,38.3,85.7,0.0,5.3
2019-06-01,Warangal (U),Khilla Warangal,0.0,29.4,41.1,25.6,78.3,0.0,8.3
2019-06-02,Warangal (U),Khilla Warangal,0.0,28.6,37.5,37.9,73.7,0.0,9.0
2019-06-03,Warangal (U),Khilla Warangal,0.0,30.8,43.8,25.0,63.4,0.0,6.1
2019-06-04,Warangal (U),Khilla Warangal,0.0,27.4,41.4,30.4,65.4,0.0,8.3
2019-06-05,Warangal (U),Khilla Warangal,0.0,29.9,40.5,30.9,74.0,0.0,4.9
2019-06-06,Warangal (U),Khilla Warangal,0.0,27.8,43.6,27.7,68.1,0.0,6.5
2019-06-07,Warangal (U),Khilla Warangal,0.0,28.1,41.4,31.0,66.9,0.0,6.3
2019-06-08,Warangal (U),Khilla Warangal,1.3,26.6,40.5,25.4,85.0,0.0,6.5
2019-06-09,Warangal (U),Khilla Warangal,0.0,27.4,38.1,35.5,74.8,0.0,5.9
2019-06-10,Warangal (U),Khilla Warangal,0.0,31.4,42.5,24.9,58.0,0.0,2.5
2019-06-11,Warangal (U),Khilla Warangal,0.0,28.3,41.1,27.0,72.7,0.0,7.2
2019-06-12,Warangal (U),Khilla Warangal,0.0,31.6,41.9,24.5,51.8,0.0,6.0
2019-06-13,Warangal (U),Khilla Warangal,0.0,29.5,41.2,25.6,55.0,0.0,10.8
2019-06-14,Warangal (U),Khilla Warangal,0.0,30.1,40.5,27.0,41.8,0.0,6.0
2019-06-15,Warangal (U),Khilla Warangal,0.0,32.0,39.6,31.9,53.7,0.0,11.3
2019-06-16,Warangal (U),Khilla Warangal,0.0,32.4,41.5,24.0,51.0,0.0,9.6
2019-06-17,Warangal (U),Khilla Warangal,0.0,31.3,39.9,24.7,53.1,0.0,10.5
2019-06-18,Warangal (U),Khilla Warangal,0.0,28.6,37.4,37.9,71.7,0.0,15.1
2019-06-19,Warangal (U),Khilla Warangal,0.0,31.6,39.4,29.6,55.0,0.0,5.5
2019-06-20,Warangal (U),Khilla Warangal,0.0,32.6,40.3,27.7,63.1,0.0,7.7
2019-06-21,Warangal (U),Khilla Warangal,30.0,24.6,39.8,42.6,100.0,0.0,12.1
2019-06-22,Warangal (U),Khilla Warangal,0.0,27.5,35.8,65.0,97.9,0.0,5.2
2019-06-23,Warangal (U),Khilla Warangal,0.0,27.2,35.6,55.7,92.2,0.0,4.8
2019-06-24,Warangal (U),Khilla Warangal,6.3,25.5,32.7,72.3,100.0,0.0,4.6
2019-06-25,Warangal (U),Khilla Warangal,0.0,27.3,37.8,50.2,93.9,0.0,6.8
2019-06-26,Warangal (U),Khilla Warangal,0.0,28.0,37.8,46.4,86.0,0.3,8.6
2019-06-27,Warangal (U),Khilla Warangal,10.3,27.5,37.8,49.4,93.3,0.0,5.4
2019-06-28,Warangal (U),Khilla Warangal,0.0,29.2,37.8,49.2,82.2,0.0,8.0
2019-06-29,Warangal (U),Khilla Warangal,0.0,27.5,35.7,55.5,86.5,0.0,12.0
2019-06-30,Warangal (U),Khilla Warangal,37.3,24.5,32.6,63.1,99.9,0.0,5.9
2019-07-01,Warangal (U),Khilla Warangal,12.3,24.9,30.7,71.7,97.8,0.0,7.6
2019-07-02,Warangal (U),Khilla Warangal,21.0,24.7,32.6,70.9,99.5,0.0,3.4
2019-07-03,Warangal (U),Khilla Warangal,10.0,24.6,32.5,76.9,100.0,0.0,5.7
2019-07-04,Warangal (U),Khilla Warangal,0.0,27.5,32.6,65.4,89.0,0.0,8.8
2019-07-05,Warangal (U),Khilla Warangal,0.0,27.5,35.5,55.4,80.5,0.0,11.4
2019-07-06,Warangal (U),Khilla Warangal,4.0,24.5,32.6,65.7,100.0,0.0,7.1
2019-07-07,Warangal (U),Khilla Warangal,0.0,27.5,34.7,63.1,87.6,0.0,8.9
2019-07-08,Warangal (U),Khilla Warangal,13.3,24.9,35.2,55.9,97.6,0.0,9.6
2019-07-09,Warangal (U),Khilla Warangal,23.3,24.1,37.3,58.4,100.0,0.0,10.1
2019-07-10,Warangal (U),Khilla Warangal,2.0,25.4,34.8,70.9,98.7,0.0,7.2
2019-07-11,Warangal (U),Khilla Warangal,0.3,27.5,35.4,63.2,84.1,0.0,6.9
2019-07-12,Warangal (U),Khilla Warangal,0.3,25.4,35.2,59.0,93.6,0.0,6.8
2019-07-13,Warangal (U),Khilla Warangal,0.0,27.5,37.6,55.6,84.5,0.0,8.1
2019-07-14,Warangal (U),Khilla Warangal,6.3,25.7,37.5,55.4,97.8,0.0,7.1
2019-07-15,Warangal (U),Khilla Warangal,0.0,26.0,35.8,59.2,90.8,0.0,9.1
2019-07-16,Warangal (U),Khilla Warangal,0.0,25.5,37.8,44.9,93.1,0.0,4.4
2019-07-17,Warangal (U),Khilla Warangal,0.0,27.5,37.8,43.9,78.8,0.0,6.5
2019-07-18,Warangal (U),Khilla Warangal,0.0,29.3,37.8,45.5,76.9,0.0,8.4
2019-07-19,Warangal (U),Khilla Warangal,0.0,27.5,37.8,50.2,86.2,0.0,7.4
2019-07-20,Warangal (U),Khilla Warangal,6.0,24.9,37.3,49.8,98.5,0.0,5.0
2019-07-21,Warangal (U),Khilla Warangal,1.8,25.5,35.0,71.0,100.0,0.0,7.4
2019-07-22,Warangal (U),Khilla Warangal,0.0,27.5,37.6,52.6,97.3,1.0,7.1
2019-07-23,Warangal (U),Khilla Warangal,0.0,27.5,37.0,60.0,97.6,0.0,6.1
2019-07-24,Warangal (U),Khilla Warangal,0.0,27.0,37.3,57.3,92.0,0.0,4.3
2019-07-25,Warangal (U),Khilla Warangal,0.0,29.1,37.1,52.8,76.9,0.0,6.0
2019-07-26,Warangal (U),Khilla Warangal,35.3,24.9,35.2,59.1,98.4,0.0,8.4
2019-07-27,Warangal (U),Khilla Warangal,20.8,23.2,27.7,85.9,100.0,0.0,7.6
2019-07-28,Warangal (U),Khilla Warangal,24.0,23.3,30.1,79.1,98.3,0.0,7.1
2019-07-29,Warangal (U),Khilla Warangal,11.5,23.2,27.8,89.5,100.0,0.2,3.9
2019-07-30,Warangal (U),Khilla Warangal,16.0,24.7,28.1,86.3,100.0,1.6,2.2
2019-07-31,Warangal (U),Khilla Warangal,0.0,24.9,31.2,71.1,99.0,0.0,6.6
2019-08-01,Warangal (U),Khilla Warangal,1.0,24.9,35.2,63.1,96.3,0.0,6.3
2019-08-02,Warangal (U),Khilla Warangal,75.0,24.9,32.7,76.9,99.1,0.3,5.7
2019-08-03,Warangal (U),Khilla Warangal,43.8,23.4,25.5,99.2,99.9,1.8,9.8
2019-08-04,Warangal (U),Khilla Warangal,6.0,24.9,30.1,84.9,99.9,0.9,9.2
2019-08-05,Warangal (U),Khilla Warangal,2.0,24.9,30.6,80.0,99.9,0.8,10.7
2019-08-06,Warangal (U),Khilla Warangal,7.0,24.1,34.7,73.0,99.9,0.6,6.4
2019-08-07,Warangal (U),Khilla Warangal,64.4,23.7,26.0,99.9,100.0,0.0,4.0
2019-08-08,Warangal (U),Khilla Warangal,28.3,24.2,28.2,91.8,100.0,0.0,6.4
2019-08-09,Warangal (U),Khilla Warangal,12.5,24.6,32.8,77.1,99.9,0.0,6.4
2019-08-10,Warangal (U),Khilla Warangal,0.0,26.0,32.8,76.9,92.4,0.0,8.9
2019-08-11,Warangal (U),Khilla Warangal,0.0,27.3,33.7,68.6,92.3,0.0,8.1
2019-08-12,Warangal (U),Khilla Warangal,0.0,26.1,35.2,64.4,90.8,0.0,5.9
2019-08-13,Warangal (U),Khilla Warangal,1.0,26.1,32.6,70.6,97.6,0.0,6.3
2019-08-14,Warangal (U),Khilla Warangal,0.0,25.4,32.6,76.9,97.2,0.0,4.7
2019-08-15,Warangal (U),Khilla Warangal,0.0,26.0,32.6,73.1,97.3,0.0,4.4
2019-08-16,Warangal (U),Khilla Warangal,0.0,26.9,35.2,62.4,97.6,0.0,4.6
2019-08-17,Warangal (U),Khilla Warangal,0.0,27.2,35.8,63.5,97.6,0.0,5.3
2019-08-18,Warangal (U),Khilla Warangal,0.0,27.2,35.8,59.5,97.6,0.0,3.9
2019-08-19,Warangal (U),Khilla Warangal,67.5,24.3,30.1,91.4,100.0,0.0,6.4
2019-08-20,Warangal (U),Khilla Warangal,27.8,24.8,35.5,73.0,100.0,0.0,5.3
2019-08-21,Warangal (U),Khilla Warangal,2.3,26.6,32.6,77.5,100.0,0.0,4.1
2019-08-22,Warangal (U),Khilla Warangal,0.0,24.9,35.3,72.5,97.1,0.0,7.4
2019-08-23,Warangal (U),Khilla Warangal,5.8,24.9,35.1,73.6,100.0,0.0,5.3
2019-08-24,Warangal (U),Khilla Warangal,5.8,25.4,30.2,85.1,99.8,0.0,4.1
2019-08-25,Warangal (U),Khilla Warangal,0.0,24.3,35.9,64.3,96.8,0.0,3.7
2019-08-26,Warangal (U),Khilla Warangal,0.0,25.1,33.0,63.7,99.5,0.0,4.4
2019-08-27,Warangal (U),Khilla Warangal,0.0,24.6,35.4,58.8,97.1,0.0,4.0
2019-08-28,Warangal (U),Khilla Warangal,0.0,25.1,35.3,56.1,90.8,0.0,7.2
2019-08-29,Warangal (U),Khilla Warangal,0.0,27.5,35.8,59.1,97.6,0.0,3.7
2019-08-30,Warangal (U),Khilla Warangal,0.0,24.7,35.2,63.5,100.0,0.0,4.2
2019-08-31,Warangal (U),Khilla Warangal,23.5,23.2,35.2,66.5,100.0,0.0,5.3
2019-09-01,Warangal (U),Khilla Warangal,112.3,24.9,34.8,72.7,100.0,0.0,5.6
2019-09-02,Warangal (U),Khilla Warangal,19.0,21.9,33.0,76.9,100.0,0.0,6.9
2019-09-03,Warangal (U),Khilla Warangal,1.8,24.9,30.2,83.7,98.3,0.0,5.3
2019-09-04,Warangal (U),Khilla Warangal,3.0,24.8,30.1,78.8,97.6,0.0,6.4
2019-09-05,Warangal (U),Khilla Warangal,0.0,24.3,32.6,77.0,95.8,0.0,6.6
2019-09-06,Warangal (U),Khilla Warangal,3.5,24.9,35.2,66.9,98.8,0.0,5.3
2019-09-07,Warangal (U),Khilla Warangal,5.5,24.4,29.8,81.3,99.0,0.0,6.5
2019-09-08,Warangal (U),Khilla Warangal,2.3,24.4,30.7,79.5,99.0,0.0,5.6
2019-09-09,Warangal (U),Khilla Warangal,8.8,24.4,32.6,74.6,100.0,0.0,6.8
