Date,District,Mandal,Rainfall (mm),temp_min (⁰C),temp_max (⁰C),humidity_min (%),Humidity_max (%),wind_speed_min (Kmph),wind_speed_max (Kmph)
2019-01-01,Warangal (R),Chennaraopeta,0.0,10.2,27.6,26.4,86.9,0.0,2.3
2019-01-02,Warangal (R),Chennaraopeta,0.0,10.1,29.3,18.5,90.4,0.0,2.2
2019-01-03,Warangal (R),Chennaraopeta,0.0,12.1,29.4,31.1,94.6,0.0,2.5
2019-01-04,Warangal (R),Chennaraopeta,0.0,12.9,30.1,34.7,93.2,0.0,1.2
2019-01-05,Warangal (R),Chennaraopeta,0.0,15.2,29.1,48.2,94.9,0.0,2.0
2019-01-06,Warangal (R),Chennaraopeta,0.0,16.2,29.1,40.4,97.6,0.0,1.4
2019-01-07,Warangal (R),Chennaraopeta,0.0,14.6,28.1,53.6,97.4,0.0,2.0
2019-01-08,Warangal (R),Chennaraopeta,0.0,14.6,29.0,48.6,86.4,0.0,1.6
2019-01-09,Warangal (R),Chennaraopeta,0.0,13.6,28.9,30.7,80.7,0.0,2.6
2019-01-10,Warangal (R),Chennaraopeta,0.0,11.7,29.6,21.1,87.2,0.0,2.1
2019-01-11,Warangal (R),Chennaraopeta,0.0,15.9,29.1,43.2,95.6,0.0,1.8
2019-01-12,Warangal (R),Chennaraopeta,0.0,16.9,28.6,51.8,93.4,0.0,3.0
2019-01-13,Warangal (R),Chennaraopeta,0.0,18.2,28.2,54.5,97.6,0.0,1.9
2019-01-14,Warangal (R),Chennaraopeta,0.0,15.4,29.0,48.9,97.2,0.0,2.7
2019-01-15,Warangal (R),Chennaraopeta,0.0,16.2,30.2,42.8,94.2,0.0,1.3
2019-01-16,Warangal (R),Chennaraopeta,0.0,14.0,29.8,41.3,95.4,0.0,2.1
2019-01-17,Warangal (R),Chennaraopeta,0.0,14.0,29.8,28.6,93.5,0.0,1.8
2019-01-18,Warangal (R),Chennaraopeta,0.0,15.9,28.9,49.0,95.6,0.0,1.4
2019-01-19,Warangal (R),Chennaraopeta,0.0,14.5,30.8,35.8,94.5,0.0,1.2
2019-01-20,Warangal (R),Chennaraopeta,0.0,14.2,30.1,44.3,98.6,0.0,1.6
2019-01-21,Warangal (R),Chennaraopeta,0.0,14.3,31.4,30.3,100.0,0.0,1.7
2019-01-22,Warangal (R),Chennaraopeta,0.0,16.8,30.7,45.0,100.0,0.0,1.2
2019-01-23,Warangal (R),Chennaraopeta,0.0,16.9,29.5,46.4,95.6,0.0,2.2
2019-01-24,Warangal (R),Chennaraopeta,0.0,18.5,29.8,46.8,94.9,0.0,2.8
2019-01-25,Warangal (R),Chennaraopeta,0.0,19.8,30.1,49.2,95.4,0.0,2.1
2019-01-26,Warangal (R),Chennaraopeta,0.0,20.5,28.3,60.5,93.8,0.1,3.6
2019-01-27,Warangal (R),Chennaraopeta,0.0,19.7,28.2,62.9,93.7,0.2,2.0
2019-01-28,Warangal (R),Chennaraopeta,8.7,18.8,23.4,85.5,94.7,0.3,3.2
2019-01-29,Warangal (R),Chennaraopeta,0.0,14.8,23.6,75.4,95.4,0.0,2.6
2019-01-30,Warangal (R),Chennaraopeta,0.0,9.6,26.0,37.6,95.1,0.0,0.3
2019-01-31,Warangal (R),Chennaraopeta,0.0,11.9,28.1,31.7,100.0,0.0,1.7
2019-02-01,Warangal (R),Chennaraopeta,0.0,16.2,28.4,44.2,100.0,0.0,2.4
2019-02-02,Warangal (R),Chennaraopeta,0.0,14.8,29.4,39.4,100.0,0.0,2.2
2019-02-03,Warangal (R),Chennaraopeta,0.0,15.4,30.4,39.1,100.0,0.0,2.4
2019-02-04,Warangal (R),Chennaraopeta,0.0,15.4,30.5,44.0,98.6,0.0,2.3
2019-02-05,Warangal (R),Chennaraopeta,0.0,15.5,31.5,36.6,99.3,0.0,1.2
2019-02-06,Warangal (R),Chennaraopeta,0.0,16.1,31.5,33.0,100.0,0.0,1.5
2019-02-07,Warangal (R),Chennaraopeta,0.0,18.8,30.2,44.4,98.0,0.0,2.1
2019-02-08,Warangal (R),Chennaraopeta,0.0,20.3,29.6,43.3,95.0,0.2,3.5
2019-02-09,Warangal (R),Chennaraopeta,0.0,19.9,28.9,48.3,99.2,0.0,2.4
2019-02-10,Warangal (R),Chennaraopeta,0.0,14.0,28.5,27.1,66.7,0.0,2.2
2019-02-11,Warangal (R),Chennaraopeta,0.0,18.3,31.5,35.4,92.2,0.0,1.8
2019-02-12,Warangal (R),Chennaraopeta,0.0,20.1,30.7,51.0,97.8,0.0,2.3
2019-02-13,Warangal (R),Chennaraopeta,0.0,19.0,31.1,51.2,99.2,0.0,2.0
2019-02-14,Warangal (R),Chennaraopeta,0.0,18.9,32.6,35.2,100.0,0.0,1.9
2019-02-15,Warangal (R),Chennaraopeta,0.0,18.8,32.5,32.3,97.1,0.0,1.9
2019-02-16,Warangal (R),Chennaraopeta,0.0,21.3,32.5,40.5,94.6,0.3,2.9
2019-02-17,Warangal (R),Chennaraopeta,0.0,22.2,32.2,48.6,95.1,0.1,2.7
2019-02-18,Warangal (R),Chennaraopeta,0.0,20.2,31.4,51.1,98.5,0.0,2.5
2019-02-19,Warangal (R),Chennaraopeta,0.0,20.0,33.3,41.3,94.5,0.0,2.0
2019-02-20,Warangal (R),Chennaraopeta,0.0,22.8,33.1,50.6,96.2,0.0,2.7
2019-02-21,Warangal (R),Chennaraopeta,0.0,20.8,32.3,49.0,99.4,0.0,3.0
2019-02-22,Warangal (R),Chennaraopeta,0.0,20.8,33.8,34.6,95.8,0.0,2.3
2019-02-23,Warangal (R),Chennaraopeta,0.0,19.7,37.3,25.5,84.8,0.0,1.9
2019-02-24,Warangal (R),Chennaraopeta,0.0,19.8,37.3,26.7,73.8,0.0,1.7
2019-02-25,Warangal (R),Chennaraopeta,0.0,20.0,36.8,27.8,93.1,0.4,2.8
2019-02-26,Warangal (R),Chennaraopeta,0.0,21.4,36.9,20.9,96.2,0.4,3.4
2019-02-27,Warangal (R),Chennaraopeta,0.0,22.1,33.2,42.1,96.7,0.2,2.9
2019-02-28,Warangal (R),Chennaraopeta,3.0,21.9,31.6,50.7,99.6,0.1,2.7
2019-03-01,Warangal (R),Chennaraopeta,0.0,20.1,32.3,44.4,99.3,0.0,1.3
2019-03-02,Warangal (R),Chennaraopeta,0.0,22.9,33.7,45.5,95.8,0.0,2.6
2019-03-03,Warangal (R),Chennaraopeta,0.0,22.2,32.6,50.4,96.9,0.2,2.7
2019-03-04,Warangal (R),Chennaraopeta,0.0,22.9,32.4,50.5,95.2,0.3,3.2
2019-03-05,Warangal (R),Chennaraopeta,0.0,23.8,34.7,47.3,91.7,0.0,3.2
2019-03-06,Warangal (R),Chennaraopeta,0.0,19.7,35.3,34.3,98.4,0.0,2.0
2019-03-07,Warangal (R),Chennaraopeta,0.0,17.1,35.2,23.3,87.0,0.0,2.6
2019-03-08,Warangal (R),Chennaraopeta,0.0,22.4,34.8,34.5,94.3,0.0,1.7
2019-03-09,Warangal (R),Chennaraopeta,0.0,21.4,35.8,34.6,93.8,0.0,2.2
2019-03-10,Warangal (R),Chennaraopeta,0.0,24.2,35.3,42.9,92.3,0.1,3.1
2019-03-11,Warangal (R),Chennaraopeta,0.0,23.8,35.2,43.3,92.4,0.3,3.1
2019-03-12,Warangal (R),Chennaraopeta,0.0,23.3,35.8,39.5,92.5,0.1,3.1
2019-03-13,Warangal (R),Chennaraopeta,0.0,22.5,36.8,35.4,95.9,0.0,2.2
2019-03-14,Warangal (R),Chennaraopeta,0.0,22.0,36.6,29.3,87.4,0.4,2.9
2019-03-15,Warangal (R),Chennaraopeta,0.0,23.4,38.0,19.7,75.6,0.2,2.7
2019-03-16,Warangal (R),Chennaraopeta,0.0,21.1,37.6,21.1,93.8,0.0,4.0
2019-03-17,Warangal (R),Chennaraopeta,0.0,22.1,36.1,29.5,94.5,0.9,2.8
2019-03-18,Warangal (R),Chennaraopeta,0.0,21.5,35.7,35.3,91.3,0.7,3.5
2019-03-19,Warangal (R),Chennaraopeta,0.0,22.6,33.3,40.3,85.2,0.8,2.8
2019-03-20,Warangal (R),Chennaraopeta,0.0,24.3,35.4,44.3,90.6,0.4,4.0
2019-03-21,Warangal (R),Chennaraopeta,0.0,24.0,34.8,45.3,88.4,0.5,3.6
2019-03-22,Warangal (R),Chennaraopeta,0.0,23.3,35.9,30.9,91.5,0.6,3.5
2019-03-23,Warangal (R),Chennaraopeta,0.0,23.4,35.9,43.0,93.8,0.3,2.7
2019-03-24,Warangal (R),Chennaraopeta,0.0,24.4,37.8,31.3,88.0,0.0,2.4
2019-03-25,Warangal (R),Chennaraopeta,0.0,21.4,38.0,35.4,92.4,0.0,2.1
2019-03-26,Warangal (R),Chennaraopeta,0.0,24.2,38.0,35.1,91.7,0.3,2.1
2019-03-27,Warangal (R),Chennaraopeta,0.0,24.2,37.3,34.3,90.5,0.5,2.6
2019-03-28,Warangal (R),Chennaraopeta,0.0,24.2,38.0,28.3,91.5,0.0,2.4
2019-03-29,Warangal (R),Chennaraopeta,0.0,24.1,37.8,28.1,90.7,0.0,2.1
2019-03-30,Warangal (R),Chennaraopeta,0.0,23.9,39.2,43.7,70.0,1.2,2.5
2019-03-31,Warangal (R),Chennaraopeta,0.0,23.9,38.2,30.7,94.9,0.1,2.0
2019-04-01,Warangal (R),Chennaraopeta,0.0,26.2,40.3,21.0,91.4,0.5,2.5
2019-04-02,Warangal (R),Chennaraopeta,0.0,24.5,38.6,31.6,93.6,0.5,3.4
2019-04-03,Warangal (R),Chennaraopeta,0.0,24.1,39.2,20.6,88.7,0.8,4.3
2019-04-04,Warangal (R),Chennaraopeta,0.0,24.2,37.2,34.3,92.7,0.3,3.2
2019-04-05,Warangal (R),Chennaraopeta,0.0,24.0,36.7,37.1,85.8,0.2,3.5
2019-04-06,Warangal (R),Chennaraopeta,0.0,25.5,38.4,25.3,93.3,0.0,1.8
2019-04-07,Warangal (R),Chennaraopeta,0.0,23.5,39.7,25.2,74.6,0.0,3.7
2019-04-08,Warangal (R),Chennaraopeta,0.0,25.5,39.7,28.0,88.5,0.2,3.6
2019-04-09,Warangal (R),Chennaraopeta,0.0,26.1,37.9,33.8,89.1,1.1,3.7
2019-04-10,Warangal (R),Chennaraopeta,0.0,26.8,37.8,37.8,87.2,1.0,3.0
2019-04-11,Warangal (R),Chennaraopeta,0.0,25.6,39.3,26.4,88.9,0.0,4.0
2019-04-12,Warangal (R),Chennaraopeta,0.0,25.7,41.5,19.9,83.6,0.1,2.2
2019-04-13,Warangal (R),Chennaraopeta,1.3,23.2,40.0,25.0,82.5,0.2,3.4
2019-04-14,Warangal (R),Chennaraopeta,0.0,25.0,39.8,19.8,86.6,0.1,2.2
2019-04-15,Warangal (R),Chennaraopeta,0.0,25.0,40.1,23.4,86.5,0.4,2.3
2019-04-16,Warangal (R),Chennaraopeta,0.0,23.0,40.4,21.1,68.2,0.0,2.4
2019-04-17,Warangal (R),Chennaraopeta,0.0,22.4,39.2,17.3,91.6,0.2,2.6
2019-04-18,Warangal (R),Chennaraopeta,0.0,25.3,37.9,27.9,87.2,0.2,3.3
2019-04-19,Warangal (R),Chennaraopeta,0.0,26.1,37.9,35.6,91.6,0.2,4.2
2019-04-20,Warangal (R),Chennaraopeta,0.8,24.2,38.1,32.6,91.4,0.2,4.0
2019-04-21,Warangal (R),Chennaraopeta,2.5,26.4,38.0,36.8,91.4,0.5,4.8
2019-04-22,Warangal (R),Chennaraopeta,0.0,27.0,38.9,30.1,80.6,0.0,3.5
2019-04-23,Warangal (R),Chennaraopeta,0.0,24.8,37.2,24.2,82.4,0.2,2.9
2019-04-24,Warangal (R),Chennaraopeta,0.0,24.5,39.3,24.2,76.7,0.1,3.8
2019-04-25,Warangal (R),Chennaraopeta,0.0,26.1,39.5,25.6,84.4,0.4,2.3
2019-04-26,Warangal (R),Chennaraopeta,0.0,26.4,40.7,23.5,82.0,0.1,2.7
2019-04-27,Warangal (R),Chennaraopeta,0.0,27.5,41.0,24.9,81.1,0.6,2.7
2019-04-28,Warangal (R),Chennaraopeta,0.0,27.2,42.0,19.9,82.6,0.4,2.9
2019-04-29,Warangal (R),Chennaraopeta,0.0,24.9,40.7,23.8,86.8,0.7,2.8
2019-04-30,Warangal (R),Chennaraopeta,0.0,27.1,40.7,27.1,85.7,0.6,2.9
2019-05-01,Warangal (R),Chennaraopeta,0.0,28.9,40.8,25.6,74.1,0.3,3.9
2019-05-02,Warangal (R),Chennaraopeta,0.0,27.9,39.8,30.0,68.2,0.2,3.1
2019-05-03,Warangal (R),Chennaraopeta,0.0,27.5,41.2,17.1,65.9,0.0,2.4
2019-05-04,Warangal (R),Chennaraopeta,0.0,24.0,39.0,16.2,61.1,0.0,1.3
2019-05-05,Warangal (R),Chennaraopeta,0.0,24.2,42.1,13.9,58.3,0.0,2.5
2019-05-06,Warangal (R),Chennaraopeta,0.0,26.3,43.6,12.0,56.4,0.0,2.2
2019-05-07,Warangal (R),Chennaraopeta,0.0,29.6,43.0,13.5,80.1,0.0,3.0
2019-05-08,Warangal (R),Chennaraopeta,0.0,28.3,42.6,16.6,80.9,0.0,2.5
2019-05-09,Warangal (R),Chennaraopeta,0.0,28.0,42.7,17.9,65.1,0.1,2.0
2019-05-10,Warangal (R),Chennaraopeta,0.0,28.2,43.3,12.6,71.2,0.0,3.4
2019-05-11,Warangal (R),Chennaraopeta,0.0,30.4,43.2,23.4,71.1,0.2,2.7
2019-05-12,Warangal (R),Chennaraopeta,0.0,26.2,41.2,26.8,82.2,0.0,4.2
2019-05-13,Warangal (R),Chennaraopeta,0.5,27.4,37.7,29.2,89.3,0.2,2.7
2019-05-14,Warangal (R),Chennaraopeta,0.8,27.7,40.9,27.3,78.9,0.2,2.9
2019-05-15,Warangal (R),Chennaraopeta,0.5,28.6,39.9,32.5,84.9,0.0,3.2
2019-05-16,Warangal (R),Chennaraopeta,0.0,27.6,38.9,39.6,80.6,0.0,3.8
2019-05-17,Warangal (R),Chennaraopeta,0.0,27.7,41.1,27.0,86.2,0.0,3.4
2019-05-18,Warangal (R),Chennaraopeta,0.0,28.4,40.9,32.1,84.5,0.3,4.2
2019-05-19,Warangal (R),Chennaraopeta,0.0,29.2,42.7,23.3,79.5,0.0,2.7
2019-05-20,Warangal (R),Chennaraopeta,0.0,28.7,43.0,28.2,81.9,0.2,3.5
2019-05-21,Warangal (R),Chennaraopeta,0.0,27.4,41.0,25.1,84.9,0.2,2.7
2019-05-22,Warangal (R),Chennaraopeta,0.0,27.6,40.6,29.9,85.0,0.0,3.0
2019-05-23,Warangal (R),Chennaraopeta,0.0,27.9,41.9,24.8,76.5,0.4,3.1
2019-05-24,Warangal (R),Chennaraopeta,0.0,27.9,39.7,30.4,79.5,1.1,3.1
2019-05-25,Warangal (R),Chennaraopeta,0.0,28.9,41.7,27.0,77.0,0.0,3.0
2019-05-26,Warangal (R),Chennaraopeta,0.0,29.8,43.2,24.1,72.4,0.0,2.7
2019-05-27,Warangal (R),Chennaraopeta,0.0,29.8,44.1,18.6,78.4,0.0,2.9
2019-05-28,Warangal (R),Chennaraopeta,0.0,29.8,44.0,21.8,79.8,0.6,4.2
2019-05-29,Warangal (R),Chennaraopeta,0.0,30.4,42.6,26.1,81.8,0.2,4.4
2019-05-30,Warangal (R),Chennaraopeta,0.0,27.5,41.4,33.4,66.3,0.2,5.2
2019-05-31,Warangal (R),Chennaraopeta,0.0,27.9,35.5,52.4,89.4,0.3,3.7
2019-06-01,Warangal (R),Chennaraopeta,0.0,29.0,40.5,34.0,82.2,0.9,3.1
2019-06-02,Warangal (R),Chennaraopeta,0.0,28.5,37.9,36.5,83.3,0.0,3.2
2019-06-03,Warangal (R),Chennaraopeta,0.0,30.6,42.1,30.0,77.6,0.8,4.6
2019-06-04,Warangal (R),Chennaraopeta,0.0,29.0,39.6,36.9,64.0,0.1,4.3
2019-06-05,Warangal (R),Chennaraopeta,0.0,29.7,40.5,30.3,81.6,0.7,2.6
2019-06-06,Warangal (R),Chennaraopeta,0.0,30.7,42.8,27.9,70.7,0.4,4.6
2019-06-07,Warangal (R),Chennaraopeta,0.0,28.7,40.3,37.2,71.0,0.2,5.7
2019-06-08,Warangal (R),Chennaraopeta,0.0,25.2,40.2,32.5,88.3,0.3,3.0
2019-06-09,Warangal (R),Chennaraopeta,0.0,30.2,39.3,32.4,69.5,0.0,1.9
2019-06-10,Warangal (R),Chennaraopeta,0.0,31.3,41.4,30.1,63.7,0.8,2.8
2019-06-11,Warangal (R),Chennaraopeta,0.0,28.8,40.5,31.9,78.7,0.7,3.6
2019-06-12,Warangal (R),Chennaraopeta,0.0,31.4,41.1,28.4,60.7,0.5,2.7
2019-06-13,Warangal (R),Chennaraopeta,0.0,30.4,41.1,29.4,57.7,0.6,3.4
2019-06-14,Warangal (R),Chennaraopeta,0.0,30.8,40.6,28.7,55.0,0.6,3.4
2019-06-15,Warangal (R),Chennaraopeta,0.0,31.9,40.2,30.9,52.3,0.5,3.3
2019-06-16,Warangal (R),Chennaraopeta,0.0,32.5,40.8,27.2,49.0,0.2,3.4
2019-06-17,Warangal (R),Chennaraopeta,0.0,30.9,40.6,26.9,57.4,0.1,4.3
2019-06-18,Warangal (R),Chennaraopeta,2.4,27.3,36.8,39.2,86.1,0.0,3.5
2019-06-19,Warangal (R),Chennaraopeta,0.2,31.5,38.4,33.6,54.0,0.0,3.3
2019-06-20,Warangal (R),Chennaraopeta,0.0,32.2,41.4,29.8,56.6,0.2,2.8
2019-06-21,Warangal (R),Chennaraopeta,34.7,25.1,37.8,43.7,95.8,0.1,2.6
2019-06-22,Warangal (R),Chennaraopeta,0.0,26.4,33.0,66.8,91.1,0.2,2.5
2019-06-23,Warangal (R),Chennaraopeta,15.0,26.0,33.5,57.9,96.1,0.0,2.1
2019-06-24,Warangal (R),Chennaraopeta,4.3,24.9,31.1,75.4,97.3,0.1,1.6
2019-06-25,Warangal (R),Chennaraopeta,0.0,27.3,36.8,45.0,89.0,0.5,3.2
2019-06-26,Warangal (R),Chennaraopeta,0.0,27.5,37.3,45.9,86.8,0.4,2.6
2019-06-27,Warangal (R),Chennaraopeta,0.0,27.2,37.2,49.7,86.4,0.3,2.6
2019-06-28,Warangal (R),Chennaraopeta,0.0,28.9,37.9,45.2,75.4,0.1,2.8
2019-06-29,Warangal (R),Chennaraopeta,0.0,27.4,35.2,50.4,86.5,0.2,2.7
2019-06-30,Warangal (R),Chennaraopeta,12.4,24.3,32.6,63.0,96.8,0.2,2.2
2019-07-01,Warangal (R),Chennaraopeta,5.4,24.3,30.1,70.5,95.9,0.0,2.8
2019-07-02,Warangal (R),Chennaraopeta,12.6,24.1,30.1,70.5,97.3,0.0,2.8
2019-07-03,Warangal (R),Chennaraopeta,8.1,24.7,30.3,74.5,97.3,0.0,2.4
2019-07-04,Warangal (R),Chennaraopeta,0.0,26.1,32.3,63.1,87.0,0.0,3.3
2019-07-05,Warangal (R),Chennaraopeta,0.4,26.7,35.5,47.7,85.4,0.0,4.6
2019-07-06,Warangal (R),Chennaraopeta,8.3,25.2,31.5,65.3,96.5,0.0,2.3
2019-07-07,Warangal (R),Chennaraopeta,0.0,27.3,32.9,59.1,88.9,0.0,2.5
2019-07-08,Warangal (R),Chennaraopeta,4.0,24.1,35.3,49.2,96.3,0.0,3.5
2019-07-09,Warangal (R),Chennaraopeta,6.3,25.2,35.8,50.5,96.5,0.0,3.7
2019-07-10,Warangal (R),Chennaraopeta,1.7,25.1,33.8,58.9,97.1,0.0,2.5
2019-07-11,Warangal (R),Chennaraopeta,3.1,25.6,35.4,53.3,95.3,0.0,3.3
2019-07-12,Warangal (R),Chennaraopeta,18.6,24.6,34.7,54.1,97.8,0.0,2.1
2019-07-13,Warangal (R),Chennaraopeta,6.9,24.9,35.3,54.6,97.5,0.0,1.8
2019-07-14,Warangal (R),Chennaraopeta,0.0,25.4,35.4,57.2,92.2,0.0,1.4
2019-07-15,Warangal (R),Chennaraopeta,0.0,25.6,35.3,49.9,89.3,0.0,2.9
2019-07-16,Warangal (R),Chennaraopeta,0.0,25.0,35.6,49.0,93.1,0.4,3.9
2019-07-17,Warangal (R),Chennaraopeta,0.0,25.4,36.6,45.2,91.9,0.0,2.7
2019-07-18,Warangal (R),Chennaraopeta,0.0,28.2,37.5,42.8,81.1,0.0,2.2
2019-07-19,Warangal (R),Chennaraopeta,1.1,25.0,38.0,45.8,95.2,0.0,1.7
2019-07-20,Warangal (R),Chennaraopeta,1.3,25.1,35.1,57.4,94.6,0.0,1.5
2019-07-21,Warangal (R),Chennaraopeta,5.6,25.8,32.7,69.4,97.3,0.2,2.9
2019-07-22,Warangal (R),Chennaraopeta,0.0,26.1,35.6,57.0,95.1,0.2,3.3
2019-07-23,Warangal (R),Chennaraopeta,0.0,26.5,35.2,55.6,94.2,0.6,3.2
2019-07-24,Warangal (R),Chennaraopeta,0.0,25.8,36.4,51.9,91.8,0.4,2.8
2019-07-25,Warangal (R),Chennaraopeta,0.0,28.3,36.3,50.7,76.3,0.5,2.0
2019-07-26,Warangal (R),Chennaraopeta,22.0,22.4,34.6,55.7,97.3,0.1,3.7
2019-07-27,Warangal (R),Chennaraopeta,18.2,23.2,26.8,90.9,99.1,0.2,3.4
2019-07-28,Warangal (R),Chennaraopeta,43.1,23.6,27.7,90.7,99.4,0.0,1.8
2019-07-29,Warangal (R),Chennaraopeta,37.5,22.4,26.5,92.7,99.7,0.2,2.0
2019-07-30,Warangal (R),Chennaraopeta,9.8,23.9,26.1,91.8,98.0,0.2,2.7
2019-07-31,Warangal (R),Chennaraopeta,0.0,24.9,30.1,72.5,90.3,0.7,3.5
2019-08-01,Warangal (R),Chennaraopeta,14.8,24.4,33.5,64.9,96.9,0.0,2.5
2019-08-02,Warangal (R),Chennaraopeta,65.9,23.6,32.1,72.5,99.7,0.2,3.4
2019-08-03,Warangal (R),Chennaraopeta,49.3,23.8,24.8,93.3,99.4,0.6,2.5
2019-08-04,Warangal (R),Chennaraopeta,2.2,24.1,29.3,77.2,100.0,0.0,2.3
2019-08-05,Warangal (R),Chennaraopeta,0.0,24.9,29.9,78.0,91.3,0.2,3.1
2019-08-06,Warangal (R),Chennaraopeta,10.7,22.4,32.6,71.7,97.3,0.0,2.2
2019-08-07,Warangal (R),Chennaraopeta,96.1,23.5,25.4,95.4,99.8,0.1,2.3
2019-08-08,Warangal (R),Chennaraopeta,34.2,24.4,26.3,91.2,99.2,0.0,2.0
2019-08-09,Warangal (R),Chennaraopeta,7.4,23.5,31.3,71.7,98.4,0.2,4.7
2019-08-10,Warangal (R),Chennaraopeta,0.0,25.7,32.5,68.0,86.9,0.2,2.2
2019-08-11,Warangal (R),Chennaraopeta,0.0,25.4,33.4,66.2,95.5,0.0,2.0
2019-08-12,Warangal (R),Chennaraopeta,0.0,26.0,33.0,63.4,94.5,0.0,2.5
2019-08-13,Warangal (R),Chennaraopeta,0.0,25.9,32.6,69.2,97.2,0.0,2.3
2019-08-14,Warangal (R),Chennaraopeta,0.0,25.7,30.4,74.6,96.8,0.0,3.2
2019-08-15,Warangal (R),Chennaraopeta,0.0,25.4,32.0,72.7,97.5,0.0,1.7
2019-08-16,Warangal (R),Chennaraopeta,0.0,26.2,33.2,65.1,97.9,0.0,1.6
2019-08-17,Warangal (R),Chennaraopeta,0.0,25.5,34.2,62.6,98.2,0.0,1.4
2019-08-18,Warangal (R),Chennaraopeta,0.0,26.2,33.4,60.6,98.0,0.0,1.6
2019-08-19,Warangal (R),Chennaraopeta,25.6,23.8,30.7,80.7,100.0,0.0,3.3
2019-08-20,Warangal (R),Chennaraopeta,0.0,24.9,33.5,67.0,98.8,0.0,1.6
2019-08-21,Warangal (R),Chennaraopeta,5.6,24.2,31.1,78.4,100.0,0.0,2.0
2019-08-22,Warangal (R),Chennaraopeta,1.7,24.4,32.2,71.5,99.1,0.0,2.6
2019-08-23,Warangal (R),Chennaraopeta,9.0,23.6,31.8,74.6,98.9,0.0,1.7
2019-08-24,Warangal (R),Chennaraopeta,4.3,24.6,27.5,87.0,99.2,0.0,2.2
2019-08-25,Warangal (R),Chennaraopeta,0.0,24.3,32.2,74.3,97.7,0.0,1.4
2019-08-26,Warangal (R),Chennaraopeta,7.2,24.5,32.1,66.6,99.8,0.0,2.0
2019-08-27,Warangal (R),Chennaraopeta,7.3,24.7,31.5,73.4,97.9,0.0,1.1
2019-08-28,Warangal (R),Chennaraopeta,0.0,24.6,32.9,55.2,96.0,0.0,1.7
2019-08-29,Warangal (R),Chennaraopeta,0.0,25.4,33.7,62.3,98.8,0.0,2.0
2019-08-30,Warangal (R),Chennaraopeta,0.0,25.8,34.5,58.3,95.2,0.0,1.7
2019-08-31,Warangal (R),Chennaraopeta,3.4,24.6,33.2,69.0,98.4,0.0,2.0
2019-09-01,Warangal (R),Chennaraopeta,131.3,22.9,30.2,76.9,100.0,0.0,1.6
2019-09-02,Warangal (R),Chennaraopeta,66.4,22.6,30.3,76.3,99.3,0.0,2.5
2019-09-03,Warangal (R),Chennaraopeta,1.3,24.1,27.9,81.4,96.7,0.0,2.2
2019-09-04,Warangal (R),Chennaraopeta,1.6,24.5,28.0,85.2,97.5,0.0,2.1
2019-09-05,Warangal (R),Chennaraopeta,8.3,24.3,30.2,78.5,97.7,0.0,1.8
2019-09-06,Warangal (R),Chennaraopeta,4.1,24.2,32.2,70.8,97.4,0.0,2.3
2019-09-07,Warangal (R),Chennaraopeta,1.5,24.3,27.3,85.4,96.3,0.0,1.2
2019-09-08,Warangal (R),Chennaraopeta,5.5,24.5,29.2,82.7,97.8,0.0,1.2
2019-09-09,Warangal (R),Chennaraopeta,1.6,24.6,31.2,74.1,98.5,0.0,1.9
