Date,District,Mandal,Rainfall (mm),temp_min (⁰C),temp_max (⁰C),humidity_min (%),Humidity_max (%),wind_speed_min (Kmph),wind_speed_max (Kmph)
2019-01-01,Warangal (R),Parvathagiri,0.0,9.4,28.1,26.4,74.4,0.0,5.4
2019-01-02,Warangal (R),Parvathagiri,0.0,8.4,29.7,18.9,81.4,0.0,5.8
2019-01-03,Warangal (R),Parvathagiri,0.0,10.4,29.7,28.7,84.9,0.0,6.8
2019-01-04,Warangal (R),Parvathagiri,0.0,10.6,31.1,32.3,83.9,0.0,4.2
2019-01-05,Warangal (R),Parvathagiri,0.0,13.7,29.5,39.3,85.4,0.0,6.5
2019-01-06,Warangal (R),Parvathagiri,0.0,13.4,28.8,40.5,85.3,0.0,10.0
2019-01-07,Warangal (R),Parvathagiri,0.0,13.0,28.0,51.3,85.9,0.0,8.9
2019-01-08,Warangal (R),Parvathagiri,0.0,14.2,30.3,42.3,85.6,0.0,7.8
2019-01-09,Warangal (R),Parvathagiri,0.0,10.5,30.7,29.4,74.8,0.0,4.9
2019-01-10,Warangal (R),Parvathagiri,0.0,10.4,30.9,20.7,76.8,0.0,7.1
2019-01-11,Warangal (R),Parvathagiri,0.0,13.9,29.1,38.0,84.6,0.0,6.6
2019-01-12,Warangal (R),Parvathagiri,0.0,16.5,28.5,45.2,85.1,0.0,8.7
2019-01-13,Warangal (R),Parvathagiri,0.0,17.0,28.3,50.5,85.2,0.0,13.1
2019-01-14,Warangal (R),Parvathagiri,0.0,13.8,29.2,45.1,85.4,0.0,9.3
2019-01-15,Warangal (R),Parvathagiri,0.0,15.4,30.3,41.6,85.3,0.0,8.2
2019-01-16,Warangal (R),Parvathagiri,0.0,13.0,30.6,37.3,84.8,0.0,6.4
2019-01-17,Warangal (R),Parvathagiri,0.0,12.5,30.6,28.6,81.3,0.0,3.9
2019-01-18,Warangal (R),Parvathagiri,0.0,13.7,28.8,42.1,85.3,0.0,5.8
2019-01-19,Warangal (R),Parvathagiri,0.0,13.8,31.8,35.6,85.3,0.0,7.0
2019-01-20,Warangal (R),Parvathagiri,0.0,12.7,30.2,37.2,85.1,0.0,7.9
2019-01-21,Warangal (R),Parvathagiri,0.0,12.8,31.1,26.7,84.9,0.0,5.9
2019-01-22,Warangal (R),Parvathagiri,0.0,14.7,30.7,35.8,85.2,0.0,8.7
2019-01-23,Warangal (R),Parvathagiri,0.0,15.4,30.0,40.2,85.3,0.1,13.9
2019-01-24,Warangal (R),Parvathagiri,0.0,18.0,29.6,45.1,84.2,0.0,10.1
2019-01-25,Warangal (R),Parvathagiri,0.0,19.1,28.8,51.4,81.8,2.1,11.6
2019-01-26,Warangal (R),Parvathagiri,0.0,20.6,28.2,51.5,81.6,3.4,12.7
2019-01-27,Warangal (R),Parvathagiri,7.8,18.6,27.9,58.2,85.7,0.0,10.7
2019-01-28,Warangal (R),Parvathagiri,16.8,17.8,24.2,70.7,86.1,0.0,4.4
2019-01-29,Warangal (R),Parvathagiri,0.0,13.2,25.8,60.1,86.1,0.0,5.4
2019-01-30,Warangal (R),Parvathagiri,0.0,10.7,27.3,34.5,85.1,0.0,6.9
2019-01-31,Warangal (R),Parvathagiri,0.0,11.3,28.3,26.2,82.0,0.0,6.1
2019-02-01,Warangal (R),Parvathagiri,0.0,15.8,29.2,40.5,84.9,0.0,9.7
2019-02-02,Warangal (R),Parvathagiri,0.0,14.6,29.9,38.1,84.9,0.0,9.1
2019-02-03,Warangal (R),Parvathagiri,0.0,15.0,30.6,40.8,84.9,0.0,7.6
2019-02-04,Warangal (R),Parvathagiri,0.0,15.2,30.2,42.2,83.6,0.0,6.7
2019-02-05,Warangal (R),Parvathagiri,0.0,15.7,31.1,34.8,84.4,0.0,7.9
2019-02-06,Warangal (R),Parvathagiri,0.0,15.4,31.3,33.9,84.6,0.0,7.4
2019-02-07,Warangal (R),Parvathagiri,0.0,17.7,30.7,42.7,83.9,2.3,10.9
2019-02-08,Warangal (R),Parvathagiri,0.0,20.0,30.0,42.6,81.9,0.0,14.0
2019-02-09,Warangal (R),Parvathagiri,0.0,19.1,29.6,48.5,84.5,0.0,9.8
2019-02-10,Warangal (R),Parvathagiri,0.0,13.5,28.9,24.9,59.2,0.3,9.5
2019-02-11,Warangal (R),Parvathagiri,0.0,19.1,31.9,32.8,79.6,0.0,6.6
2019-02-12,Warangal (R),Parvathagiri,0.0,19.8,30.7,45.8,83.6,0.0,12.0
2019-02-13,Warangal (R),Parvathagiri,0.0,19.7,31.0,45.4,84.2,0.0,8.0
2019-02-14,Warangal (R),Parvathagiri,0.0,18.5,32.6,32.0,84.5,0.0,7.2
2019-02-15,Warangal (R),Parvathagiri,0.0,17.7,33.4,31.9,83.9,0.0,8.4
2019-02-16,Warangal (R),Parvathagiri,0.0,20.8,33.6,36.0,81.2,2.7,13.8
2019-02-17,Warangal (R),Parvathagiri,0.0,22.0,33.4,43.4,81.4,2.2,11.6
2019-02-18,Warangal (R),Parvathagiri,0.0,20.5,33.2,42.6,84.0,0.0,11.3
2019-02-19,Warangal (R),Parvathagiri,0.0,19.7,33.7,37.3,82.7,0.0,9.8
2019-02-20,Warangal (R),Parvathagiri,0.0,22.6,33.8,45.4,81.9,2.9,10.9
2019-02-21,Warangal (R),Parvathagiri,0.0,21.6,33.9,43.8,71.1,2.8,11.8
2019-02-22,Warangal (R),Parvathagiri,0.0,18.2,35.7,30.9,82.7,0.0,6.6
2019-02-23,Warangal (R),Parvathagiri,0.0,18.8,36.9,23.8,74.8,0.0,6.3
2019-02-24,Warangal (R),Parvathagiri,0.0,19.3,37.6,22.8,68.1,0.0,4.4
2019-02-25,Warangal (R),Parvathagiri,0.0,18.4,37.7,24.0,76.0,1.9,15.6
2019-02-26,Warangal (R),Parvathagiri,0.0,20.6,37.1,20.6,83.8,0.0,12.0
2019-02-27,Warangal (R),Parvathagiri,0.0,21.8,34.3,39.3,83.4,0.8,10.6
2019-02-28,Warangal (R),Parvathagiri,8.3,20.8,32.4,45.4,85.7,0.0,8.3
2019-03-01,Warangal (R),Parvathagiri,0.0,19.6,33.1,41.2,85.0,0.0,4.4
2019-03-02,Warangal (R),Parvathagiri,0.0,21.9,33.0,45.1,84.3,0.0,8.8
2019-03-03,Warangal (R),Parvathagiri,0.0,23.0,33.6,45.3,80.5,2.8,13.5
2019-03-04,Warangal (R),Parvathagiri,0.0,22.1,33.7,45.4,82.5,2.4,12.3
2019-03-05,Warangal (R),Parvathagiri,0.0,23.8,36.9,39.2,79.6,0.0,12.4
2019-03-06,Warangal (R),Parvathagiri,0.0,19.4,36.3,31.5,71.8,0.0,7.7
2019-03-07,Warangal (R),Parvathagiri,0.0,16.2,36.1,22.4,72.6,0.0,9.0
2019-03-08,Warangal (R),Parvathagiri,0.0,21.9,35.8,29.2,82.2,0.0,5.9
2019-03-09,Warangal (R),Parvathagiri,0.0,21.3,37.4,26.0,81.3,0.0,8.2
2019-03-10,Warangal (R),Parvathagiri,0.0,23.3,37.6,36.7,81.7,2.4,13.1
2019-03-11,Warangal (R),Parvathagiri,0.0,23.5,36.9,37.6,80.5,2.7,10.5
2019-03-12,Warangal (R),Parvathagiri,0.0,23.0,37.1,34.7,78.6,0.0,13.5
2019-03-13,Warangal (R),Parvathagiri,0.0,21.4,37.3,29.9,83.3,1.7,8.7
2019-03-14,Warangal (R),Parvathagiri,0.0,19.9,37.9,19.8,78.6,0.0,14.9
2019-03-15,Warangal (R),Parvathagiri,0.0,21.3,37.7,19.4,71.4,1.4,10.1
2019-03-16,Warangal (R),Parvathagiri,0.0,19.1,37.8,21.0,74.9,0.0,16.2
2019-03-17,Warangal (R),Parvathagiri,0.0,21.4,36.4,23.4,82.6,3.6,10.9
2019-03-18,Warangal (R),Parvathagiri,0.0,20.4,36.8,30.2,80.2,3.1,14.2
2019-03-19,Warangal (R),Parvathagiri,0.0,22.4,34.0,36.3,76.1,3.5,12.9
2019-03-20,Warangal (R),Parvathagiri,0.0,23.9,37.4,35.6,78.8,3.4,11.0
2019-03-21,Warangal (R),Parvathagiri,0.0,21.4,35.3,40.8,80.5,2.0,14.2
2019-03-22,Warangal (R),Parvathagiri,0.0,23.1,36.4,32.7,80.1,4.1,13.7
2019-03-23,Warangal (R),Parvathagiri,0.0,22.4,36.4,37.6,81.4,2.4,13.5
2019-03-24,Warangal (R),Parvathagiri,0.0,23.2,37.6,27.9,78.4,0.0,9.7
2019-03-25,Warangal (R),Parvathagiri,0.0,22.3,38.1,28.7,82.0,0.0,8.3
2019-03-26,Warangal (R),Parvathagiri,0.0,23.3,39.0,27.1,81.2,0.0,10.7
2019-03-27,Warangal (R),Parvathagiri,0.0,23.7,37.9,28.7,79.9,0.2,12.1
2019-03-28,Warangal (R),Parvathagiri,0.0,23.3,39.1,25.1,79.5,0.0,10.5
2019-03-29,Warangal (R),Parvathagiri,0.0,23.5,39.8,24.7,81.0,0.0,10.4
2019-03-30,Warangal (R),Parvathagiri,0.0,23.9,39.7,23.0,80.9,0.0,11.5
2019-03-31,Warangal (R),Parvathagiri,0.0,23.6,39.4,29.8,83.8,0.0,10.2
2019-04-01,Warangal (R),Parvathagiri,0.0,25.6,42.2,18.0,74.7,1.5,12.4
2019-04-02,Warangal (R),Parvathagiri,0.0,24.0,40.6,25.7,81.8,2.7,11.0
2019-04-03,Warangal (R),Parvathagiri,0.0,23.6,38.8,21.1,81.0,4.2,14.7
2019-04-04,Warangal (R),Parvathagiri,0.0,23.6,37.8,30.3,81.3,2.8,12.5
2019-04-05,Warangal (R),Parvathagiri,0.0,22.8,37.9,31.3,75.5,0.0,15.3
2019-04-06,Warangal (R),Parvathagiri,0.0,25.1,39.2,22.9,80.5,0.0,8.1
2019-04-07,Warangal (R),Parvathagiri,0.0,22.3,40.4,22.9,70.4,0.0,17.2
2019-04-08,Warangal (R),Parvathagiri,0.0,25.1,40.8,25.8,79.0,0.0,14.5
2019-04-09,Warangal (R),Parvathagiri,0.0,25.3,39.1,24.1,80.5,3.7,13.8
2019-04-10,Warangal (R),Parvathagiri,0.0,26.4,38.6,35.8,76.3,3.1,12.7
2019-04-11,Warangal (R),Parvathagiri,0.0,24.1,41.6,26.7,80.9,0.0,13.2
2019-04-12,Warangal (R),Parvathagiri,0.0,25.6,42.2,16.7,74.6,0.6,10.8
2019-04-13,Warangal (R),Parvathagiri,0.0,21.4,40.7,23.7,68.8,2.4,14.5
2019-04-14,Warangal (R),Parvathagiri,0.0,25.3,40.3,19.9,74.4,0.0,8.0
2019-04-15,Warangal (R),Parvathagiri,0.0,24.4,42.5,19.4,76.5,3.0,10.3
2019-04-16,Warangal (R),Parvathagiri,0.0,23.3,41.6,16.3,66.9,0.0,10.5
2019-04-17,Warangal (R),Parvathagiri,0.0,22.4,40.8,14.1,75.2,0.0,9.6
2019-04-18,Warangal (R),Parvathagiri,0.0,25.5,39.0,26.3,76.9,0.0,11.4
2019-04-19,Warangal (R),Parvathagiri,12.0,23.6,38.1,32.9,83.2,0.0,11.6
2019-04-20,Warangal (R),Parvathagiri,2.3,22.5,37.9,32.3,82.4,0.0,21.1
2019-04-21,Warangal (R),Parvathagiri,2.3,23.3,37.9,34.2,82.8,1.5,29.3
2019-04-22,Warangal (R),Parvathagiri,4.3,25.5,39.6,27.8,69.3,0.0,13.5
2019-04-23,Warangal (R),Parvathagiri,0.0,22.6,39.1,22.7,68.2,0.0,8.6
2019-04-24,Warangal (R),Parvathagiri,0.0,22.7,40.4,24.9,70.2,0.0,11.5
2019-04-25,Warangal (R),Parvathagiri,0.0,25.4,40.4,24.0,73.8,0.0,10.3
2019-04-26,Warangal (R),Parvathagiri,0.0,25.1,41.2,21.1,73.8,0.0,9.1
2019-04-27,Warangal (R),Parvathagiri,0.0,26.3,42.4,21.1,73.5,0.4,10.9
2019-04-28,Warangal (R),Parvathagiri,0.0,27.1,43.7,18.4,74.5,0.3,11.6
2019-04-29,Warangal (R),Parvathagiri,0.0,24.9,42.4,22.1,76.8,3.8,13.1
2019-04-30,Warangal (R),Parvathagiri,0.0,26.6,42.8,22.0,72.8,1.6,13.6
2019-05-01,Warangal (R),Parvathagiri,0.0,28.4,41.8,22.6,69.5,3.4,14.0
2019-05-02,Warangal (R),Parvathagiri,0.0,28.0,39.5,28.7,57.4,0.0,15.7
2019-05-03,Warangal (R),Parvathagiri,0.0,28.5,42.1,14.5,51.3,0.0,16.2
2019-05-04,Warangal (R),Parvathagiri,0.0,25.8,40.5,15.7,37.5,0.0,7.7
2019-05-05,Warangal (R),Parvathagiri,0.0,29.5,42.8,11.6,27.8,0.0,12.7
2019-05-06,Warangal (R),Parvathagiri,0.0,26.4,43.3,11.0,34.0,0.0,9.8
2019-05-07,Warangal (R),Parvathagiri,0.0,29.4,45.0,11.0,68.0,0.0,11.7
2019-05-08,Warangal (R),Parvathagiri,0.0,28.9,44.4,14.5,69.3,1.8,9.6
2019-05-09,Warangal (R),Parvathagiri,0.0,27.5,44.1,16.8,52.7,0.0,10.4
2019-05-10,Warangal (R),Parvathagiri,0.0,27.9,44.5,11.1,57.6,0.0,10.5
2019-05-11,Warangal (R),Parvathagiri,0.0,29.5,44.6,16.2,64.1,1.8,15.4
2019-05-12,Warangal (R),Parvathagiri,0.0,26.6,42.1,24.4,64.1,0.0,17.3
2019-05-13,Warangal (R),Parvathagiri,0.0,28.2,38.5,23.9,77.0,3.3,13.1
2019-05-14,Warangal (R),Parvathagiri,15.3,26.2,41.7,24.9,80.5,0.0,20.2
2019-05-15,Warangal (R),Parvathagiri,0.0,27.4,39.6,27.6,80.9,0.0,13.8
2019-05-16,Warangal (R),Parvathagiri,0.0,26.8,40.5,30.3,75.7,0.0,14.9
2019-05-17,Warangal (R),Parvathagiri,0.0,27.6,41.8,26.3,74.8,1.9,14.7
2019-05-18,Warangal (R),Parvathagiri,0.0,28.1,41.1,29.1,73.6,0.6,12.1
2019-05-19,Warangal (R),Parvathagiri,0.0,28.1,44.3,18.0,72.4,0.0,9.1
2019-05-20,Warangal (R),Parvathagiri,0.0,27.8,43.0,18.8,73.4,0.0,19.3
2019-05-21,Warangal (R),Parvathagiri,0.0,28.0,41.7,21.1,71.1,1.7,13.1
2019-05-22,Warangal (R),Parvathagiri,0.0,27.4,42.2,26.1,74.1,1.7,13.0
2019-05-23,Warangal (R),Parvathagiri,0.0,28.5,42.7,24.4,70.1,2.3,16.9
2019-05-24,Warangal (R),Parvathagiri,0.0,28.5,41.1,28.6,72.2,2.8,15.5
2019-05-25,Warangal (R),Parvathagiri,0.0,29.4,42.8,26.6,70.7,1.6,14.0
2019-05-26,Warangal (R),Parvathagiri,0.0,29.9,43.5,25.9,67.9,0.0,14.2
2019-05-27,Warangal (R),Parvathagiri,0.0,30.6,45.6,19.0,68.5,1.4,12.1
2019-05-28,Warangal (R),Parvathagiri,0.0,29.7,45.9,17.3,69.9,2.3,16.5
2019-05-29,Warangal (R),Parvathagiri,0.0,30.4,43.5,23.1,71.0,3.8,14.0
2019-05-30,Warangal (R),Parvathagiri,0.0,26.5,42.3,28.5,60.4,0.0,22.5
2019-05-31,Warangal (R),Parvathagiri,0.0,28.0,36.2,45.5,77.3,0.0,23.8
2019-06-01,Warangal (R),Parvathagiri,0.0,29.0,41.8,25.3,71.3,1.0,23.3
2019-06-02,Warangal (R),Parvathagiri,0.0,28.9,37.0,40.7,73.6,0.0,22.3
2019-06-03,Warangal (R),Parvathagiri,0.0,30.5,43.3,24.7,65.4,1.7,33.9
2019-06-04,Warangal (R),Parvathagiri,0.0,27.4,40.8,31.1,59.8,0.0,32.5
2019-06-05,Warangal (R),Parvathagiri,0.0,29.8,40.7,27.4,70.2,1.6,21.3
2019-06-06,Warangal (R),Parvathagiri,0.0,30.4,43.3,25.3,64.1,0.9,31.6
2019-06-07,Warangal (R),Parvathagiri,0.0,27.7,40.7,32.2,62.1,0.8,30.3
2019-06-08,Warangal (R),Parvathagiri,35.7,23.7,40.7,27.7,90.4,0.0,43.9
2019-06-09,Warangal (R),Parvathagiri,0.0,27.8,38.9,32.9,77.0,0.0,15.8
2019-06-10,Warangal (R),Parvathagiri,0.0,29.8,40.6,30.3,68.1,0.1,17.2
2019-06-11,Warangal (R),Parvathagiri,0.0,27.7,39.9,31.0,75.8,2.3,25.5
2019-06-12,Warangal (R),Parvathagiri,0.0,29.6,40.6,28.7,61.7,0.0,27.3
2019-06-13,Warangal (R),Parvathagiri,0.0,29.1,40.4,28.8,58.1,3.4,44.3
2019-06-14,Warangal (R),Parvathagiri,0.0,29.6,40.3,27.3,54.4,8.0,32.2
2019-06-15,Warangal (R),Parvathagiri,0.0,30.6,39.8,30.3,52.0,2.5,23.0
2019-06-16,Warangal (R),Parvathagiri,0.0,31.5,40.4,25.6,48.0,1.3,31.1
2019-06-17,Warangal (R),Parvathagiri,0.0,30.6,41.1,24.3,52.2,0.0,32.9
2019-06-18,Warangal (R),Parvathagiri,2.1,25.5,36.8,37.6,83.1,0.0,39.6
2019-06-19,Warangal (R),Parvathagiri,0.0,30.3,38.7,28.3,52.2,0.0,28.4
2019-06-20,Warangal (R),Parvathagiri,0.0,31.0,40.4,26.1,55.0,0.0,30.7
2019-06-21,Warangal (R),Parvathagiri,27.5,24.2,37.9,37.9,100.0,0.0,33.9
2019-06-22,Warangal (R),Parvathagiri,0.0,25.9,32.3,67.6,93.0,0.0,16.2
2019-06-23,Warangal (R),Parvathagiri,6.3,23.7,33.0,58.7,98.3,0.0,27.6
2019-06-24,Warangal (R),Parvathagiri,2.8,24.8,31.9,63.6,99.0,0.0,15.1
2019-06-25,Warangal (R),Parvathagiri,0.0,26.8,37.3,41.1,82.3,3.3,20.6
2019-06-26,Warangal (R),Parvathagiri,0.0,27.2,37.5,40.8,80.7,0.0,24.4
2019-06-27,Warangal (R),Parvathagiri,12.7,27.0,37.7,42.7,83.1,0.0,17.4
2019-06-28,Warangal (R),Parvathagiri,0.0,26.9,37.4,43.2,80.2,0.0,26.2
2019-06-29,Warangal (R),Parvathagiri,0.1,26.7,34.5,50.9,80.0,0.0,27.3
2019-06-30,Warangal (R),Parvathagiri,7.5,24.0,31.9,59.7,98.8,0.0,23.4
2019-07-01,Warangal (R),Parvathagiri,8.5,24.0,29.5,67.2,99.6,0.0,23.0
2019-07-02,Warangal (R),Parvathagiri,8.5,22.9,30.0,71.6,100.0,0.0,26.7
2019-07-03,Warangal (R),Parvathagiri,2.0,24.8,30.3,72.6,98.6,0.0,19.9
2019-07-04,Warangal (R),Parvathagiri,0.3,25.7,31.9,62.2,87.4,0.3,27.0
2019-07-05,Warangal (R),Parvathagiri,0.3,26.8,35.0,47.5,78.9,0.0,34.5
2019-07-06,Warangal (R),Parvathagiri,2.5,24.7,30.9,61.6,92.9,0.0,33.8
2019-07-07,Warangal (R),Parvathagiri,0.0,26.9,32.6,55.0,75.4,0.8,31.7
2019-07-08,Warangal (R),Parvathagiri,7.2,23.2,35.1,46.7,99.1,0.0,40.2
2019-07-09,Warangal (R),Parvathagiri,9.8,24.6,36.0,45.1,100.0,0.0,30.1
2019-07-10,Warangal (R),Parvathagiri,7.6,24.4,33.2,57.7,100.0,0.0,26.5
2019-07-11,Warangal (R),Parvathagiri,1.5,25.3,34.8,50.6,93.3,0.0,25.8
2019-07-12,Warangal (R),Parvathagiri,20.6,24.0,34.3,50.8,100.0,0.0,17.7
2019-07-13,Warangal (R),Parvathagiri,0.8,25.7,34.6,53.7,92.8,0.0,19.6
2019-07-14,Warangal (R),Parvathagiri,0.8,24.8,35.2,51.1,93.7,0.0,26.9
2019-07-15,Warangal (R),Parvathagiri,0.0,24.7,35.2,50.3,90.7,0.0,19.6
2019-07-16,Warangal (R),Parvathagiri,0.2,24.7,36.1,45.1,90.9,0.0,21.7
2019-07-17,Warangal (R),Parvathagiri,0.0,25.1,36.1,43.7,86.2,0.0,23.4
2019-07-18,Warangal (R),Parvathagiri,0.0,26.8,37.8,38.6,76.7,0.0,25.7
2019-07-19,Warangal (R),Parvathagiri,0.8,24.9,37.7,41.4,89.8,0.0,25.8
2019-07-20,Warangal (R),Parvathagiri,0.6,24.4,34.5,53.8,97.6,0.0,22.0
2019-07-21,Warangal (R),Parvathagiri,39.9,25.1,32.6,65.8,100.0,0.0,24.6
2019-07-22,Warangal (R),Parvathagiri,14.0,25.5,35.9,53.1,98.3,0.0,17.6
2019-07-23,Warangal (R),Parvathagiri,0.0,25.7,34.9,55.7,95.9,2.6,20.6
2019-07-24,Warangal (R),Parvathagiri,0.0,25.6,34.9,55.2,88.3,0.2,17.1
2019-07-25,Warangal (R),Parvathagiri,0.0,27.3,35.5,50.8,77.4,0.0,19.3
2019-07-26,Warangal (R),Parvathagiri,21.7,24.1,33.1,57.7,100.0,0.0,19.8
2019-07-27,Warangal (R),Parvathagiri,11.8,23.8,27.1,90.9,99.8,0.0,28.0
2019-07-28,Warangal (R),Parvathagiri,14.8,24.0,29.5,83.0,99.8,0.2,21.6
2019-07-29,Warangal (R),Parvathagiri,45.8,24.1,26.6,80.6,92.7,0.0,6.4
2019-07-30,Warangal (R),Parvathagiri,6.8,23.3,26.8,93.7,100.0,8.4,22.1
2019-07-31,Warangal (R),Parvathagiri,0.3,23.6,29.6,73.0,96.2,0.0,32.3
2019-08-01,Warangal (R),Parvathagiri,4.9,24.8,32.2,65.6,99.1,0.0,25.8
2019-08-02,Warangal (R),Parvathagiri,79.5,23.8,30.8,75.8,98.8,0.0,23.8
2019-08-03,Warangal (R),Parvathagiri,43.4,23.6,26.0,93.5,96.3,0.4,34.1
2019-08-04,Warangal (R),Parvathagiri,0.9,24.2,28.9,83.9,94.6,1.5,28.4
2019-08-05,Warangal (R),Parvathagiri,1.3,24.8,29.6,81.6,96.1,0.1,10.8
2019-08-06,Warangal (R),Parvathagiri,11.2,24.7,30.3,81.0,99.1,1.5,10.0
2019-08-07,Warangal (R),Parvathagiri,46.8,23.9,26.7,96.2,100.0,1.8,7.2
2019-08-08,Warangal (R),Parvathagiri,10.8,24.1,27.1,93.3,100.0,0.3,4.0
2019-08-09,Warangal (R),Parvathagiri,2.6,24.0,30.9,79.4,100.0,0.0,14.6
2019-08-10,Warangal (R),Parvathagiri,0.0,24.9,32.2,72.2,94.4,0.0,33.4
2019-08-11,Warangal (R),Parvathagiri,0.0,25.3,33.6,63.1,92.7,0.0,21.3
2019-08-12,Warangal (R),Parvathagiri,0.0,25.6,33.7,63.0,93.6,0.0,19.9
2019-08-13,Warangal (R),Parvathagiri,0.0,26.5,32.9,62.8,92.1,0.0,20.1
2019-08-14,Warangal (R),Parvathagiri,2.5,25.6,31.1,68.1,99.6,0.0,17.4
2019-08-15,Warangal (R),Parvathagiri,0.3,25.1,32.9,75.0,98.7,0.0,12.7
2019-08-16,Warangal (R),Parvathagiri,0.0,26.8,33.4,68.1,98.5,0.0,14.6
2019-08-17,Warangal (R),Parvathagiri,0.0,26.1,35.6,59.9,97.0,0.0,12.7
2019-08-18,Warangal (R),Parvathagiri,0.0,26.6,34.3,57.9,99.6,0.0,20.7
2019-08-19,Warangal (R),Parvathagiri,9.6,24.7,29.3,92.3,100.0,0.0,23.3
2019-08-20,Warangal (R),Parvathagiri,2.9,25.1,34.2,69.8,99.9,0.0,15.1
2019-08-21,Warangal (R),Parvathagiri,1.4,24.9,31.2,83.3,99.9,0.0,20.4
2019-08-22,Warangal (R),Parvathagiri,0.8,24.7,32.9,72.0,99.8,0.0,18.2
2019-08-23,Warangal (R),Parvathagiri,14.1,24.4,33.0,75.2,99.4,0.0,20.4
2019-08-24,Warangal (R),Parvathagiri,1.9,25.3,28.2,85.6,98.6,1.1,23.4
2019-08-25,Warangal (R),Parvathagiri,0.0,25.1,32.9,60.1,93.4,0.0,18.4
2019-08-26,Warangal (R),Parvathagiri,0.0,25.6,32.8,61.0,94.1,0.0,18.8
2019-08-27,Warangal (R),Parvathagiri,0.0,25.0,32.7,63.7,95.1,0.0,18.9
2019-08-28,Warangal (R),Parvathagiri,0.0,24.9,34.5,50.8,87.2,0.0,22.2
2019-08-29,Warangal (R),Parvathagiri,0.0,26.2,36.0,48.0,94.6,0.0,19.4
2019-08-30,Warangal (R),Parvathagiri,0.2,26.6,34.5,57.9,89.3,0.0,15.4
2019-08-31,Warangal (R),Parvathagiri,5.4,24.6,34.3,62.5,97.5,0.1,14.9
2019-09-01,Warangal (R),Parvathagiri,48.8,23.8,31.3,78.2,99.8,0.0,22.3
2019-09-02,Warangal (R),Parvathagiri,33.1,23.2,29.9,80.5,99.8,0.0,10.5
2019-09-03,Warangal (R),Parvathagiri,0.9,24.7,27.9,80.6,99.0,0.0,8.4
2019-09-04,Warangal (R),Parvathagiri,4.3,24.8,29.5,82.8,98.1,0.0,11.4
2019-09-05,Warangal (R),Parvathagiri,9.9,24.3,30.8,79.5,99.2,0.0,25.9
2019-09-06,Warangal (R),Parvathagiri,0.2,25.3,32.9,70.5,95.8,0.0,16.8
2019-09-07,Warangal (R),Parvathagiri,0.9,24.7,29.2,80.5,97.9,0.0,17.1
2019-09-08,Warangal (R),Parvathagiri,0.9,25.2,29.7,79.9,94.7,0.0,21.8
2019-09-09,Warangal (R),Parvathagiri,0.3,24.9,31.9,76.0,97.2,0.0,18.8
