Date,District,Mandal,Rainfall (mm),temp_min (⁰C),temp_max (⁰C),humidity_min (%),Humidity_max (%),wind_speed_min (Kmph),wind_speed_max (Kmph)
2019-01-01,Warangal (R),Wardhannapet,0.0,9.3,28.1,20.7,93.9,0.0,9.5
2019-01-02,Warangal (R),Wardhannapet,0.0,10.7,32.9,19.8,93.5,0.0,10.9
2019-01-03,Warangal (R),Wardhannapet,0.0,12.7,32.1,24.3,99.9,0.0,7.3
2019-01-04,Warangal (R),Wardhannapet,0.0,14.6,32.9,34.0,99.9,0.0,6.7
2019-01-05,Warangal (R),Wardhannapet,0.0,17.7,32.9,42.5,99.9,0.0,5.9
2019-01-06,Warangal (R),Wardhannapet,0.0,17.0,32.9,42.4,99.9,0.0,7.1
2019-01-07,Warangal (R),Wardhannapet,0.0,16.9,32.1,54.6,99.9,0.0,7.7
2019-01-08,Warangal (R),Wardhannapet,0.0,19.3,32.1,46.5,99.9,1.6,11.0
2019-01-09,Warangal (R),Wardhannapet,0.0,14.5,32.1,29.6,86.9,0.0,15.4
2019-01-10,Warangal (R),Wardhannapet,0.0,14.5,32.9,21.4,99.9,0.0,11.4
2019-01-11,Warangal (R),Wardhannapet,0.0,15.5,32.1,36.1,99.9,0.0,6.2
2019-01-12,Warangal (R),Wardhannapet,0.0,19.0,32.9,50.9,99.9,0.0,5.2
2019-01-13,Warangal (R),Wardhannapet,0.0,20.4,32.1,58.4,99.9,0.0,7.9
2019-01-14,Warangal (R),Wardhannapet,0.0,17.1,32.2,45.3,99.9,0.0,1.6
2019-01-15,Warangal (R),Wardhannapet,0.0,18.1,35.5,43.1,99.9,0.0,8.4
2019-01-16,Warangal (R),Wardhannapet,0.0,16.5,33.2,42.8,99.9,0.0,10.3
2019-01-17,Warangal (R),Wardhannapet,0.0,13.6,32.5,25.9,89.5,0.0,6.5
2019-01-18,Warangal (R),Wardhannapet,0.0,16.3,32.1,46.5,99.9,0.0,10.1
2019-01-19,Warangal (R),Wardhannapet,0.0,15.3,33.1,33.5,99.9,0.0,7.2
2019-01-20,Warangal (R),Wardhannapet,0.0,15.1,32.8,39.6,99.9,0.0,10.2
2019-01-21,Warangal (R),Wardhannapet,0.0,15.7,34.6,26.1,99.9,0.0,13.7
2019-01-22,Warangal (R),Wardhannapet,0.0,16.7,33.3,36.7,99.9,0.9,1.6
2019-01-23,Warangal (R),Wardhannapet,0.0,18.1,33.3,42.2,99.9,0.0,10.7
2019-01-24,Warangal (R),Wardhannapet,0.0,21.5,34.6,46.8,99.9,0.0,11.4
2019-01-25,Warangal (R),Wardhannapet,0.0,20.4,32.1,51.6,99.9,0.0,9.2
2019-01-26,Warangal (R),Wardhannapet,0.0,23.2,33.0,50.0,99.9,4.1,11.9
2019-01-27,Warangal (R),Wardhannapet,0.8,19.1,30.4,64.5,99.9,0.9,11.4
2019-01-28,Warangal (R),Wardhannapet,6.8,19.5,25.3,87.6,99.9,3.0,15.3
2019-01-29,Warangal (R),Wardhannapet,0.0,16.7,26.9,71.1,99.9,0.0,16.4
2019-01-30,Warangal (R),Wardhannapet,0.0,14.2,29.5,38.8,99.7,2.2,15.4
2019-01-31,Warangal (R),Wardhannapet,0.0,16.7,32.1,30.5,99.9,0.0,14.5
2019-02-01,Warangal (R),Wardhannapet,0.0,20.0,32.6,39.3,99.9,0.0,2.8
2019-02-02,Warangal (R),Wardhannapet,0.0,19.3,32.2,37.0,99.9,0.0,6.9
2019-02-03,Warangal (R),Wardhannapet,0.0,16.7,32.1,41.0,99.9,0.0,6.1
2019-02-04,Warangal (R),Wardhannapet,0.0,19.3,34.7,41.8,99.9,0.0,6.0
2019-02-05,Warangal (R),Wardhannapet,0.0,19.0,34.6,36.1,99.9,0.0,7.5
2019-02-06,Warangal (R),Wardhannapet,0.0,17.5,34.6,34.9,99.9,0.0,9.5
2019-02-07,Warangal (R),Wardhannapet,0.0,21.8,34.6,41.1,99.9,0.0,7.7
2019-02-08,Warangal (R),Wardhannapet,0.0,22.3,34.6,41.9,99.9,0.9,11.0
2019-02-09,Warangal (R),Wardhannapet,0.0,21.3,32.1,55.6,99.9,0.0,10.5
2019-02-10,Warangal (R),Wardhannapet,0.0,17.1,32.1,30.0,61.1,4.8,16.0
2019-02-11,Warangal (R),Wardhannapet,0.0,21.2,34.6,32.7,98.7,0.2,2.9
2019-02-12,Warangal (R),Wardhannapet,0.0,20.8,34.7,50.4,99.9,0.0,8.1
2019-02-13,Warangal (R),Wardhannapet,0.0,23.3,33.2,47.4,99.9,0.0,7.8
2019-02-14,Warangal (R),Wardhannapet,0.0,20.0,35.8,32.2,99.9,0.0,7.5
2019-02-15,Warangal (R),Wardhannapet,0.0,18.8,34.2,31.3,99.9,1.4,4.7
2019-02-16,Warangal (R),Wardhannapet,0.0,22.2,34.6,35.2,99.9,0.0,12.5
2019-02-17,Warangal (R),Wardhannapet,0.0,22.7,35.3,47.7,99.9,0.0,8.0
2019-02-18,Warangal (R),Wardhannapet,0.0,21.9,34.6,46.8,99.2,0.0,6.6
2019-02-19,Warangal (R),Wardhannapet,0.0,24.4,35.7,38.9,99.9,0.0,8.4
2019-02-20,Warangal (R),Wardhannapet,0.0,23.2,34.2,51.4,99.9,0.0,9.9
2019-02-21,Warangal (R),Wardhannapet,0.0,24.4,35.6,49.3,99.9,0.0,11.4
2019-02-22,Warangal (R),Wardhannapet,0.0,21.6,37.6,31.0,97.6,0.0,2.2
2019-02-23,Warangal (R),Wardhannapet,0.0,22.8,37.7,26.2,92.2,0.0,6.3
2019-02-24,Warangal (R),Wardhannapet,0.0,20.9,36.8,26.5,70.0,0.0,6.2
2019-02-25,Warangal (R),Wardhannapet,0.0,20.2,37.4,23.8,81.9,0.0,9.3
2019-02-26,Warangal (R),Wardhannapet,0.0,20.8,38.8,18.0,98.8,0.0,11.2
2019-02-27,Warangal (R),Wardhannapet,0.0,21.4,35.7,47.1,99.9,0.0,8.0
2019-02-28,Warangal (R),Wardhannapet,1.0,21.4,35.7,56.0,99.9,0.0,8.1
2019-03-01,Warangal (R),Wardhannapet,0.0,19.5,35.3,42.0,99.9,0.0,14.7
2019-03-02,Warangal (R),Wardhannapet,0.0,23.9,35.0,47.8,99.9,0.0,11.0
2019-03-03,Warangal (R),Wardhannapet,0.0,21.8,35.3,47.1,99.9,1.5,11.3
2019-03-04,Warangal (R),Wardhannapet,0.0,21.6,37.3,47.1,99.9,0.0,10.4
2019-03-05,Warangal (R),Wardhannapet,0.0,23.6,37.9,47.6,99.9,0.0,13.4
2019-03-06,Warangal (R),Wardhannapet,0.0,21.4,37.8,32.0,84.3,0.0,12.1
2019-03-07,Warangal (R),Wardhannapet,0.0,21.0,35.9,25.0,74.5,1.0,4.5
2019-03-08,Warangal (R),Wardhannapet,0.0,23.1,37.6,35.0,99.9,0.0,12.2
2019-03-09,Warangal (R),Wardhannapet,0.0,22.4,37.5,24.9,99.9,0.0,11.8
2019-03-10,Warangal (R),Wardhannapet,0.0,23.9,35.5,42.2,99.9,1.1,12.9
2019-03-11,Warangal (R),Wardhannapet,0.0,23.4,36.8,39.9,99.9,1.7,10.9
2019-03-12,Warangal (R),Wardhannapet,0.0,22.8,37.2,35.0,98.4,0.6,9.8
2019-03-13,Warangal (R),Wardhannapet,0.0,21.4,36.8,32.4,99.9,0.9,6.7
2019-03-14,Warangal (R),Wardhannapet,0.0,21.4,38.8,21.6,89.5,0.2,2.3
2019-03-15,Warangal (R),Wardhannapet,0.0,23.9,39.1,17.5,71.4,0.0,3.1
2019-03-16,Warangal (R),Wardhannapet,0.0,21.4,39.9,18.6,71.6,0.0,10.0
2019-03-17,Warangal (R),Wardhannapet,0.0,22.3,36.8,23.6,99.9,1.9,14.2
2019-03-18,Warangal (R),Wardhannapet,0.0,21.4,37.4,32.0,98.9,0.0,10.7
2019-03-19,Warangal (R),Wardhannapet,0.0,22.1,34.9,39.4,96.5,2.6,10.9
2019-03-20,Warangal (R),Wardhannapet,0.0,23.9,36.8,41.3,99.5,2.1,11.2
2019-03-21,Warangal (R),Wardhannapet,0.0,23.9,35.1,40.0,99.9,1.8,11.2
2019-03-22,Warangal (R),Wardhannapet,0.0,23.9,37.4,31.1,99.3,2.1,14.2
2019-03-23,Warangal (R),Wardhannapet,0.0,23.9,37.1,39.9,97.5,0.0,7.8
2019-03-24,Warangal (R),Wardhannapet,0.0,23.9,37.1,31.0,92.9,0.0,6.0
2019-03-25,Warangal (R),Wardhannapet,0.0,22.4,39.3,31.4,97.9,0.0,8.0
2019-03-26,Warangal (R),Wardhannapet,0.0,23.9,38.3,29.2,99.9,0.0,8.5
2019-03-27,Warangal (R),Wardhannapet,0.0,23.9,39.6,26.5,97.8,1.4,10.2
2019-03-28,Warangal (R),Wardhannapet,0.0,23.9,39.6,23.3,96.9,0.0,9.6
2019-03-29,Warangal (R),Wardhannapet,0.0,23.7,38.4,23.5,92.2,0.0,7.3
2019-03-30,Warangal (R),Wardhannapet,0.0,23.9,40.0,25.5,99.9,0.0,7.1
2019-03-31,Warangal (R),Wardhannapet,0.0,23.9,39.4,31.3,99.9,0.0,12.7
2019-04-01,Warangal (R),Wardhannapet,0.0,26.5,42.3,17.8,84.9,0.0,7.4
2019-04-02,Warangal (R),Wardhannapet,0.0,23.9,39.8,27.1,99.9,0.0,9.2
2019-04-03,Warangal (R),Wardhannapet,0.0,23.8,39.8,23.4,99.9,0.8,10.2
2019-04-04,Warangal (R),Wardhannapet,0.0,23.9,39.1,38.3,99.9,2.2,10.7
2019-04-05,Warangal (R),Wardhannapet,0.0,23.9,39.8,32.0,76.2,0.0,10.5
2019-04-06,Warangal (R),Wardhannapet,0.0,25.0,38.3,24.2,97.6,0.0,12.7
2019-04-07,Warangal (R),Wardhannapet,0.0,23.9,40.9,20.9,78.9,0.0,16.8
2019-04-08,Warangal (R),Wardhannapet,0.0,23.7,42.3,31.5,55.1,0.0,39.6
2019-04-09,Warangal (R),Wardhannapet,0.0,25.1,38.4,26.4,100.0,1.6,10.2
2019-04-10,Warangal (R),Wardhannapet,0.0,26.4,39.6,30.6,96.1,2.2,10.1
2019-04-11,Warangal (R),Wardhannapet,0.0,25.6,40.3,22.6,96.3,0.0,11.8
2019-04-12,Warangal (R),Wardhannapet,0.0,26.0,43.4,10.9,88.0,1.3,8.7
2019-04-13,Warangal (R),Wardhannapet,0.0,22.7,42.2,13.6,72.3,2.8,14.8
2019-04-14,Warangal (R),Wardhannapet,0.0,24.6,41.7,13.0,81.8,0.0,12.0
2019-04-15,Warangal (R),Wardhannapet,0.0,24.2,42.4,12.4,91.3,1.2,10.0
2019-04-16,Warangal (R),Wardhannapet,0.0,23.6,42.4,11.6,56.2,0.0,7.9
2019-04-17,Warangal (R),Wardhannapet,0.0,22.5,41.4,10.2,70.9,3.6,10.1
2019-04-18,Warangal (R),Wardhannapet,0.0,24.1,39.0,22.3,88.0,0.1,2.2
2019-04-19,Warangal (R),Wardhannapet,14.0,23.6,40.2,26.7,100.0,0.3,4.6
2019-04-20,Warangal (R),Wardhannapet,3.0,22.9,38.5,32.7,100.0,0.4,2.1
2019-04-21,Warangal (R),Wardhannapet,15.0,22.2,39.2,32.7,100.0,0.4,4.2
2019-04-22,Warangal (R),Wardhannapet,0.5,25.7,38.2,27.8,82.3,0.1,4.1
2019-04-23,Warangal (R),Wardhannapet,0.0,23.0,38.6,19.6,74.6,0.2,2.0
2019-04-24,Warangal (R),Wardhannapet,0.0,22.8,39.9,16.9,71.8,0.2,3.9
2019-04-25,Warangal (R),Wardhannapet,0.0,25.1,40.8,15.7,77.1,0.0,10.4
2019-04-26,Warangal (R),Wardhannapet,0.0,24.5,41.3,13.6,79.0,0.0,8.6
2019-04-27,Warangal (R),Wardhannapet,0.0,25.7,42.5,15.9,80.9,1.0,8.7
2019-04-28,Warangal (R),Wardhannapet,0.0,26.1,42.9,13.8,89.9,0.5,10.1
2019-04-29,Warangal (R),Wardhannapet,0.0,26.2,42.0,16.4,93.2,2.8,9.0
2019-04-30,Warangal (R),Wardhannapet,0.0,26.4,42.6,15.9,76.8,1.8,11.2
2019-05-01,Warangal (R),Wardhannapet,0.0,28.2,40.7,21.9,73.5,0.0,8.8
2019-05-02,Warangal (R),Wardhannapet,0.0,28.8,39.9,26.5,54.0,0.0,13.3
2019-05-03,Warangal (R),Wardhannapet,0.0,27.1,41.3,10.1,54.6,0.0,19.6
2019-05-04,Warangal (R),Wardhannapet,0.0,29.4,41.2,10.2,22.3,0.0,14.6
2019-05-05,Warangal (R),Wardhannapet,0.0,30.3,41.7,6.1,23.0,0.0,15.5
2019-05-06,Warangal (R),Wardhannapet,0.0,26.0,42.1,12.4,33.5,0.0,17.1
2019-05-07,Warangal (R),Wardhannapet,0.0,28.6,42.7,7.6,70.7,0.0,19.1
2019-05-08,Warangal (R),Wardhannapet,0.0,27.4,43.1,10.2,68.4,0.0,16.0
2019-05-09,Warangal (R),Wardhannapet,0.0,27.0,42.9,11.1,56.3,0.0,17.0
2019-05-10,Warangal (R),Wardhannapet,0.0,25.6,43.6,6.9,44.5,0.0,17.7
2019-05-11,Warangal (R),Wardhannapet,0.0,28.7,43.4,11.8,60.6,0.0,12.7
2019-05-12,Warangal (R),Wardhannapet,1.3,25.4,42.4,22.8,70.1,0.0,14.5
2019-05-13,Warangal (R),Wardhannapet,0.0,28.1,40.8,15.0,88.3,0.0,9.3
2019-05-14,Warangal (R),Wardhannapet,4.8,26.1,43.2,19.4,94.1,0.0,10.2
2019-05-15,Warangal (R),Wardhannapet,0.0,27.3,40.7,19.1,95.0,0.0,9.0
2019-05-16,Warangal (R),Wardhannapet,0.8,26.5,40.0,28.5,88.3,0.0,17.2
2019-05-17,Warangal (R),Wardhannapet,0.0,27.6,42.5,14.5,86.4,0.0,11.8
2019-05-18,Warangal (R),Wardhannapet,0.0,27.7,41.3,23.3,81.1,0.0,10.2
2019-05-19,Warangal (R),Wardhannapet,0.0,27.7,43.7,11.8,81.1,0.0,10.9
2019-05-20,Warangal (R),Wardhannapet,7.0,26.5,43.6,14.5,90.2,0.0,10.5
2019-05-21,Warangal (R),Wardhannapet,0.0,26.5,42.4,15.9,88.3,1.2,10.4
2019-05-22,Warangal (R),Wardhannapet,0.0,27.7,42.7,18.0,81.6,0.0,10.8
2019-05-23,Warangal (R),Wardhannapet,0.0,28.2,43.0,20.1,75.4,2.2,10.6
2019-05-24,Warangal (R),Wardhannapet,0.0,28.5,42.3,22.6,75.9,3.4,13.6
2019-05-25,Warangal (R),Wardhannapet,0.0,29.2,43.2,19.1,74.5,2.8,11.0
2019-05-26,Warangal (R),Wardhannapet,0.0,29.3,42.7,22.1,75.4,0.0,12.9
2019-05-27,Warangal (R),Wardhannapet,0.0,29.8,44.3,13.1,78.9,2.6,9.3
2019-05-28,Warangal (R),Wardhannapet,0.0,29.3,44.4,14.5,78.7,1.1,18.8
2019-05-29,Warangal (R),Wardhannapet,0.0,30.1,43.3,14.5,75.1,0.1,13.1
2019-05-30,Warangal (R),Wardhannapet,0.0,27.2,43.4,21.4,60.5,0.0,15.3
2019-05-31,Warangal (R),Wardhannapet,0.0,27.8,38.3,33.4,86.4,0.8,14.4
2019-06-01,Warangal (R),Wardhannapet,0.0,29.3,42.6,19.8,72.3,1.9,14.3
2019-06-02,Warangal (R),Wardhannapet,0.0,27.5,36.2,39.1,67.0,0.0,12.6
2019-06-03,Warangal (R),Wardhannapet,0.0,30.0,43.2,19.4,56.5,0.0,9.9
2019-06-04,Warangal (R),Wardhannapet,0.0,26.7,41.1,25.4,63.5,0.0,21.3
2019-06-05,Warangal (R),Wardhannapet,0.0,29.7,41.3,24.7,68.5,0.0,9.0
2019-06-06,Warangal (R),Wardhannapet,0.0,30.2,42.7,24.7,62.1,1.8,12.1
2019-06-07,Warangal (R),Wardhannapet,0.0,27.2,42.4,22.8,64.0,2.1,22.8
2019-06-08,Warangal (R),Wardhannapet,41.8,23.5,41.7,24.0,100.0,0.7,24.1
2019-06-09,Warangal (R),Wardhannapet,0.0,27.5,38.7,29.9,100.0,0.0,12.1
2019-06-10,Warangal (R),Wardhannapet,0.0,30.0,41.9,24.7,68.0,0.0,8.2
2019-06-11,Warangal (R),Wardhannapet,0.0,27.4,41.7,25.4,84.9,2.8,10.8
2019-06-12,Warangal (R),Wardhannapet,0.0,30.8,41.7,22.6,54.5,0.0,14.1
2019-06-13,Warangal (R),Wardhannapet,0.0,29.0,41.8,23.3,56.6,5.3,13.9
2019-06-14,Warangal (R),Wardhannapet,0.0,29.0,41.2,23.3,54.1,2.6,16.0
2019-06-15,Warangal (R),Wardhannapet,0.0,30.3,40.2,26.7,50.4,1.4,13.7
2019-06-16,Warangal (R),Wardhannapet,0.0,31.3,40.8,19.1,45.3,1.4,17.4
2019-06-17,Warangal (R),Wardhannapet,0.0,32.3,40.4,20.5,42.2,0.0,21.2
2019-06-18,Warangal (R),Wardhannapet,2.4,25.3,36.6,31.7,95.2,0.9,16.7
2019-06-19,Warangal (R),Wardhannapet,0.0,30.5,39.9,22.3,46.4,0.0,14.3
2019-06-20,Warangal (R),Wardhannapet,0.0,30.7,42.4,20.1,54.0,0.0,14.9
2019-06-21,Warangal (R),Wardhannapet,42.1,24.0,38.0,35.4,100.0,0.0,12.1
2019-06-22,Warangal (R),Wardhannapet,0.0,25.9,34.4,80.6,100.0,0.0,7.4
2019-06-23,Warangal (R),Wardhannapet,25.7,24.2,32.9,78.2,100.0,0.0,13.3
2019-06-24,Warangal (R),Wardhannapet,2.5,24.7,32.1,87.4,100.0,0.0,5.3
2019-06-25,Warangal (R),Wardhannapet,0.0,26.2,37.7,44.3,98.7,1.3,11.0
2019-06-26,Warangal (R),Wardhannapet,0.0,26.8,37.6,41.2,96.1,0.0,11.0
2019-06-27,Warangal (R),Wardhannapet,0.5,27.6,38.1,41.2,97.7,0.0,8.3
2019-06-28,Warangal (R),Wardhannapet,17.5,24.4,37.9,37.7,100.0,0.0,12.4
2019-06-29,Warangal (R),Wardhannapet,0.2,26.4,34.4,58.0,89.7,0.0,14.2
2019-06-30,Warangal (R),Wardhannapet,19.6,24.2,31.7,65.1,100.0,0.0,19.6
2019-07-01,Warangal (R),Wardhannapet,0.9,24.5,29.7,86.7,100.0,0.0,16.3
2019-07-02,Warangal (R),Wardhannapet,0.8,23.7,29.5,90.5,100.0,0.0,19.4
2019-07-03,Warangal (R),Wardhannapet,7.2,24.7,30.9,77.8,100.0,0.0,13.5
2019-07-04,Warangal (R),Wardhannapet,1.0,25.7,32.1,78.2,100.0,0.0,16.4
2019-07-05,Warangal (R),Wardhannapet,0.0,27.0,35.8,48.9,93.1,0.0,19.5
2019-07-06,Warangal (R),Wardhannapet,3.0,25.4,32.1,66.6,94.7,1.6,15.3
2019-07-07,Warangal (R),Wardhannapet,0.0,26.6,33.0,59.0,83.5,0.5,18.0
2019-07-08,Warangal (R),Wardhannapet,5.9,23.0,35.6,46.6,100.0,0.0,18.9
2019-07-09,Warangal (R),Wardhannapet,15.6,24.2,36.2,48.3,100.0,0.0,23.0
2019-07-10,Warangal (R),Wardhannapet,2.4,24.8,35.0,61.1,100.0,0.0,14.4
2019-07-11,Warangal (R),Wardhannapet,0.4,25.7,35.4,51.4,100.0,0.0,9.7
2019-07-12,Warangal (R),Wardhannapet,19.8,24.1,36.5,44.9,100.0,0.0,14.7
2019-07-13,Warangal (R),Wardhannapet,0.0,26.0,34.5,58.5,100.0,0.0,7.5
2019-07-14,Warangal (R),Wardhannapet,4.1,24.7,36.8,47.2,100.0,0.0,13.4
2019-07-15,Warangal (R),Wardhannapet,0.0,24.8,37.0,48.3,100.0,0.0,13.4
2019-07-16,Warangal (R),Wardhannapet,0.2,24.5,36.0,46.6,100.0,0.0,16.5
2019-07-17,Warangal (R),Wardhannapet,0.0,26.3,37.1,40.8,88.4,0.0,15.5
2019-07-18,Warangal (R),Wardhannapet,0.0,27.1,37.6,40.3,79.6,0.0,18.8
2019-07-19,Warangal (R),Wardhannapet,0.0,25.5,37.7,38.3,97.8,0.0,16.7
2019-07-20,Warangal (R),Wardhannapet,4.1,24.2,35.5,52.9,100.0,0.0,8.4
2019-07-21,Warangal (R),Wardhannapet,36.0,25.1,32.9,86.9,100.0,0.0,11.8
2019-07-22,Warangal (R),Wardhannapet,0.0,25.5,37.2,53.4,100.0,0.0,8.5
2019-07-23,Warangal (R),Wardhannapet,0.3,25.2,36.7,56.5,100.0,0.0,8.2
2019-07-24,Warangal (R),Wardhannapet,0.0,25.4,37.2,51.2,100.0,0.0,9.8
2019-07-25,Warangal (R),Wardhannapet,0.0,27.3,36.5,48.3,80.1,0.0,10.1
2019-07-26,Warangal (R),Wardhannapet,27.7,23.6,34.3,57.5,100.0,0.0,14.7
2019-07-27,Warangal (R),Wardhannapet,8.8,23.2,26.5,90.1,96.5,0.0,16.7
2019-07-28,Warangal (R),Wardhannapet,15.6,23.3,30.0,97.0,100.0,0.0,13.8
2019-07-29,Warangal (R),Wardhannapet,23.8,23.2,27.3,85.8,96.0,1.1,8.1
2019-07-30,Warangal (R),Wardhannapet,8.4,23.5,26.8,86.6,94.5,0.0,10.2
2019-07-31,Warangal (R),Wardhannapet,0.0,23.7,30.9,90.0,100.0,0.0,11.1
2019-08-01,Warangal (R),Wardhannapet,6.2,24.2,33.5,71.9,100.0,1.3,12.9
2019-08-02,Warangal (R),Wardhannapet,64.8,23.2,30.9,93.5,100.0,0.0,14.7
2019-08-03,Warangal (R),Wardhannapet,51.2,23.2,25.0,90.4,95.1,2.4,10.4
2019-08-04,Warangal (R),Wardhannapet,2.0,23.9,28.1,90.3,100.0,2.2,9.8
2019-08-05,Warangal (R),Wardhannapet,1.9,24.7,29.6,78.2,90.8,2.5,12.8
2019-08-06,Warangal (R),Wardhannapet,10.6,23.9,30.4,94.9,100.0,3.9,12.1
2019-08-07,Warangal (R),Wardhannapet,24.7,23.2,26.0,87.0,96.2,0.0,9.7
2019-08-08,Warangal (R),Wardhannapet,8.4,23.9,27.0,90.4,96.7,1.9,14.4
2019-08-09,Warangal (R),Wardhannapet,4.5,23.3,30.6,94.9,100.0,0.0,12.6
2019-08-10,Warangal (R),Wardhannapet,0.0,24.8,32.5,87.6,100.0,0.0,12.1
2019-08-11,Warangal (R),Wardhannapet,0.0,24.7,33.8,80.1,100.0,0.0,11.3
2019-08-12,Warangal (R),Wardhannapet,0.0,24.9,34.6,70.0,100.0,0.0,15.0
2019-08-13,Warangal (R),Wardhannapet,1.2,24.4,32.7,74.8,100.0,0.0,14.7
2019-08-14,Warangal (R),Wardhannapet,1.5,24.8,30.7,83.3,100.0,0.0,15.3
2019-08-15,Warangal (R),Wardhannapet,1.0,24.7,33.1,90.4,100.0,0.0,11.5
2019-08-16,Warangal (R),Wardhannapet,0.0,25.5,33.8,71.9,100.0,0.0,11.2
2019-08-17,Warangal (R),Wardhannapet,0.0,25.6,34.9,70.0,100.0,0.0,12.8
2019-08-18,Warangal (R),Wardhannapet,0.0,25.8,34.3,70.0,100.0,0.0,14.2
2019-08-19,Warangal (R),Wardhannapet,10.0,23.6,31.9,86.2,97.3,0.0,11.6
2019-08-20,Warangal (R),Wardhannapet,3.5,24.2,34.8,82.0,100.0,0.0,11.6
2019-08-21,Warangal (R),Wardhannapet,0.0,25.2,32.3,74.4,98.1,0.0,16.7
2019-08-22,Warangal (R),Wardhannapet,0.4,24.8,33.4,72.6,94.7,0.0,15.1
2019-08-23,Warangal (R),Wardhannapet,10.0,23.3,31.5,75.8,97.0,0.0,21.7
2019-08-24,Warangal (R),Wardhannapet,0.0,25.1,27.8,84.4,91.8,0.0,15.2
2019-08-25,Warangal (R),Wardhannapet,0.0,25.6,32.4,65.9,91.7,0.0,10.9
2019-08-26,Warangal (R),Wardhannapet,0.0,25.3,32.3,67.4,92.9,0.0,15.1
2019-08-27,Warangal (R),Wardhannapet,0.0,24.1,33.3,64.1,92.0,0.0,11.6
2019-08-28,Warangal (R),Wardhannapet,0.0,25.0,34.0,55.7,84.0,0.0,8.7
2019-08-29,Warangal (R),Wardhannapet,0.0,25.7,34.1,55.4,89.3,0.0,12.5
2019-08-30,Warangal (R),Wardhannapet,0.0,25.1,33.7,64.3,88.8,0.0,8.1
2019-08-31,Warangal (R),Wardhannapet,16.9,24.4,33.6,70.3,98.2,0.0,13.5
2019-09-01,Warangal (R),Wardhannapet,39.5,23.4,31.8,74.4,95.2,0.1,14.2
2019-09-02,Warangal (R),Wardhannapet,18.1,22.1,29.8,79.0,100.0,0.0,11.4
2019-09-03,Warangal (R),Wardhannapet,2.7,23.8,28.0,88.3,100.0,0.0,14.1
2019-09-04,Warangal (R),Wardhannapet,8.8,23.9,30.3,97.0,100.0,4.3,11.4
2019-09-05,Warangal (R),Wardhannapet,19.7,23.4,31.2,95.8,100.0,0.0,8.6
2019-09-06,Warangal (R),Wardhannapet,0.7,24.5,32.0,88.1,100.0,0.0,11.3
2019-09-07,Warangal (R),Wardhannapet,0.6,23.7,29.4,78.5,90.8,1.1,17.0
2019-09-08,Warangal (R),Wardhannapet,2.4,24.5,30.0,78.8,88.8,0.0,10.2
2019-09-09,Warangal (R),Wardhannapet,0.0,24.0,32.3,92.8,100.0,0.0,10.0
