Date,District,Mandal,Rainfall (mm),temp_min (⁰C),temp_max (⁰C),humidity_min (%),Humidity_max (%),wind_speed_min (Kmph),wind_speed_max (Kmph)
2019-01-01,Nizamabad,Jakranpalle,0.0,9.5,26.2,26.1,69.5,0.0,1.3
2019-01-02,Nizamabad,Jakranpalle,0.0,12.1,29.1,23.5,70.9,0.0,2.0
2019-01-03,Nizamabad,Jakranpalle,0.0,11.5,31.4,19.2,85.6,0.0,1.3
2019-01-04,Nizamabad,Jakranpalle,0.0,12.8,30.8,26.7,81.9,0.0,1.3
2019-01-05,Nizamabad,Jakranpalle,0.0,13.4,30.8,26.2,88.6,0.0,1.4
2019-01-06,Nizamabad,Jakranpalle,0.0,16.6,31.7,30.3,87.6,0.0,1.7
2019-01-07,Nizamabad,Jakranpalle,0.0,14.5,31.7,31.1,92.0,0.0,1.4
2019-01-08,Nizamabad,Jakranpalle,0.0,11.9,28.2,44.3,89.3,0.0,1.7
2019-01-09,Nizamabad,Jakranpalle,0.0,10.1,26.7,27.9,81.5,0.0,1.4
2019-01-10,Nizamabad,Jakranpalle,0.0,12.5,28.4,22.7,72.8,0.0,1.6
2019-01-11,Nizamabad,Jakranpalle,0.0,13.6,29.0,28.7,85.0,0.0,1.4
2019-01-12,Nizamabad,Jakranpalle,0.0,17.6,31.6,29.6,92.4,0.0,1.3
2019-01-13,Nizamabad,Jakranpalle,0.0,18.8,31.8,36.2,87.9,0.0,2.0
2019-01-14,Nizamabad,Jakranpalle,0.0,14.9,30.5,43.9,88.8,0.0,2.6
2019-01-15,Nizamabad,Jakranpalle,0.0,16.8,29.0,45.5,92.4,0.0,1.0
2019-01-16,Nizamabad,Jakranpalle,0.0,14.8,28.4,45.7,89.7,0.0,1.1
2019-01-17,Nizamabad,Jakranpalle,0.0,15.0,29.5,34.7,76.4,0.0,1.2
2019-01-18,Nizamabad,Jakranpalle,0.0,15.7,30.6,25.4,82.6,0.0,1.9
2019-01-19,Nizamabad,Jakranpalle,0.0,15.2,30.2,33.0,82.1,0.0,1.5
2019-01-20,Nizamabad,Jakranpalle,0.0,12.8,29.9,33.7,82.5,0.0,1.6
2019-01-21,Nizamabad,Jakranpalle,0.0,12.5,30.5,26.3,84.2,0.0,1.5
2019-01-22,Nizamabad,Jakranpalle,0.0,16.5,33.1,20.7,77.3,0.0,1.4
2019-01-23,Nizamabad,Jakranpalle,0.0,17.8,32.8,21.3,87.7,0.0,3.1
2019-01-24,Nizamabad,Jakranpalle,0.0,17.8,32.0,32.9,87.4,0.0,2.0
2019-01-25,Nizamabad,Jakranpalle,0.0,19.8,31.2,42.3,86.6,0.0,1.2
2019-01-26,Nizamabad,Jakranpalle,0.0,19.2,29.0,50.3,96.6,0.3,1.4
2019-01-27,Nizamabad,Jakranpalle,0.0,18.4,23.1,79.4,95.8,0.6,2.5
2019-01-28,Nizamabad,Jakranpalle,0.0,15.5,23.6,67.0,94.7,0.0,2.2
2019-01-29,Nizamabad,Jakranpalle,0.0,12.8,25.5,46.3,87.3,0.0,2.7
2019-01-30,Nizamabad,Jakranpalle,0.0,10.6,25.9,27.2,69.1,0.0,2.5
2019-01-31,Nizamabad,Jakranpalle,0.0,12.4,26.6,21.4,62.9,0.0,1.8
2019-02-01,Nizamabad,Jakranpalle,0.0,15.0,30.6,29.2,92.6,0.0,1.7
2019-02-02,Nizamabad,Jakranpalle,0.0,14.8,30.5,33.9,90.3,0.0,2.3
2019-02-03,Nizamabad,Jakranpalle,0.0,16.7,30.4,31.7,83.1,0.0,1.4
2019-02-04,Nizamabad,Jakranpalle,0.0,15.8,30.3,32.9,86.4,0.0,1.6
2019-02-05,Nizamabad,Jakranpalle,0.0,16.1,31.3,30.5,80.2,0.0,2.6
2019-02-06,Nizamabad,Jakranpalle,0.0,16.5,31.5,33.2,80.3,0.0,1.3
2019-02-07,Nizamabad,Jakranpalle,0.0,19.6,33.5,26.2,81.0,0.0,1.8
2019-02-08,Nizamabad,Jakranpalle,0.0,19.5,33.8,36.2,65.1,0.1,2.3
2019-02-09,Nizamabad,Jakranpalle,0.0,14.1,30.4,30.9,54.2,0.0,3.4
2019-02-10,Nizamabad,Jakranpalle,0.0,11.3,26.5,23.0,60.0,0.0,2.6
2019-02-11,Nizamabad,Jakranpalle,0.0,15.9,29.2,25.9,66.5,0.0,1.2
2019-02-12,Nizamabad,Jakranpalle,0.0,20.2,31.2,40.1,90.9,0.0,1.7
2019-02-13,Nizamabad,Jakranpalle,0.0,19.0,32.2,41.4,87.5,0.0,1.3
2019-02-14,Nizamabad,Jakranpalle,0.0,17.5,33.4,25.9,85.0,0.0,1.7
2019-02-15,Nizamabad,Jakranpalle,0.0,20.0,35.2,20.1,77.0,0.0,2.1
2019-02-16,Nizamabad,Jakranpalle,6.8,19.1,35.4,30.6,95.4,0.0,2.3
2019-02-17,Nizamabad,Jakranpalle,0.0,17.6,33.4,27.4,80.9,0.0,2.4
2019-02-18,Nizamabad,Jakranpalle,0.0,17.2,34.8,45.0,88.4,0.0,2.3
2019-02-19,Nizamabad,Jakranpalle,0.0,18.5,32.6,23.9,80.2,0.0,1.4
2019-02-20,Nizamabad,Jakranpalle,0.0,23.6,36.6,30.4,75.5,0.0,2.3
2019-02-21,Nizamabad,Jakranpalle,0.0,21.3,35.5,34.5,85.5,0.0,1.6
2019-02-22,Nizamabad,Jakranpalle,0.0,22.9,35.5,31.6,68.0,0.0,2.5
2019-02-23,Nizamabad,Jakranpalle,0.0,22.7,35.6,29.2,68.8,0.0,2.9
2019-02-24,Nizamabad,Jakranpalle,0.0,22.0,37.2,26.2,68.3,0.0,3.4
2019-02-25,Nizamabad,Jakranpalle,0.0,22.2,37.8,20.0,56.1,0.0,4.5
2019-02-26,Nizamabad,Jakranpalle,0.0,20.6,34.4,21.2,48.2,0.0,3.9
2019-02-27,Nizamabad,Jakranpalle,0.0,18.4,34.0,20.0,51.9,0.0,2.2
2019-02-28,Nizamabad,Jakranpalle,0.0,18.2,34.4,20.7,51.3,0.0,2.0
2019-03-01,Nizamabad,Jakranpalle,0.0,18.7,31.4,26.6,64.4,0.0,2.4
2019-03-02,Nizamabad,Jakranpalle,0.0,22.8,33.2,33.0,81.0,0.0,2.4
2019-03-03,Nizamabad,Jakranpalle,0.0,23.8,34.0,40.1,76.4,0.0,2.4
2019-03-04,Nizamabad,Jakranpalle,0.0,22.8,37.3,30.1,79.7,0.0,3.3
2019-03-05,Nizamabad,Jakranpalle,0.0,23.5,35.9,23.8,52.8,0.0,3.4
2019-03-06,Nizamabad,Jakranpalle,0.0,18.6,33.6,26.3,48.3,0.0,3.9
2019-03-07,Nizamabad,Jakranpalle,0.0,18.7,32.7,22.7,61.7,0.0,2.0
2019-03-08,Nizamabad,Jakranpalle,0.0,18.8,35.2,20.8,56.1,0.0,3.3
2019-03-09,Nizamabad,Jakranpalle,0.0,19.7,36.2,16.0,63.3,0.0,3.3
2019-03-10,Nizamabad,Jakranpalle,0.0,22.4,37.6,18.1,73.3,0.0,3.3
2019-03-11,Nizamabad,Jakranpalle,0.0,22.9,37.7,23.1,76.2,0.0,2.3
2019-03-12,Nizamabad,Jakranpalle,0.0,25.0,37.8,28.3,75.6,0.0,2.6
2019-03-13,Nizamabad,Jakranpalle,0.0,24.7,37.6,31.6,60.1,0.0,3.7
2019-03-14,Nizamabad,Jakranpalle,0.0,23.5,37.7,23.9,53.4,0.0,4.3
2019-03-15,Nizamabad,Jakranpalle,0.0,23.4,37.6,18.8,45.9,0.0,3.3
2019-03-16,Nizamabad,Jakranpalle,0.0,21.8,37.9,19.5,51.2,0.0,2.8
2019-03-17,Nizamabad,Jakranpalle,0.0,23.8,38.2,17.4,59.7,0.3,2.3
2019-03-18,Nizamabad,Jakranpalle,0.0,24.1,37.6,22.5,56.2,0.0,2.0
2019-03-19,Nizamabad,Jakranpalle,0.0,21.7,37.6,25.6,68.2,0.1,1.9
2019-03-20,Nizamabad,Jakranpalle,0.0,25.4,37.3,27.9,73.5,0.0,2.1
2019-03-21,Nizamabad,Jakranpalle,3.0,23.2,36.9,33.3,84.5,0.2,2.1
2019-03-22,Nizamabad,Jakranpalle,0.0,22.9,37.5,34.3,71.1,0.0,3.8
2019-03-23,Nizamabad,Jakranpalle,0.0,23.7,37.1,34.2,74.0,0.0,1.9
2019-03-24,Nizamabad,Jakranpalle,0.0,25.3,37.9,26.2,71.1,0.0,2.2
2019-03-25,Nizamabad,Jakranpalle,0.0,25.2,37.9,22.6,67.4,0.0,1.6
2019-03-26,Nizamabad,Jakranpalle,0.0,26.3,38.2,26.0,63.3,0.0,1.5
2019-03-27,Nizamabad,Jakranpalle,0.0,24.9,38.1,21.5,68.1,0.0,2.8
2019-03-28,Nizamabad,Jakranpalle,0.0,24.7,38.6,21.6,63.2,0.0,3.0
2019-03-29,Nizamabad,Jakranpalle,0.0,24.7,38.4,19.5,70.0,0.0,2.5
2019-03-30,Nizamabad,Jakranpalle,0.0,24.7,39.4,14.8,51.6,0.0,1.7
2019-03-31,Nizamabad,Jakranpalle,0.0,25.9,40.3,16.4,50.4,0.0,2.7
2019-04-01,Nizamabad,Jakranpalle,0.0,29.4,40.6,16.4,34.1,0.0,3.7
2019-04-02,Nizamabad,Jakranpalle,0.0,24.1,40.6,10.7,62.2,0.0,3.2
2019-04-03,Nizamabad,Jakranpalle,0.0,24.9,40.1,17.5,60.1,0.0,2.2
2019-04-04,Nizamabad,Jakranpalle,0.0,24.9,39.5,25.2,62.7,0.0,1.8
2019-04-05,Nizamabad,Jakranpalle,10.5,21.5,37.9,27.5,81.5,0.2,5.4
2019-04-06,Nizamabad,Jakranpalle,0.0,24.6,37.6,23.8,54.8,0.0,2.0
2019-04-07,Nizamabad,Jakranpalle,0.0,25.7,39.3,20.0,63.3,0.0,2.3
2019-04-08,Nizamabad,Jakranpalle,0.0,24.2,39.2,16.1,60.4,0.0,2.1
2019-04-09,Nizamabad,Jakranpalle,0.0,25.6,40.4,16.7,63.7,0.0,2.3
2019-04-10,Nizamabad,Jakranpalle,0.0,25.8,40.3,15.9,60.5,0.1,2.3
2019-04-11,Nizamabad,Jakranpalle,0.0,26.8,39.9,16.7,67.7,0.0,3.0
2019-04-12,Nizamabad,Jakranpalle,0.0,27.5,41.6,13.1,58.6,0.0,2.9
2019-04-13,Nizamabad,Jakranpalle,0.0,25.0,40.6,17.5,51.5,0.1,3.6
2019-04-14,Nizamabad,Jakranpalle,0.0,26.6,39.9,17.1,50.0,0.0,2.4
2019-04-15,Nizamabad,Jakranpalle,0.0,28.8,41.9,15.9,43.6,0.0,2.8
2019-04-16,Nizamabad,Jakranpalle,0.0,25.2,41.1,17.1,59.1,0.1,4.3
2019-04-17,Nizamabad,Jakranpalle,0.0,24.8,38.3,25.1,56.7,0.1,2.8
2019-04-18,Nizamabad,Jakranpalle,0.0,26.6,37.3,26.1,51.0,0.5,3.0
2019-04-19,Nizamabad,Jakranpalle,0.0,25.2,38.0,26.1,68.6,0.0,10.2
2019-04-20,Nizamabad,Jakranpalle,0.0,24.7,40.2,21.0,71.4,0.0,12.9
2019-04-21,Nizamabad,Jakranpalle,0.0,26.4,41.6,17.0,66.9,0.0,12.4
2019-04-22,Nizamabad,Jakranpalle,0.0,26.6,40.4,15.7,67.5,0.0,11.6
2019-04-23,Nizamabad,Jakranpalle,0.0,26.1,38.3,26.6,58.7,0.0,13.9
2019-04-24,Nizamabad,Jakranpalle,0.0,26.8,40.1,17.6,58.8,0.0,2.5
2019-04-25,Nizamabad,Jakranpalle,0.0,27.1,41.2,15.5,48.2,0.0,2.4
2019-04-26,Nizamabad,Jakranpalle,0.0,27.8,42.3,15.7,45.7,0.1,3.7
2019-04-27,Nizamabad,Jakranpalle,0.0,30.9,43.0,15.0,39.1,0.3,2.9
2019-04-28,Nizamabad,Jakranpalle,0.0,31.6,42.5,17.4,42.4,0.0,2.0
2019-04-29,Nizamabad,Jakranpalle,0.0,30.4,44.5,16.3,45.1,0.0,2.1
2019-04-30,Nizamabad,Jakranpalle,0.0,29.7,44.2,17.1,48.0,0.0,2.5
2019-05-01,Nizamabad,Jakranpalle,0.0,28.9,42.7,15.2,48.5,0.0,4.3
2019-05-02,Nizamabad,Jakranpalle,0.0,29.8,41.8,14.2,42.2,0.3,4.0
2019-05-03,Nizamabad,Jakranpalle,0.0,28.9,42.2,13.0,25.9,0.1,5.0
2019-05-04,Nizamabad,Jakranpalle,0.0,28.8,42.0,12.8,33.0,0.3,5.5
2019-05-05,Nizamabad,Jakranpalle,0.0,29.7,40.7,14.9,29.7,0.0,4.5
2019-05-06,Nizamabad,Jakranpalle,0.0,29.7,41.7,12.0,26.9,0.1,4.5
2019-05-07,Nizamabad,Jakranpalle,0.0,29.0,42.2,11.1,26.7,0.0,3.7
2019-05-08,Nizamabad,Jakranpalle,0.0,31.7,43.0,12.6,26.0,0.0,3.4
2019-05-09,Nizamabad,Jakranpalle,0.0,30.8,41.7,14.0,30.0,0.0,3.3
2019-05-10,Nizamabad,Jakranpalle,0.0,31.0,41.5,15.6,31.4,0.0,4.6
2019-05-11,Nizamabad,Jakranpalle,0.0,31.4,42.0,15.7,32.0,0.0,4.5
2019-05-12,Nizamabad,Jakranpalle,0.0,28.3,41.6,20.3,49.2,0.0,4.5
2019-05-13,Nizamabad,Jakranpalle,0.0,27.4,42.4,15.0,47.4,0.0,3.9
2019-05-14,Nizamabad,Jakranpalle,0.0,29.1,41.9,16.4,49.2,0.0,3.2
2019-05-15,Nizamabad,Jakranpalle,0.0,29.2,41.6,16.5,41.2,0.0,3.4
2019-05-16,Nizamabad,Jakranpalle,0.0,29.1,43.2,13.0,52.8,0.1,3.3
2019-05-17,Nizamabad,Jakranpalle,0.0,31.1,42.8,14.1,27.0,0.0,3.0
2019-05-18,Nizamabad,Jakranpalle,0.0,29.2,41.9,5.2,33.8,0.0,3.3
2019-05-19,Nizamabad,Jakranpalle,0.0,27.1,43.4,9.0,35.2,0.0,3.8
2019-05-20,Nizamabad,Jakranpalle,0.0,28.9,43.4,10.4,34.3,0.0,4.0
2019-05-21,Nizamabad,Jakranpalle,0.0,28.6,44.0,5.3,42.3,0.0,2.9
2019-05-22,Nizamabad,Jakranpalle,0.0,28.6,43.6,12.3,42.7,0.2,3.4
2019-05-23,Nizamabad,Jakranpalle,0.0,31.4,44.0,6.0,46.8,0.2,4.2
2019-05-24,Nizamabad,Jakranpalle,0.0,29.9,43.4,9.4,48.4,0.5,3.3
2019-05-25,Nizamabad,Jakranpalle,0.0,31.8,44.1,7.3,36.9,0.0,4.2
2019-05-26,Nizamabad,Jakranpalle,0.0,28.9,44.1,7.9,32.0,0.1,5.1
2019-05-27,Nizamabad,Jakranpalle,0.0,29.9,45.2,5.2,34.1,0.0,3.1
2019-05-28,Nizamabad,Jakranpalle,0.0,30.9,44.5,5.3,31.6,0.0,4.0
2019-05-29,Nizamabad,Jakranpalle,0.0,28.8,44.9,13.6,25.8,0.0,2.5
2019-05-30,Nizamabad,Jakranpalle,0.0,29.8,44.5,6.6,58.7,0.2,4.3
2019-05-31,Nizamabad,Jakranpalle,0.0,30.8,41.5,20.0,49.9,0.1,3.0
2019-06-01,Nizamabad,Jakranpalle,0.5,29.2,43.9,9.2,60.8,0.1,1.8
2019-06-02,Nizamabad,Jakranpalle,0.0,27.6,38.6,23.3,59.9,0.0,1.8
2019-06-03,Nizamabad,Jakranpalle,0.0,31.4,42.4,17.6,49.8,0.2,4.1
2019-06-04,Nizamabad,Jakranpalle,0.7,26.8,43.9,13.0,67.7,0.1,6.9
2019-06-05,Nizamabad,Jakranpalle,0.0,29.7,42.2,17.8,51.4,0.0,4.3
2019-06-06,Nizamabad,Jakranpalle,0.0,30.5,43.2,12.3,49.5,0.1,4.2
2019-06-07,Nizamabad,Jakranpalle,0.0,27.3,43.6,16.9,59.7,0.0,4.3
2019-06-08,Nizamabad,Jakranpalle,13.4,26.8,42.0,24.0,79.2,0.2,4.0
2019-06-09,Nizamabad,Jakranpalle,0.0,29.8,37.4,32.9,74.2,0.0,4.0
2019-06-10,Nizamabad,Jakranpalle,0.0,31.2,40.6,26.0,56.3,0.4,4.2
2019-06-11,Nizamabad,Jakranpalle,0.0,29.7,41.2,24.9,53.4,0.2,4.5
2019-06-12,Nizamabad,Jakranpalle,0.0,33.8,41.4,28.5,53.0,0.4,3.3
2019-06-13,Nizamabad,Jakranpalle,0.0,32.3,40.0,28.4,57.9,1.0,4.8
2019-06-14,Nizamabad,Jakranpalle,0.0,28.8,39.6,28.6,58.6,0.8,5.7
2019-06-15,Nizamabad,Jakranpalle,0.0,29.6,38.6,39.3,56.2,0.0,6.5
2019-06-16,Nizamabad,Jakranpalle,0.0,31.2,39.9,25.2,52.7,0.4,5.5
2019-06-17,Nizamabad,Jakranpalle,0.0,31.4,38.5,25.9,51.3,0.2,7.1
2019-06-18,Nizamabad,Jakranpalle,0.0,31.4,38.4,26.7,51.2,0.3,7.4
2019-06-19,Nizamabad,Jakranpalle,0.0,30.9,38.5,25.1,49.4,0.0,5.4
2019-06-20,Nizamabad,Jakranpalle,0.0,28.3,39.5,26.9,69.0,0.0,6.2
2019-06-21,Nizamabad,Jakranpalle,1.5,26.6,39.3,34.2,85.9,0.2,6.3
2019-06-22,Nizamabad,Jakranpalle,2.3,25.4,37.8,48.2,87.2,0.0,5.1
2019-06-23,Nizamabad,Jakranpalle,0.0,27.5,34.8,54.7,83.7,0.0,5.8
2019-06-24,Nizamabad,Jakranpalle,55.5,24.9,35.8,44.8,93.8,0.0,4.1
2019-06-25,Nizamabad,Jakranpalle,5.4,27.5,35.6,75.8,100.0,0.0,2.1
2019-06-26,Nizamabad,Jakranpalle,5.1,28.3,37.8,52.0,92.8,0.0,2.5
2019-06-27,Nizamabad,Jakranpalle,0.0,27.5,39.8,41.1,76.4,0.1,4.3
2019-06-28,Nizamabad,Jakranpalle,0.0,29.9,37.8,41.7,76.2,0.2,5.2
2019-06-29,Nizamabad,Jakranpalle,21.9,27.3,37.8,43.4,100.0,0.6,4.5
2019-06-30,Nizamabad,Jakranpalle,28.9,25.0,33.0,94.9,100.0,1.7,5.1
2019-07-01,Nizamabad,Jakranpalle,12.4,25.6,30.0,87.6,95.7,1.0,6.9
2019-07-02,Nizamabad,Jakranpalle,0.4,26.2,31.0,86.0,96.9,0.2,5.9
2019-07-03,Nizamabad,Jakranpalle,31.4,25.0,31.4,85.1,97.0,0.0,7.1
2019-07-04,Nizamabad,Jakranpalle,2.7,26.2,31.4,84.2,93.0,0.9,7.7
2019-07-05,Nizamabad,Jakranpalle,0.0,26.5,33.7,57.1,89.5,1.8,4.7
2019-07-06,Nizamabad,Jakranpalle,0.0,26.5,36.0,48.2,88.8,0.1,6.8
2019-07-07,Nizamabad,Jakranpalle,0.0,26.4,33.1,61.0,87.5,0.9,6.4
2019-07-08,Nizamabad,Jakranpalle,33.1,25.0,33.6,65.7,79.3,0.2,5.1
2019-07-09,Nizamabad,Jakranpalle,0.2,26.2,33.5,57.9,72.8,0.4,4.1
2019-07-10,Nizamabad,Jakranpalle,0.3,26.2,34.5,54.9,94.4,0.0,6.3
2019-07-11,Nizamabad,Jakranpalle,1.9,26.1,35.5,48.1,83.2,0.2,4.3
2019-07-12,Nizamabad,Jakranpalle,23.3,23.9,31.6,59.3,97.5,0.2,6.2
2019-07-13,Nizamabad,Jakranpalle,5.9,25.4,32.5,57.8,94.2,0.1,4.7
2019-07-14,Nizamabad,Jakranpalle,3.1,26.0,34.7,55.5,91.7,0.0,3.7
2019-07-15,Nizamabad,Jakranpalle,0.0,26.7,35.1,48.4,85.7,0.0,4.6
2019-07-16,Nizamabad,Jakranpalle,0.0,26.6,35.3,45.1,77.1,0.2,5.3
2019-07-17,Nizamabad,Jakranpalle,0.0,26.7,35.6,43.4,82.3,0.0,4.5
2019-07-18,Nizamabad,Jakranpalle,0.0,26.8,35.6,47.9,74.4,0.0,5.0
2019-07-19,Nizamabad,Jakranpalle,0.0,26.1,36.1,42.0,87.9,0.3,3.9
2019-07-20,Nizamabad,Jakranpalle,82.6,23.9,35.0,53.4,97.8,0.0,3.6
2019-07-21,Nizamabad,Jakranpalle,0.3,24.0,31.7,86.0,97.8,0.0,4.2
2019-07-22,Nizamabad,Jakranpalle,0.0,25.8,34.1,44.1,95.4,0.0,1.6
2019-07-23,Nizamabad,Jakranpalle,0.0,25.7,34.3,49.8,93.1,0.0,1.2
2019-07-24,Nizamabad,Jakranpalle,0.0,26.0,33.9,48.8,87.6,0.0,1.6
2019-07-25,Nizamabad,Jakranpalle,0.0,26.1,33.3,51.9,82.4,0.0,3.3
2019-07-26,Nizamabad,Jakranpalle,6.1,23.7,32.8,63.8,98.3,0.0,5.6
2019-07-27,Nizamabad,Jakranpalle,14.7,22.4,26.9,88.7,98.1,0.0,3.9
2019-07-28,Nizamabad,Jakranpalle,25.1,22.9,30.1,76.1,98.7,0.0,5.1
2019-07-29,Nizamabad,Jakranpalle,16.3,23.2,27.4,86.1,98.7,0.0,4.3
2019-07-30,Nizamabad,Jakranpalle,46.7,22.7,24.9,92.2,98.0,4.7,15.0
2019-07-31,Nizamabad,Jakranpalle,2.9,22.4,25.9,84.8,94.9,2.8,10.6
2019-08-01,Nizamabad,Jakranpalle,0.3,24.3,29.5,74.4,89.9,0.0,5.7
2019-08-02,Nizamabad,Jakranpalle,36.8,23.1,28.3,81.1,98.6,0.0,4.4
2019-08-03,Nizamabad,Jakranpalle,26.2,23.2,25.7,91.6,98.0,0.0,9.1
2019-08-04,Nizamabad,Jakranpalle,9.9,23.9,26.6,86.9,95.3,0.0,3.2
2019-08-05,Nizamabad,Jakranpalle,0.8,22.4,31.3,73.7,91.7,0.0,3.3
2019-08-06,Nizamabad,Jakranpalle,17.1,23.7,31.0,75.2,97.3,0.0,3.0
2019-08-07,Nizamabad,Jakranpalle,47.9,23.3,28.4,84.1,98.8,0.0,4.6
2019-08-08,Nizamabad,Jakranpalle,29.4,23.5,27.5,87.3,99.1,0.0,2.5
2019-08-09,Nizamabad,Jakranpalle,0.5,24.9,27.1,82.5,92.1,0.0,9.4
2019-08-10,Nizamabad,Jakranpalle,0.0,24.4,30.8,72.1,90.2,0.0,3.2
2019-08-11,Nizamabad,Jakranpalle,0.0,24.1,32.7,65.3,90.4,0.0,3.3
2019-08-12,Nizamabad,Jakranpalle,0.8,24.0,33.3,64.6,97.7,0.0,4.4
2019-08-13,Nizamabad,Jakranpalle,4.2,25.1,32.7,68.9,93.8,0.5,4.4
2019-08-14,Nizamabad,Jakranpalle,3.0,22.8,28.5,82.8,97.9,0.0,4.3
2019-08-15,Nizamabad,Jakranpalle,13.9,23.0,31.5,72.6,98.5,0.0,3.5
2019-08-16,Nizamabad,Jakranpalle,0.0,24.3,32.5,67.9,95.1,0.0,3.5
2019-08-17,Nizamabad,Jakranpalle,0.0,23.9,33.0,63.5,94.0,0.0,4.8
2019-08-18,Nizamabad,Jakranpalle,0.0,25.4,31.9,68.4,94.2,0.0,3.5
2019-08-19,Nizamabad,Jakranpalle,0.0,24.7,30.2,72.9,96.0,0.0,3.1
2019-08-20,Nizamabad,Jakranpalle,10.6,24.4,31.1,74.3,96.4,0.0,3.8
2019-08-21,Nizamabad,Jakranpalle,0.0,24.9,32.6,72.5,93.9,0.4,4.5
2019-08-22,Nizamabad,Jakranpalle,42.9,22.4,30.3,78.7,99.2,0.3,4.5
2019-08-23,Nizamabad,Jakranpalle,26.7,23.3,31.8,74.0,98.6,0.0,15.4
2019-08-24,Nizamabad,Jakranpalle,0.0,24.1,29.6,77.1,92.8,0.0,4.1
2019-08-25,Nizamabad,Jakranpalle,0.0,24.2,32.2,64.9,94.1,0.0,4.4
2019-08-26,Nizamabad,Jakranpalle,0.0,23.6,32.0,69.7,92.6,0.0,5.0
2019-08-27,Nizamabad,Jakranpalle,0.7,22.4,30.4,73.9,97.6,0.0,6.3
2019-08-28,Nizamabad,Jakranpalle,0.0,23.8,32.0,64.0,97.4,0.0,4.5
2019-08-29,Nizamabad,Jakranpalle,0.0,24.3,32.5,60.3,94.9,0.0,3.1
2019-08-30,Nizamabad,Jakranpalle,0.0,25.5,34.3,62.8,94.0,0.0,3.1
2019-08-31,Nizamabad,Jakranpalle,12.8,23.5,34.2,61.7,98.8,0.2,5.4
2019-09-01,Nizamabad,Jakranpalle,0.4,23.5,32.3,70.5,96.5,0.0,5.4
2019-09-02,Nizamabad,Jakranpalle,0.3,22.5,30.2,77.0,96.5,0.2,5.5
2019-09-03,Nizamabad,Jakranpalle,47.7,22.9,26.7,84.9,99.2,0.0,4.3
2019-09-04,Nizamabad,Jakranpalle,0.3,23.4,28.6,83.5,98.6,0.5,3.3
2019-09-05,Nizamabad,Jakranpalle,1.7,24.0,29.7,79.9,95.9,0.0,4.4
2019-09-06,Nizamabad,Jakranpalle,46.6,23.3,32.8,71.3,98.3,0.2,4.4
2019-09-07,Nizamabad,Jakranpalle,4.5,23.4,28.7,83.2,97.0,0.2,4.7
2019-09-08,Nizamabad,Jakranpalle,0.0,24.0,29.5,78.7,90.9,0.0,3.7
2019-09-09,Nizamabad,Jakranpalle,1.8,24.1,31.3,75.9,97.4,0.0,0.1
2019-09-11,Nizamabad,Jakranpalle,9.8,23.4,30.7,74.4,98.1,0.1,3.3
2019-09-12,Nizamabad,Jakranpalle,18.3,22.9,30.6,74.4,98.9,0.4,4.6
2019-09-13,Nizamabad,Jakranpalle,12.7,23.1,27.0,87.7,98.3,0.0,4.1
2019-09-14,Nizamabad,Jakranpalle,5.2,22.9,30.7,75.7,97.0,0.1,4.2
2019-09-15,Nizamabad,Jakranpalle,2.3,23.6,33.1,66.6,96.5,0.2,4.0
2019-09-16,Nizamabad,Jakranpalle,0.0,25.0,32.2,71.8,95.6,0.0,3.4
2019-09-17,Nizamabad,Jakranpalle,0.0,24.4,32.6,69.8,96.5,0.5,3.2
2019-09-18 00:00:00,Nizamabad,Jakranpalle,47.2,22.8,31.6,75.4,99.3,0.0,3.1
2019-09-19 00:00:00,Nizamabad,Jakranpalle,1.3,23.6,32.4,71.6,99.3,0.0,0.4
2019-09-20 00:00:00,Nizamabad,Jakranpalle,27.1,23.0,30.3,78.6,99.4,0.0,0.9
2019-09-21 00:00:00,Nizamabad,Jakranpalle,10.8,23.4,34.0,58.3,99.5,0.0,1.9
2019-09-22 00:00:00,Nizamabad,Jakranpalle,3.6,23.8,33.3,66.3,98.2,0.0,1.2
2019-09-23 00:00:00,Nizamabad,Jakranpalle,1.4,23.4,32.6,68.3,99.1,0.0,2.0
2019-09-24 00:00:00,Nizamabad,Jakranpalle,0.0,23.3,32.9,70.9,98.7,0.0,1.9
2019-09-25 00:00:00,Nizamabad,Jakranpalle,9.9,23.2,32.9,66.7,99.2,0.0,2.4
2019-09-26 00:00:00,Nizamabad,Jakranpalle,97.4,23.5,30.2,80.7,99.4,0.0,1.3
2019-09-27 00:00:00,Nizamabad,Jakranpalle,8.0,22.9,30.3,74.9,98.0,0.1,1.5
2019-09-28 00:00:00,Nizamabad,Jakranpalle,0.3,23.5,30.8,67.5,98.1,0.0,2.2
2019-09-29 00:00:00,Nizamabad,Jakranpalle,0.0,24.1,31.3,68.9,97.2,0.0,2.6
2019-09-30 00:00:00,Nizamabad,Jakranpalle,0.0,22.7,33.9,64.3,96.4,0.0,2.6
2019-10-01,Nizamabad,Jakranpalle,0.8,23.8,30.3,76.7,93.8,0.0,0.5
2019-10-02,Nizamabad,Jakranpalle,0.0,23.7,33.0,65.9,95.8,0.0,4.5
2019-10-03,Nizamabad,Jakranpalle,0.0,23.4,34.2,61.9,97.7,0.0,0.9
2019-10-04,Nizamabad,Jakranpalle,0.0,23.4,33.1,64.1,96.1,0.0,0.9
2019-10-05,Nizamabad,Jakranpalle,0.0,22.8,32.2,63.4,95.1,0.0,0.6
2019-10-06,Nizamabad,Jakranpalle,0.0,23.5,32.6,65.1,97.6,0.0,1.8
2019-10-07,Nizamabad,Jakranpalle,0.5,22.5,31.9,64.1,97.3,0.0,8.4
2019-10-08,Nizamabad,Jakranpalle,0.0,23.1,33.7,59.4,98.7,0.0,3.0
2019-10-09,Nizamabad,Jakranpalle,0.0,22.8,31.9,62.4,98.5,0.0,9.6
2019-10-10,Nizamabad,Jakranpalle,0.0,23.3,33.2,61.6,97.1,0.0,0.7
2019-10-11,Nizamabad,Jakranpalle,13.6,21.3,32.2,65.4,99.0,0.0,5.5
2019-10-12,Nizamabad,Jakranpalle,2.5,22.8,30.9,73.8,98.5,0.0,5.6
2019-10-13,Nizamabad,Jakranpalle,0.3,23.0,32.6,61.0,99.0,0.0,4.0
2019-10-14,Nizamabad,Jakranpalle,0.0,23.1,31.9,62.4,99.0,0.0,5.2
2019-10-15,Nizamabad,Jakranpalle,0.0,21.8,31.8,62.6,98.7,0.0,4.4
2019-10-16,Nizamabad,Jakranpalle,0.0,20.9,31.4,62.7,99.0,0.0,9.0
2019-10-17,Nizamabad,Jakranpalle,0.0,21.9,30.7,65.0,99.0,0.3,10.5
2019-10-18,Nizamabad,Jakranpalle,0.3,22.7,32.3,61.2,97.8,0.3,10.5
2019-10-19,Nizamabad,Jakranpalle,17.9,21.5,30.5,69.8,99.0,0.3,10.5
2019-10-20,Nizamabad,Jakranpalle,25.1,22.5,28.5,78.0,99.1,0.3,10.5
2019-10-21,Nizamabad,Jakranpalle,36.5,22.2,31.7,65.0,99.4,0.3,10.5
2019-10-22,Nizamabad,Jakranpalle,2.9,22.0,29.0,78.2,99.5,0.0,1.2
2019-10-23,Nizamabad,Jakranpalle,0.0,22.3,31.5,65.6,99.3,0.0,7.0
2019-10-24,Nizamabad,Jakranpalle,0.0,22.2,30.8,66.7,98.6,0.0,11.3
2019-10-25,Nizamabad,Jakranpalle,6.8,22.0,31.5,70.6,99.3,0.0,4.8
2019-10-26,Nizamabad,Jakranpalle,0.0,23.4,29.8,73.1,98.3,0.0,8.8
2019-10-27,Nizamabad,Jakranpalle,0.0,22.8,32.6,60.8,98.5,0.0,3.4
2019-10-28,Nizamabad,Jakranpalle,0.5,21.7,31.2,68.0,98.5,0.0,3.2
2019-10-29,Nizamabad,Jakranpalle,0.0,22.9,31.3,67.0,99.0,0.0,6.7
2019-10-30,Nizamabad,Jakranpalle,0.0,22.6,31.9,64.7,99.1,0.0,7.5
2019-10-31,Nizamabad,Jakranpalle,0.7,21.8,29.7,76.0,98.6,0.0,5.0
2019-11-01,Nizamabad,Jakranpalle,0.8,22.9,28.3,76.0,98.3,0.0,6.4
2019-11-02,Nizamabad,Jakranpalle,0.0,22.7,31.0,63.6,98.9,0.0,7.7
2019-11-03,Nizamabad,Jakranpalle,20.9,21.6,32.7,57.2,99.6,0.0,7.9
2019-11-04,Nizamabad,Jakranpalle,0.0,22.6,32.7,63.0,98.9,0.0,3.2
2019-11-05,Nizamabad,Jakranpalle,0.0,20.4,32.6,54.5,97.9,0.0,5.7
2019-11-06,Nizamabad,Jakranpalle,0.0,21.3,32.4,52.7,98.5,0.0,3.2
2019-11-07,Nizamabad,Jakranpalle,0.0,21.6,32.5,52.5,95.4,0.0,3.2
2019-11-08,Nizamabad,Jakranpalle,0.0,22.3,33.0,53.3,95.0,0.0,3.6
2019-11-09,Nizamabad,Jakranpalle,0.0,21.8,32.1,58.0,97.2,0.0,3.7
2019-11-10,Nizamabad,Jakranpalle,0.0,18.8,31.3,60.8,98.6,0.0,3.2
2019-11-11,Nizamabad,Jakranpalle,0.0,18.7,31.3,49.6,98.7,0.0,4.5
2019-11-12,Nizamabad,Jakranpalle,0.0,18.7,31.1,53.5,98.9,0.0,4.1
2019-11-13,Nizamabad,Jakranpalle,0.0,16.4,30.6,46.5,98.9,0.0,8.5
2019-11-14,Nizamabad,Jakranpalle,0.0,16.9,29.4,47.9,98.1,0.0,6.4
2019-11-15,Nizamabad,Jakranpalle,0.0,19.0,29.9,54.9,98.0,0.0,4.2
2019-11-16,Nizamabad,Jakranpalle,0.0,18.3,31.0,48.5,97.5,0.0,4.1
2019-11-17,Nizamabad,Jakranpalle,0.0,18.6,31.2,51.0,98.7,0.0,4.6
2019-11-18,Nizamabad,Jakranpalle,0.0,16.3,31.5,44.9,97.9,0.0,5.8
2019-11-19,Nizamabad,Jakranpalle,0.0,17.1,30.3,46.3,98.3,0.0,4.9
2019-11-20,Nizamabad,Jakranpalle,0.0,17.1,31.3,46.2,97.6,0.0,3.5
2019-11-21,Nizamabad,Jakranpalle,0.0,17.8,30.6,46.9,98.8,0.0,4.0
2019-11-22,Nizamabad,Jakranpalle,0.0,17.7,30.3,57.9,98.4,0.0,4.1
2019-11-23,Nizamabad,Jakranpalle,0.0,16.1,30.6,45.6,98.1,0.0,0.8
2019-11-24,Nizamabad,Jakranpalle,0.0,15.5,29.7,46.2,97.5,0.0,5.6
2019-11-25,Nizamabad,Jakranpalle,0.0,17.5,30.1,46.6,96.8,0.0,2.3
2019-11-26,Nizamabad,Jakranpalle,0.0,17.3,29.7,49.3,97.6,0.0,1.6
2019-11-27,Nizamabad,Jakranpalle,0.0,17.4,29.8,54.5,98.3,0.0,4.2
2019-11-28,Nizamabad,Jakranpalle,0.0,17.1,29.9,51.7,98.3,0.0,5.4
2019-11-29,Nizamabad,Jakranpalle,0.0,18.7,31.1,46.5,98.5,0.0,1.0
2019-11-30,Nizamabad,Jakranpalle,0.0,18.9,30.8,55.0,98.5,0.0,0.9
2019-12-01,Nizamabad,Jakranpalle,0.0,19.0,30.1,56.8,98.3,0.0,2.5
2019-12-02,Nizamabad,Jakranpalle,0.0,22.0,30.7,51.9,96.1,0.0,2.9
2019-12-03,Nizamabad,Jakranpalle,0.0,20.5,27.6,72.9,96.8,0.0,4.6
2019-12-04,Nizamabad,Jakranpalle,0.0,18.8,29.2,56.1,97.8,0.0,2.6
2019-12-05,Nizamabad,Jakranpalle,0.0,16.8,29.3,51.3,97.6,0.0,7.5
2019-12-06,Nizamabad,Jakranpalle,0.0,15.2,28.4,47.6,97.6,0.0,4.9
2019-12-07,Nizamabad,Jakranpalle,0.0,15.2,28.2,42.4,98.2,0.0,5.8
2019-12-08,Nizamabad,Jakranpalle,0.0,15.8,27.4,54.2,98.2,0.0,4.4
2019-12-09,Nizamabad,Jakranpalle,0.0,18.1,28.9,56.4,97.4,0.0,3.7
2019-12-10,Nizamabad,Jakranpalle,0.0,17.3,29.7,53.9,98.1,0.0,6.4
2019-12-11,Nizamabad,Jakranpalle,0.0,15.9,29.3,50.6,98.4,0.0,4.9
2019-12-12,Nizamabad,Jakranpalle,0.0,17.1,30.3,45.9,95.5,0.0,4.4
2019-12-13,Nizamabad,Jakranpalle,0.0,19.8,28.9,50.1,88.2,0.0,4.1
2019-12-14,Nizamabad,Jakranpalle,0.0,20.3,31.2,45.1,92.8,0.0,6.2
2019-12-15,Nizamabad,Jakranpalle,0.0,17.9,30.2,52.5,97.7,0.0,6.4
2019-12-16,Nizamabad,Jakranpalle,0.0,16.9,30.4,45.4,98.0,0.0,5.5
2019-12-17,Nizamabad,Jakranpalle,0.0,17.6,29.0,49.8,98.3,0.0,3.5
2019-12-18,Nizamabad,Jakranpalle,0.0,16.6,27.6,61.9,98.8,0.0,4.6
2019-12-19,Nizamabad,Jakranpalle,0.0,16.9,29.0,47.8,97.7,0.0,3.8
2019-12-20,Nizamabad,Jakranpalle,0.0,16.8,29.0,47.9,96.4,0.0,3.8
2019-12-21,Nizamabad,Jakranpalle,0.0,17.8,30.0,45.5,95.9,0.0,5.5
2019-12-22,Nizamabad,Jakranpalle,0.0,18.7,29.0,47.9,90.2,0.0,6.0
2019-12-23,Nizamabad,Jakranpalle,0.0,16.7,28.0,53.3,97.0,0.0,4.7
2019-12-24,Nizamabad,Jakranpalle,0.0,16.7,28.3,52.4,95.9,0.0,4.8
2019-12-25,Nizamabad,Jakranpalle,0.0,20.5,28.8,46.5,89.6,0.0,6.0
2019-12-26,Nizamabad,Jakranpalle,0.0,20.8,29.7,45.4,93.2,0.0,4.3
2019-12-27,Nizamabad,Jakranpalle,0.0,20.7,25.6,75.2,98.2,0.0,4.3
2019-12-28,Nizamabad,Jakranpalle,0.0,14.9,24.9,57.5,96.2,0.0,7.7
2019-12-29,Nizamabad,Jakranpalle,0.0,13.2,25.1,45.3,78.6,0.0,6.3
2019-12-30,Nizamabad,Jakranpalle,0.0,16.3,26.6,43.4,80.0,0.0,5.2
2019-12-31,Nizamabad,Jakranpalle,0.0,18.9,26.6,54.7,93.4,0.0,4.6
