Date,District,Mandal,Rainfall (mm),temp_min (⁰C),temp_max (⁰C),humidity_min (%),Humidity_max (%),wind_speed_min (Kmph),wind_speed_max (Kmph)
2019-01-01,Nizamabad,Kammarpalle,0.0,10.5,29.5,25.4,74.1,0.0,1.8
2019-01-02,Nizamabad,Kammarpalle,0.0,11.8,32.1,18.3,76.3,0.0,1.5
2019-01-03,Nizamabad,Kammarpalle,0.0,12.6,33.0,19.6,82.7,0.0,1.5
2019-01-04,Nizamabad,Kammarpalle,0.0,16.7,32.1,22.9,87.5,0.0,1.5
2019-01-05,Nizamabad,Kammarpalle,0.0,19.3,33.0,21.7,88.1,0.0,1.0
2019-01-06,Nizamabad,Kammarpalle,0.0,15.6,32.1,40.8,88.1,0.0,1.2
2019-01-07,Nizamabad,Kammarpalle,0.0,15.6,32.3,36.3,94.8,0.0,2.8
2019-01-08,Nizamabad,Kammarpalle,0.0,14.6,30.1,39.3,89.7,0.0,0.8
2019-01-09,Nizamabad,Kammarpalle,0.0,12.0,29.6,30.3,82.0,0.0,1.5
2019-01-10,Nizamabad,Kammarpalle,0.0,11.6,32.1,19.3,80.8,0.0,3.8
2019-01-11,Nizamabad,Kammarpalle,0.0,14.1,32.1,30.3,80.7,0.0,1.2
2019-01-12,Nizamabad,Kammarpalle,0.0,21.8,32.1,30.5,91.2,0.0,9.3
2019-01-13,Nizamabad,Kammarpalle,0.0,19.7,34.6,39.4,85.3,0.0,10.5
2019-01-14,Nizamabad,Kammarpalle,0.0,17.6,32.1,36.9,91.6,0.0,9.5
2019-01-15,Nizamabad,Kammarpalle,0.0,17.0,32.1,48.0,95.0,0.0,6.1
2019-01-16,Nizamabad,Kammarpalle,0.0,16.5,32.1,39.6,94.2,0.0,6.2
2019-01-17,Nizamabad,Kammarpalle,0.0,16.7,32.1,28.1,80.7,0.0,7.1
2019-01-18,Nizamabad,Kammarpalle,0.0,15.8,32.6,22.5,85.5,0.0,11.9
2019-01-19,Nizamabad,Kammarpalle,0.0,15.2,32.1,33.4,91.4,0.0,6.5
2019-01-20,Nizamabad,Kammarpalle,0.0,15.5,32.2,29.1,89.4,0.0,9.1
2019-01-21,Nizamabad,Kammarpalle,0.0,16.7,34.6,26.2,80.7,0.0,1.5
2019-01-22,Nizamabad,Kammarpalle,0.0,20.0,34.7,22.9,75.3,0.0,9.4
2019-01-23,Nizamabad,Kammarpalle,0.0,17.3,34.6,25.0,91.4,0.0,13.5
2019-01-24,Nizamabad,Kammarpalle,0.0,18.2,34.6,39.4,88.8,0.0,10.9
2019-01-25,Nizamabad,Kammarpalle,0.0,22.7,32.3,50.4,89.1,0.0,11.3
2019-01-26,Nizamabad,Kammarpalle,3.8,19.8,32.9,49.5,98.6,0.0,10.0
2019-01-27,Nizamabad,Kammarpalle,0.0,19.7,24.4,87.9,98.8,0.2,9.1
2019-01-28,Nizamabad,Kammarpalle,0.0,19.3,25.0,78.3,95.5,0.0,8.9
2019-01-29,Nizamabad,Kammarpalle,0.0,13.3,27.8,47.2,92.3,0.0,9.6
2019-01-30,Nizamabad,Kammarpalle,0.0,10.1,27.8,26.8,88.6,0.0,10.9
2019-01-31,Nizamabad,Kammarpalle,0.0,13.6,29.5,22.5,75.5,0.0,7.9
2019-02-01,Nizamabad,Kammarpalle,0.0,16.0,32.1,39.1,95.2,0.0,12.1
2019-02-02,Nizamabad,Kammarpalle,0.0,16.7,32.1,46.2,91.6,0.0,11.7
2019-02-03,Nizamabad,Kammarpalle,0.0,16.7,32.9,36.4,89.4,0.0,8.4
2019-02-04,Nizamabad,Kammarpalle,0.0,17.0,32.8,38.9,88.7,0.0,7.4
2019-02-05,Nizamabad,Kammarpalle,0.0,17.5,34.6,33.8,87.5,0.0,12.1
2019-02-06,Nizamabad,Kammarpalle,0.0,17.2,34.6,36.4,91.4,0.0,6.1
2019-02-07,Nizamabad,Kammarpalle,0.0,21.0,35.4,29.4,75.3,0.0,13.4
2019-02-08,Nizamabad,Kammarpalle,0.0,19.0,34.8,36.7,77.2,0.0,5.8
2019-02-09,Nizamabad,Kammarpalle,0.0,16.2,32.7,33.0,81.6,0.0,4.9
2019-02-10,Nizamabad,Kammarpalle,0.0,12.8,29.5,23.8,80.9,0.0,11.3
2019-02-11,Nizamabad,Kammarpalle,0.0,16.8,32.1,23.8,76.7,0.0,6.7
2019-02-12,Nizamabad,Kammarpalle,0.0,20.1,33.0,46.3,95.8,0.0,5.3
2019-02-13,Nizamabad,Kammarpalle,0.0,21.2,34.6,48.1,88.9,0.0,7.0
2019-02-14,Nizamabad,Kammarpalle,0.0,17.2,35.1,23.0,84.8,0.0,6.6
2019-02-15,Nizamabad,Kammarpalle,0.0,19.4,34.6,23.0,86.2,0.0,1.5
2019-02-16,Nizamabad,Kammarpalle,0.0,20.7,34.7,30.8,97.1,0.0,13.8
2019-02-17,Nizamabad,Kammarpalle,0.0,18.5,34.6,29.0,91.1,0.0,6.9
2019-02-18,Nizamabad,Kammarpalle,0.0,17.1,34.6,35.9,95.0,0.0,9.9
2019-02-19,Nizamabad,Kammarpalle,0.0,22.2,35.2,22.9,75.5,0.0,8.4
2019-02-20,Nizamabad,Kammarpalle,0.0,23.9,37.6,33.7,82.0,0.0,5.9
2019-02-21,Nizamabad,Kammarpalle,0.0,23.2,35.6,32.8,84.5,0.0,12.4
2019-02-22,Nizamabad,Kammarpalle,0.0,21.9,35.1,33.4,79.4,0.0,13.9
2019-02-23,Nizamabad,Kammarpalle,0.0,21.1,37.6,33.3,85.0,0.0,10.2
2019-02-24,Nizamabad,Kammarpalle,0.0,21.3,37.3,31.2,77.0,0.0,7.1
2019-02-25,Nizamabad,Kammarpalle,0.0,19.5,38.8,22.6,73.8,0.0,9.0
2019-02-26,Nizamabad,Kammarpalle,0.0,18.8,37.5,21.0,62.5,0.0,8.4
2019-02-27,Nizamabad,Kammarpalle,0.0,17.2,34.2,16.9,73.5,0.0,5.9
2019-02-28,Nizamabad,Kammarpalle,0.0,15.3,35.8,23.5,81.3,0.0,2.9
2019-03-01,Nizamabad,Kammarpalle,0.0,17.9,33.2,22.2,69.4,0.0,2.8
2019-03-02,Nizamabad,Kammarpalle,0.0,23.9,34.9,36.6,83.9,0.0,7.7
2019-03-03,Nizamabad,Kammarpalle,0.0,23.8,34.2,41.7,83.1,0.3,15.4
2019-03-04,Nizamabad,Kammarpalle,0.0,20.8,38.0,39.8,87.9,0.0,15.4
2019-03-05,Nizamabad,Kammarpalle,0.0,21.0,37.9,26.7,71.2,0.0,8.7
2019-03-06,Nizamabad,Kammarpalle,0.0,15.9,35.5,28.1,75.2,0.0,8.9
2019-03-07,Nizamabad,Kammarpalle,0.0,14.9,35.6,23.5,80.3,0.0,10.5
2019-03-08,Nizamabad,Kammarpalle,0.0,17.0,35.4,24.2,68.3,0.0,10.4
2019-03-09,Nizamabad,Kammarpalle,0.0,17.4,37.8,17.5,78.3,0.0,12.7
2019-03-10,Nizamabad,Kammarpalle,0.0,19.8,36.8,21.3,85.2,0.0,11.1
2019-03-11,Nizamabad,Kammarpalle,0.0,23.9,38.9,18.8,75.8,0.0,10.5
2019-03-12,Nizamabad,Kammarpalle,0.0,23.4,37.2,31.2,75.8,0.0,12.3
2019-03-13,Nizamabad,Kammarpalle,0.0,23.9,37.6,36.4,64.2,0.0,2.6
2019-03-14,Nizamabad,Kammarpalle,0.0,22.7,37.4,23.3,62.0,0.0,14.5
2019-03-15,Nizamabad,Kammarpalle,0.0,23.4,39.5,17.7,60.1,0.0,12.0
2019-03-16,Nizamabad,Kammarpalle,0.0,22.2,39.5,17.7,54.1,0.0,9.6
2019-03-17,Nizamabad,Kammarpalle,0.0,23.2,37.3,17.3,61.7,0.0,11.3
2019-03-18,Nizamabad,Kammarpalle,0.0,21.2,38.9,25.4,57.8,0.0,1.9
2019-03-19,Nizamabad,Kammarpalle,0.0,21.4,38.0,25.8,75.4,0.0,10.8
2019-03-20,Nizamabad,Kammarpalle,0.0,24.0,39.2,26.1,76.0,0.0,11.8
2019-03-21,Nizamabad,Kammarpalle,0.0,23.9,37.3,34.5,84.3,0.0,10.7
2019-03-22,Nizamabad,Kammarpalle,0.0,22.0,38.1,29.3,71.6,0.0,0.7
2019-03-23,Nizamabad,Kammarpalle,0.0,23.3,36.6,32.8,76.3,0.0,8.0
2019-03-24,Nizamabad,Kammarpalle,0.0,24.4,37.7,21.9,67.0,0.0,9.6
2019-03-25,Nizamabad,Kammarpalle,0.0,24.4,38.4,18.9,67.6,0.0,7.1
2019-03-26,Nizamabad,Kammarpalle,0.0,24.3,38.3,20.4,60.4,0.0,11.4
2019-03-27,Nizamabad,Kammarpalle,0.0,24.1,39.1,21.0,66.8,0.0,5.0
2019-03-28,Nizamabad,Kammarpalle,0.0,24.6,39.2,17.3,60.2,0.0,12.0
2019-03-29,Nizamabad,Kammarpalle,0.0,24.3,40.0,16.2,60.8,0.0,11.1
2019-03-30,Nizamabad,Kammarpalle,0.0,22.6,39.2,11.4,55.5,0.0,8.2
2019-03-31,Nizamabad,Kammarpalle,0.0,25.2,40.1,12.4,56.8,0.0,12.5
2019-04-01,Nizamabad,Kammarpalle,0.0,25.0,41.0,15.0,44.5,0.0,8.4
2019-04-02,Nizamabad,Kammarpalle,0.0,24.2,41.4,10.0,56.1,0.0,7.9
2019-04-03,Nizamabad,Kammarpalle,0.0,25.2,39.6,20.5,55.1,0.0,10.0
2019-04-04,Nizamabad,Kammarpalle,0.0,24.4,38.1,28.5,64.4,0.0,7.4
2019-04-05,Nizamabad,Kammarpalle,0.0,25.4,38.1,28.4,46.6,0.0,19.5
2019-04-06,Nizamabad,Kammarpalle,0.0,24.2,37.9,19.9,49.4,0.0,13.1
2019-04-07,Nizamabad,Kammarpalle,0.0,25.2,41.2,12.4,59.7,0.0,10.3
2019-04-08,Nizamabad,Kammarpalle,0.0,24.5,40.6,12.1,49.9,0.0,9.5
2019-04-09,Nizamabad,Kammarpalle,0.0,25.4,39.9,12.9,68.6,0.0,7.7
2019-04-10,Nizamabad,Kammarpalle,0.0,25.7,41.1,11.7,55.4,0.0,12.7
2019-04-11,Nizamabad,Kammarpalle,0.0,26.9,40.2,10.6,68.5,0.0,10.5
2019-04-12,Nizamabad,Kammarpalle,0.0,28.0,42.5,10.3,57.9,0.0,14.8
2019-04-13,Nizamabad,Kammarpalle,0.0,25.6,41.1,13.9,49.4,0.0,13.7
2019-04-14,Nizamabad,Kammarpalle,0.0,25.8,39.8,13.9,49.7,0.0,7.3
2019-04-15,Nizamabad,Kammarpalle,0.0,27.5,42.1,14.5,44.6,0.0,9.9
2019-04-16,Nizamabad,Kammarpalle,0.0,24.3,40.5,14.8,55.0,0.0,13.6
2019-04-17,Nizamabad,Kammarpalle,0.0,25.0,38.6,16.9,51.5,0.0,10.2
2019-04-18,Nizamabad,Kammarpalle,0.0,25.3,38.8,20.8,56.7,0.0,15.5
2019-04-19,Nizamabad,Kammarpalle,0.0,25.4,39.1,22.3,66.3,0.0,13.1
2019-04-20,Nizamabad,Kammarpalle,0.0,24.1,40.3,21.9,66.8,0.0,10.3
2019-04-21,Nizamabad,Kammarpalle,0.0,26.2,38.7,20.9,61.1,0.0,14.3
2019-04-22,Nizamabad,Kammarpalle,0.0,26.6,39.8,14.4,70.2,0.0,15.3
2019-04-23,Nizamabad,Kammarpalle,2.0,24.5,37.9,21.3,60.2,0.0,15.1
2019-04-24,Nizamabad,Kammarpalle,0.0,26.1,39.2,15.1,54.6,0.0,11.2
2019-04-25,Nizamabad,Kammarpalle,0.0,27.8,41.0,10.2,45.0,0.0,15.3
2019-04-26,Nizamabad,Kammarpalle,0.0,27.6,42.6,10.8,42.9,0.0,9.6
2019-04-27,Nizamabad,Kammarpalle,0.0,30.7,43.0,12.7,36.3,0.0,8.6
2019-04-28,Nizamabad,Kammarpalle,0.0,31.8,43.2,14.0,39.0,0.0,14.1
2019-04-29,Nizamabad,Kammarpalle,0.0,28.9,43.4,14.2,45.0,0.0,16.3
2019-04-30,Nizamabad,Kammarpalle,0.0,30.2,44.2,13.6,39.5,0.0,13.3
2019-05-01,Nizamabad,Kammarpalle,0.0,29.8,42.7,10.3,42.2,0.0,8.6
2019-05-02,Nizamabad,Kammarpalle,0.0,28.1,42.6,10.2,45.0,0.0,12.7
2019-05-03,Nizamabad,Kammarpalle,0.0,25.5,42.8,8.9,28.3,0.0,15.8
2019-05-04,Nizamabad,Kammarpalle,0.0,27.0,42.3,10.1,30.1,0.0,12.9
2019-05-05,Nizamabad,Kammarpalle,0.0,26.9,41.6,11.2,29.7,0.0,9.2
2019-05-06,Nizamabad,Kammarpalle,0.0,26.4,41.6,9.1,27.1,0.0,12.5
2019-05-07,Nizamabad,Kammarpalle,0.0,27.0,42.7,9.1,28.7,0.0,13.3
2019-05-08,Nizamabad,Kammarpalle,0.0,30.1,43.0,8.3,27.3,0.0,9.6
2019-05-09,Nizamabad,Kammarpalle,0.0,28.1,43.2,9.3,31.3,0.0,13.3
2019-05-10,Nizamabad,Kammarpalle,0.0,28.7,42.3,11.2,34.8,0.0,9.3
2019-05-11,Nizamabad,Kammarpalle,0.0,28.1,42.8,11.3,34.2,0.0,16.0
2019-05-12,Nizamabad,Kammarpalle,0.0,28.3,41.3,16.6,47.0,0.0,15.1
2019-05-13,Nizamabad,Kammarpalle,0.0,27.8,42.6,12.4,43.3,0.0,9.6
2019-05-14,Nizamabad,Kammarpalle,0.0,29.2,42.5,12.3,45.9,0.0,15.3
2019-05-15,Nizamabad,Kammarpalle,0.0,28.6,43.1,12.3,42.0,0.0,11.4
2019-05-16,Nizamabad,Kammarpalle,0.0,29.5,43.1,9.3,53.0,0.0,15.7
2019-05-17,Nizamabad,Kammarpalle,0.0,27.2,42.7,11.3,37.0,0.0,10.1
2019-05-18,Nizamabad,Kammarpalle,0.0,28.0,43.0,10.8,48.8,0.0,13.9
2019-05-19,Nizamabad,Kammarpalle,0.0,27.6,42.9,11.5,35.1,0.0,9.7
2019-05-20,Nizamabad,Kammarpalle,0.0,29.0,43.3,10.5,39.7,0.0,12.2
2019-05-21,Nizamabad,Kammarpalle,0.0,29.6,44.1,11.2,39.8,0.0,10.3
2019-05-22,Nizamabad,Kammarpalle,0.0,29.7,42.9,17.4,42.7,0.0,15.6
2019-05-23,Nizamabad,Kammarpalle,0.0,31.9,43.2,14.5,52.7,0.0,11.5
2019-05-24,Nizamabad,Kammarpalle,0.0,23.9,44.4,16.0,92.4,0.0,17.5
2019-05-25,Nizamabad,Kammarpalle,0.0,30.5,42.0,19.2,61.0,0.0,7.2
2019-05-26,Nizamabad,Kammarpalle,0.0,28.8,42.8,14.6,45.4,0.0,2.3
2019-05-27,Nizamabad,Kammarpalle,0.0,29.8,43.9,14.2,46.9,0.0,11.4
2019-05-28,Nizamabad,Kammarpalle,0.0,32.0,44.2,12.3,51.7,0.0,8.5
2019-05-29,Nizamabad,Kammarpalle,0.0,29.1,43.9,11.0,37.5,0.0,15.5
2019-05-30,Nizamabad,Kammarpalle,0.0,29.3,44.8,11.0,58.8,0.0,15.1
2019-05-31,Nizamabad,Kammarpalle,0.0,30.8,41.2,22.4,55.0,0.0,14.6
2019-06-01,Nizamabad,Kammarpalle,24.0,25.0,43.6,18.8,87.3,0.0,19.1
2019-06-02,Nizamabad,Kammarpalle,0.0,26.4,37.3,38.6,83.2,0.0,5.4
2019-06-03,Nizamabad,Kammarpalle,0.0,31.2,42.5,24.3,59.2,0.0,15.2
2019-06-04,Nizamabad,Kammarpalle,0.2,26.5,43.2,23.2,74.9,4.0,16.4
2019-06-05,Nizamabad,Kammarpalle,0.0,29.6,41.5,27.7,58.0,0.0,15.1
2019-06-06,Nizamabad,Kammarpalle,0.0,31.9,43.0,20.1,43.8,0.0,14.1
2019-06-07,Nizamabad,Kammarpalle,0.3,28.6,44.3,17.5,60.3,0.0,17.7
2019-06-08,Nizamabad,Kammarpalle,5.5,26.9,41.9,24.5,75.2,0.0,21.9
2019-06-09,Nizamabad,Kammarpalle,0.0,28.5,38.2,31.9,66.7,0.0,16.5
2019-06-10,Nizamabad,Kammarpalle,0.2,30.2,41.2,25.9,56.7,0.0,18.7
2019-06-11,Nizamabad,Kammarpalle,0.0,29.7,42.2,24.2,54.0,0.0,13.3
2019-06-12,Nizamabad,Kammarpalle,0.0,30.4,41.3,25.4,52.1,4.0,16.2
2019-06-13,Nizamabad,Kammarpalle,0.0,28.2,40.2,28.1,58.3,4.4,23.9
2019-06-14,Nizamabad,Kammarpalle,0.0,28.4,39.1,30.4,61.1,5.7,20.6
2019-06-15,Nizamabad,Kammarpalle,0.0,29.6,39.3,30.5,57.3,0.0,16.7
2019-06-16,Nizamabad,Kammarpalle,0.0,30.7,40.3,24.8,51.8,0.0,15.5
2019-06-17,Nizamabad,Kammarpalle,0.0,30.9,39.8,27.1,50.5,0.0,12.9
2019-06-18,Nizamabad,Kammarpalle,0.0,29.9,38.7,28.0,50.3,0.0,13.9
2019-06-19,Nizamabad,Kammarpalle,0.0,30.2,38.4,27.1,50.9,0.0,13.6
2019-06-20,Nizamabad,Kammarpalle,10.4,25.6,39.6,28.1,82.0,0.0,15.5
2019-06-21,Nizamabad,Kammarpalle,0.8,24.7,38.0,37.7,94.0,0.0,14.5
2019-06-22,Nizamabad,Kammarpalle,3.9,24.7,36.4,45.7,91.8,0.0,8.9
2019-06-23,Nizamabad,Kammarpalle,0.0,26.5,33.3,54.8,88.3,0.0,12.6
2019-06-24,Nizamabad,Kammarpalle,0.0,24.8,34.6,50.8,91.3,0.0,9.7
2019-06-25,Nizamabad,Kammarpalle,1.1,26.5,33.2,62.4,89.6,0.0,10.4
2019-06-26,Nizamabad,Kammarpalle,0.0,27.2,37.1,46.7,84.4,0.0,12.5
2019-06-27,Nizamabad,Kammarpalle,0.0,26.9,38.1,41.7,76.1,0.0,11.1
2019-06-28,Nizamabad,Kammarpalle,1.3,27.0,37.7,41.5,85.3,0.0,10.9
2019-06-29,Nizamabad,Kammarpalle,63.8,24.3,36.5,54.0,97.6,2.6,12.2
2019-06-30,Nizamabad,Kammarpalle,20.3,23.9,31.0,76.1,97.1,0.9,9.6
2019-07-01,Nizamabad,Kammarpalle,2.6,23.9,29.5,77.3,94.5,0.1,8.7
2019-07-02,Nizamabad,Kammarpalle,0.0,25.5,31.1,73.2,90.8,0.3,7.5
2019-07-03,Nizamabad,Kammarpalle,7.4,23.4,31.8,70.6,96.4,0.4,7.8
2019-07-04,Nizamabad,Kammarpalle,1.0,25.7,31.0,71.3,89.3,0.2,10.5
2019-07-05,Nizamabad,Kammarpalle,0.0,26.3,33.9,57.6,81.6,0.1,8.9
2019-07-06,Nizamabad,Kammarpalle,17.4,25.8,34.2,52.8,94.3,0.3,11.3
2019-07-07,Nizamabad,Kammarpalle,0.3,26.0,32.3,58.2,80.6,1.2,14.7
2019-07-08,Nizamabad,Kammarpalle,25.4,23.6,32.8,63.0,97.0,0.0,9.1
2019-07-09,Nizamabad,Kammarpalle,0.3,25.5,33.7,60.9,88.1,0.3,9.8
2019-07-10,Nizamabad,Kammarpalle,7.0,25.2,34.7,59.3,94.7,0.2,8.4
2019-07-11,Nizamabad,Kammarpalle,2.7,25.1,35.3,49.1,89.7,0.1,8.1
2019-07-12,Nizamabad,Kammarpalle,39.8,22.8,32.2,64.7,98.3,0.0,10.8
2019-07-13,Nizamabad,Kammarpalle,0.0,25.8,32.7,69.5,89.7,0.0,9.9
2019-07-14,Nizamabad,Kammarpalle,0.1,25.5,34.5,56.9,90.4,0.1,7.7
2019-07-15,Nizamabad,Kammarpalle,0.0,25.7,35.0,50.8,81.9,0.0,5.9
2019-07-16,Nizamabad,Kammarpalle,0.0,25.8,35.9,41.7,77.1,0.0,14.2
2019-07-17,Nizamabad,Kammarpalle,0.0,26.5,36.8,40.6,80.1,0.0,11.0
2019-07-18,Nizamabad,Kammarpalle,0.0,26.4,37.8,42.7,77.2,0.0,5.3
2019-07-19,Nizamabad,Kammarpalle,12.8,24.5,38.0,38.5,84.6,0.0,14.6
2019-07-20,Nizamabad,Kammarpalle,81.9,23.6,35.6,51.6,99.2,0.0,5.2
2019-07-21,Nizamabad,Kammarpalle,5.7,23.5,32.3,73.0,99.4,0.0,4.1
2019-07-22,Nizamabad,Kammarpalle,0.0,26.4,33.8,62.4,90.7,0.0,1.7
2019-07-23,Nizamabad,Kammarpalle,0.2,25.8,35.0,58.9,88.6,0.0,4.0
2019-07-24,Nizamabad,Kammarpalle,0.0,25.9,33.5,61.8,86.3,0.0,2.0
2019-07-25,Nizamabad,Kammarpalle,0.0,26.2,33.1,65.4,84.2,0.2,4.7
2019-07-26,Nizamabad,Kammarpalle,5.6,23.9,33.0,63.6,98.0,0.3,5.4
2019-07-27,Nizamabad,Kammarpalle,33.8,22.8,26.8,88.4,98.4,0.0,8.8
2019-07-28,Nizamabad,Kammarpalle,15.9,23.4,29.0,81.0,98.0,0.4,5.2
2019-07-29,Nizamabad,Kammarpalle,27.8,23.3,27.4,86.7,99.3,0.1,6.1
2019-07-30,Nizamabad,Kammarpalle,48.4,22.6,24.8,94.4,98.6,0.3,6.8
2019-07-31,Nizamabad,Kammarpalle,1.8,23.8,25.6,87.8,94.7,0.6,7.2
2019-08-01,Nizamabad,Kammarpalle,2.7,24.6,29.9,77.3,92.0,0.2,10.2
2019-08-02,Nizamabad,Kammarpalle,53.2,23.3,28.2,84.4,98.9,0.4,6.5
2019-08-03,Nizamabad,Kammarpalle,32.1,23.2,25.2,93.0,98.7,0.4,9.5
2019-08-04,Nizamabad,Kammarpalle,19.8,23.5,27.2,88.2,97.7,2.6,9.3
2019-08-05,Nizamabad,Kammarpalle,1.5,23.1,30.7,76.2,93.4,0.4,9.1
2019-08-06,Nizamabad,Kammarpalle,10.4,24.0,30.6,79.6,97.3,0.0,7.1
2019-08-07,Nizamabad,Kammarpalle,82.0,23.4,27.3,89.6,99.6,0.3,5.9
2019-08-08,Nizamabad,Kammarpalle,23.2,23.6,26.6,92.9,99.4,0.3,4.9
2019-08-09,Nizamabad,Kammarpalle,4.9,25.1,26.4,88.6,97.3,0.5,3.1
2019-08-10,Nizamabad,Kammarpalle,0.3,24.2,31.5,76.2,92.5,0.6,7.1
2019-08-11,Nizamabad,Kammarpalle,2.8,24.3,32.7,70.4,96.2,0.0,3.2
2019-08-12,Nizamabad,Kammarpalle,39.4,23.7,33.1,66.0,99.1,0.0,2.5
2019-08-13,Nizamabad,Kammarpalle,1.2,25.5,31.7,74.9,95.1,0.0,4.0
2019-08-14,Nizamabad,Kammarpalle,6.9,23.3,28.4,84.3,99.3,0.0,2.0
2019-08-15,Nizamabad,Kammarpalle,34.8,23.2,30.5,74.9,99.1,0.0,8.7
2019-08-16,Nizamabad,Kammarpalle,0.0,24.6,32.5,67.1,94.1,0.0,10.2
2019-08-17,Nizamabad,Kammarpalle,0.0,24.4,32.8,64.7,95.0,0.0,4.3
2019-08-18,Nizamabad,Kammarpalle,0.0,25.4,31.9,64.4,98.1,0.0,3.4
2019-08-19,Nizamabad,Kammarpalle,0.0,24.5,30.2,74.0,98.3,0.0,3.6
2019-08-20,Nizamabad,Kammarpalle,0.4,24.3,32.6,66.9,96.6,0.0,5.2
2019-08-21,Nizamabad,Kammarpalle,0.0,24.7,31.9,69.3,95.6,0.0,7.2
2019-08-22,Nizamabad,Kammarpalle,30.2,23.2,29.1,81.3,99.0,0.0,6.5
2019-08-23,Nizamabad,Kammarpalle,51.5,22.7,30.3,79.0,100.0,0.0,14.3
2019-08-24,Nizamabad,Kammarpalle,0.0,24.1,28.2,84.5,97.2,0.0,6.3
2019-08-25,Nizamabad,Kammarpalle,0.0,24.5,31.6,60.9,95.7,0.0,8.4
2019-08-26,Nizamabad,Kammarpalle,0.0,23.2,31.0,70.3,95.3,0.0,13.1
2019-08-27,Nizamabad,Kammarpalle,9.7,22.9,30.7,69.7,99.1,0.0,10.7
2019-08-28,Nizamabad,Kammarpalle,0.0,24.0,32.0,62.0,98.7,0.0,11.7
2019-08-29,Nizamabad,Kammarpalle,0.0,24.2,32.6,59.4,94.6,0.0,8.6
2019-08-30,Nizamabad,Kammarpalle,0.2,25.3,34.2,59.3,96.1,0.0,12.5
2019-08-31,Nizamabad,Kammarpalle,12.3,22.9,33.1,67.3,99.2,0.0,9.6
2019-09-01,Nizamabad,Kammarpalle,0.0,23.7,31.1,75.4,96.2,0.0,9.6
2019-09-02,Nizamabad,Kammarpalle,1.8,22.7,29.1,78.7,95.7,0.0,15.1
2019-09-03,Nizamabad,Kammarpalle,44.6,23.0,25.8,86.1,99.8,0.0,8.3
2019-09-04,Nizamabad,Kammarpalle,4.5,23.5,27.8,85.4,96.7,0.0,6.4
2019-09-05,Nizamabad,Kammarpalle,0.0,24.1,29.4,79.7,97.9,0.0,7.7
2019-09-06,Nizamabad,Kammarpalle,15.2,23.7,31.2,70.7,97.5,0.0,7.7
2019-09-07,Nizamabad,Kammarpalle,1.9,23.8,28.3,82.1,95.1,0.0,9.3
2019-09-08,Nizamabad,Kammarpalle,0.0,24.0,28.3,82.7,96.5,0.0,12.6
2019-09-09,Nizamabad,Kammarpalle,15.2,24.2,29.7,77.1,97.8,0.0,13.3
2019-09-11,Nizamabad,Kammarpalle,3.3,23.6,30.7,71.6,95.75,0.0,10.8
2019-09-12,Nizamabad,Kammarpalle,33.6,23.1,29.65,74.85,99.7,0.0,7.1
2019-09-13,Nizamabad,Kammarpalle,44.6,22.7,25.65,89.55,99.5,0.0,7.6
2019-09-14,Nizamabad,Kammarpalle,10.6,22.75,30.25,74.85,98.45,0.0,5.1
2019-09-15,Nizamabad,Kammarpalle,1.1,23.55,31.9,68.45,97.5,0.0,7.4
2019-09-16,Nizamabad,Kammarpalle,3.8,24.65,31.6,71.8,98.15,0.0,3.8
2019-09-17,Nizamabad,Kammarpalle,1.9,24.3,30.45,74.7,98.9,0.0,1.0
2019-09-18 00:00:00,Nizamabad,Kammarpalle,99.7,22.0,31.5,73.4,100.0,0.0,6.4
2019-09-19 00:00:00,Nizamabad,Kammarpalle,0.2,23.4,30.8,73.1,98.4,0.0,0.3
2019-09-20 00:00:00,Nizamabad,Kammarpalle,43.3,22.5,30.0,80.2,99.7,0.0,4.6
2019-09-21 00:00:00,Nizamabad,Kammarpalle,31.3,22.9,31.5,67.6,99.9,0.0,6.8
2019-09-22 00:00:00,Nizamabad,Kammarpalle,28.6,23.3,31.5,71.4,99.5,0.0,6.2
2019-09-23 00:00:00,Nizamabad,Kammarpalle,5.6,23.7,33.8,63.8,99.8,0.0,2.8
2019-09-24 00:00:00,Nizamabad,Kammarpalle,2.6,23.5,32.6,65.7,98.3,0.0,3.4
2019-09-25 00:00:00,Nizamabad,Kammarpalle,15.8,23.25,32.75,67.25,99.65,0.0,7.0
2019-09-26 00:00:00,Nizamabad,Kammarpalle,31.9,24.1,30.2,79.0,99.25,0.0,0.6
2019-09-27 00:00:00,Nizamabad,Kammarpalle,25.4,22.4,29.9,78.35,99.3,0.0,10.8
2019-09-28 00:00:00,Nizamabad,Kammarpalle,1.3,23.15,30.35,72.25,98.95,0.0,3.0
2019-09-29 00:00:00,Nizamabad,Kammarpalle,0.0,23.05,30.65,72.3,99.15,0.0,0.3
2019-09-30 00:00:00,Nizamabad,Kammarpalle,28.0,21.25,32.8,63.1,99.35,0.0,6.6
2019-10-01,Nizamabad,Kammarpalle,14.8,22.5,30.0,71.0,97.65,0.0,4.1
2019-10-02,Nizamabad,Kammarpalle,0.0,23.0,32.6,66.8,97.9,0.0,1.5
2019-10-03,Nizamabad,Kammarpalle,0.0,23.2,32.5,62.4,99.2,0.0,0.9
2019-10-04,Nizamabad,Kammarpalle,0.0,23.1,31.6,56.9,98.7,0.0,1.8
2019-10-05,Nizamabad,Kammarpalle,0.0,22.4,31.7,63.2,97.9,0.0,8.2
2019-10-06,Nizamabad,Kammarpalle,0.0,22.9,33.0,61.1,98.9,0.0,5.6
2019-10-07,Nizamabad,Kammarpalle,33.6,21.7,32.3,61.7,99.8,0.0,1.9
2019-10-08,Nizamabad,Kammarpalle,0.0,23.1,32.4,63.0,99.5,0.0,3.6
2019-10-09,Nizamabad,Kammarpalle,0.0,22.4,31.4,63.7,99.3,0.0,5.3
2019-10-10,Nizamabad,Kammarpalle,0.0,22.2,31.9,65.3,98.1,0.0,5.7
2019-10-11,Nizamabad,Kammarpalle,5.2,22.4,31.4,67.1,98.2,0.0,5.5
2019-10-12,Nizamabad,Kammarpalle,3.5,23.1,30.4,72.1,99.9,0.0,2.7
2019-10-13,Nizamabad,Kammarpalle,0.8,22.3,32.3,64.8,99.8,0.0,6.4
2019-10-14,Nizamabad,Kammarpalle,0.0,22.6,32.1,60.0,99.9,0.0,6.2
2019-10-15,Nizamabad,Kammarpalle,0.0,21.8,32.1,59.2,99.0,0.0,6.1
2019-10-16,Nizamabad,Kammarpalle,0.0,20.9,31.5,59.6,99.4,0.0,6.5
2019-10-17,Nizamabad,Kammarpalle,0.0,22.0,31.1,62.9,99.6,0.1,8.6
2019-10-18,Nizamabad,Kammarpalle,7.7,22.5,31.5,59.7,99.0,0.1,8.6
2019-10-19,Nizamabad,Kammarpalle,18.4,21.1,30.1,77.1,99.2,0.1,8.6
2019-10-20,Nizamabad,Kammarpalle,0.0,22.2,28.4,79.3,99.5,0.1,8.6
2019-10-21,Nizamabad,Kammarpalle,16.0,21.7,29.3,72.0,99.3,0.1,8.6
2019-10-22,Nizamabad,Kammarpalle,2.0,22.1,27.7,85.1,99.9,0.0,1.3
2019-10-23,Nizamabad,Kammarpalle,0.0,22.2,30.7,66.5,99.9,0.0,1.7
2019-10-24,Nizamabad,Kammarpalle,7.0,22.4,30.2,70.3,99.5,0.0,2.8
2019-10-25,Nizamabad,Kammarpalle,51.4,22.0,30.6,68.1,100.0,0.0,4.9
2019-10-26,Nizamabad,Kammarpalle,0.9,23.4,29.6,69.5,98.7,0.0,3.2
2019-10-27,Nizamabad,Kammarpalle,0.0,23.1,31.8,61.1,98.9,0.0,4.0
2019-10-28,Nizamabad,Kammarpalle,0.0,22.2,30.6,68.9,98.4,0.0,2.7
2019-10-29,Nizamabad,Kammarpalle,0.0,23.4,31.3,69.0,98.7,0.0,2.8
2019-10-30,Nizamabad,Kammarpalle,2.0,22.8,31.2,67.0,98.6,0.0,2.9
2019-10-31,Nizamabad,Kammarpalle,1.4,21.8,28.7,79.1,98.2,0.0,4.1
2019-11-01,Nizamabad,Kammarpalle,1.1,23.3,28.8,80.3,97.7,0.0,3.5
2019-11-02,Nizamabad,Kammarpalle,0.0,23.6,31.0,65.3,98.3,0.0,3.6
2019-11-03,Nizamabad,Kammarpalle,0.0,21.8,32.2,60.7,99.0,0.0,3.7
2019-11-04,Nizamabad,Kammarpalle,0.0,21.4,31.8,60.4,99.3,0.0,2.1
2019-11-05,Nizamabad,Kammarpalle,0.0,20.5,32.1,46.8,96.1,0.0,2.8
2019-11-06,Nizamabad,Kammarpalle,0.0,21.5,32.3,54.9,98.9,0.0,3.7
2019-11-07,Nizamabad,Kammarpalle,0.0,21.0,31.1,56.7,98.7,0.0,2.7
2019-11-08,Nizamabad,Kammarpalle,0.0,21.6,31.5,54.1,97.1,0.0,1.9
2019-11-09,Nizamabad,Kammarpalle,0.0,20.9,31.2,54.6,98.5,0.0,4.7
2019-11-10,Nizamabad,Kammarpalle,0.0,18.7,30.5,56.1,98.6,0.0,3.2
2019-11-11,Nizamabad,Kammarpalle,0.0,19.2,31.0,48.2,98.5,0.0,3.0
2019-11-12,Nizamabad,Kammarpalle,0.0,19.3,30.3,54.6,98.0,0.0,5.8
2019-11-13,Nizamabad,Kammarpalle,0.0,17.7,30.5,44.3,97.6,0.0,4.8
2019-11-14,Nizamabad,Kammarpalle,0.0,17.5,28.8,44.6,97.4,0.0,5.3
2019-11-15,Nizamabad,Kammarpalle,0.0,19.4,29.3,52.3,96.2,0.0,4.2
2019-11-16,Nizamabad,Kammarpalle,0.0,18.7,30.1,45.5,97.2,0.0,3.0
2019-11-17,Nizamabad,Kammarpalle,0.0,19.3,30.9,46.9,97.8,0.0,2.8
2019-11-18,Nizamabad,Kammarpalle,0.0,16.9,30.6,43.1,98.1,0.0,8.6
2019-11-19,Nizamabad,Kammarpalle,0.0,18.1,30.2,43.5,94.1,0.0,6.5
2019-11-20,Nizamabad,Kammarpalle,0.0,17.8,30.5,44.4,96.2,0.0,1.7
2019-11-21,Nizamabad,Kammarpalle,0.0,18.3,30.3,44.7,96.3,0.0,3.0
2019-11-22,Nizamabad,Kammarpalle,0.0,18.1,29.4,54.7,98.3,0.0,3.0
2019-11-23,Nizamabad,Kammarpalle,0.0,16.6,30.5,45.3,98.4,0.0,1.4
2019-11-24,Nizamabad,Kammarpalle,0.0,16.6,29.2,44.7,98.4,0.0,2.6
2019-11-25,Nizamabad,Kammarpalle,0.0,17.1,29.7,45.7,98.4,0.0,2.8
2019-11-26,Nizamabad,Kammarpalle,0.0,17.6,29.3,49.4,98.1,0.0,1.9
2019-11-27,Nizamabad,Kammarpalle,0.0,17.6,29.2,55.0,98.9,0.0,2.6
2019-11-28,Nizamabad,Kammarpalle,0.0,17.6,29.5,50.4,97.7,0.0,1.3
2019-11-29,Nizamabad,Kammarpalle,0.0,19.0,31.0,50.1,97.4,0.0,1.0
2019-11-30,Nizamabad,Kammarpalle,0.0,19.4,30.4,55.1,98.0,0.0,1.9
2019-12-01,Nizamabad,Kammarpalle,0.0,19.2,29.9,54.9,96.9,0.0,1.7
2019-12-02,Nizamabad,Kammarpalle,0.0,22.2,30.7,52.6,93.8,0.0,1.1
2019-12-03,Nizamabad,Kammarpalle,0.0,20.8,29.0,71.3,98.1,0.0,1.6
2019-12-04,Nizamabad,Kammarpalle,0.0,19.3,29.65,56.15,94.65,0.0,1.6
2019-12-05,Nizamabad,Kammarpalle,0.0,17.6,28.9,47.35,93.45,0.0,1.9
2019-12-06,Nizamabad,Kammarpalle,0.0,15.75,28.1,44.95,95.25,0.0,2.6
2019-12-07,Nizamabad,Kammarpalle,0.0,16.2,27.75,39.55,96.55,0.0,0.6
2019-12-08,Nizamabad,Kammarpalle,0.0,16.55,27.3,50.3,95.65,0.0,1.8
2019-12-09,Nizamabad,Kammarpalle,0.0,17.8,28.45,55.25,97.1,0.0,2.4
2019-12-10,Nizamabad,Kammarpalle,0.0,17.4,28.65,54.75,98.3,0.0,1.9
2019-12-11,Nizamabad,Kammarpalle,0.0,16.95,28.8,55.15,97.45,0.0,0.2
2019-12-12,Nizamabad,Kammarpalle,0.0,17.7,28.95,47.05,93.55,0.0,1.7
2019-12-13,Nizamabad,Kammarpalle,0.0,19.05,28.6,48.15,90.9,0.0,2.5
2019-12-14,Nizamabad,Kammarpalle,0.0,19.35,29.8,48.05,94.95,0.0,5.1
2019-12-15,Nizamabad,Kammarpalle,0.0,19.4,29.85,50.95,97.1,0.0,3.3
2019-12-16,Nizamabad,Kammarpalle,0.0,17.95,29.85,44.5,96.95,0.0,2.5
2019-12-17,Nizamabad,Kammarpalle,0.0,18.05,28.8,49.1,97.9,0.0,2.1
2019-12-18,Nizamabad,Kammarpalle,0.0,17.55,28.35,56.7,97.95,0.0,1.6
2019-12-19,Nizamabad,Kammarpalle,0.0,16.95,28.4,47.2,97.1,0.0,1.0
2019-12-20,Nizamabad,Kammarpalle,0.0,16.55,28.5,47.4,88.05,0.0,0.2
2019-12-21,Nizamabad,Kammarpalle,0.0,17.55,29.6,44.15,87.85,0.0,0.4
2019-12-22,Nizamabad,Kammarpalle,0.0,17.5,29.05,43.9,86.5,0.0,1.5
2019-12-23,Nizamabad,Kammarpalle,0.0,17.15,28.85,48.0,88.75,0.0,2.8
2019-12-24,Nizamabad,Kammarpalle,0.0,17.45,28.75,48.1,87.85,0.0,3.4
2019-12-25,Nizamabad,Kammarpalle,0.0,19.25,28.9,47.25,84.75,0.0,8.1
2019-12-26,Nizamabad,Kammarpalle,0.0,20.55,30.35,44.35,86.5,0.0,3.0
2019-12-27,Nizamabad,Kammarpalle,0.8,20.4,25.65,72.6,88.7,0.0,2.9
2019-12-28,Nizamabad,Kammarpalle,0.0,14.9,24.95,49.4,84.6,0.0,2.1
2019-12-29,Nizamabad,Kammarpalle,0.0,12.7,25.7,40.3,74.65,0.0,1.5
2019-12-30,Nizamabad,Kammarpalle,0.0,14.85,26.75,38.35,75.45,0.0,1.4
2019-12-31,Nizamabad,Kammarpalle,0.0,18.8,27.3,49.1,84.75,0.0,2.2
