Date,District,Mandal,Rainfall (mm),temp_min (⁰C),temp_max (⁰C),humidity_min (%),Humidity_max (%),wind_speed_min (Kmph),wind_speed_max (Kmph)
2019-01-01,Nizamabad,Kammarpalle ,0.0,11.1,24.4,25.2,82.3,0.0,65.1
2019-01-02,Nizamabad,Kammarpalle ,0.0,11.8,26.5,21.8,72.4,0.0,65.1
2019-01-03,Nizamabad,Kammarpalle ,0.0,13.7,28.6,22.0,78.1,0.0,65.1
2019-01-04,Nizamabad,Kammarpalle ,0.0,14.3,28.6,27.6,84.0,0.0,3.8
2019-01-05,Nizamabad,Kammarpalle ,0.0,13.7,28.3,30.2,87.2,0.0,1.0
2019-01-06,Nizamabad,Kammarpalle ,0.0,15.0,28.1,42.2,91.5,0.0,65.1
2019-01-07,Nizamabad,Kammarpalle ,0.0,15.0,27.7,40.4,94.4,0.0,4.2
2019-01-08,Nizamabad,Kammarpalle ,0.0,14.6,26.9,44.7,88.9,0.0,65.1
2019-01-09,Nizamabad,Kammarpalle ,0.0,11.7,25.5,28.6,82.2,0.0,65.1
2019-01-10,Nizamabad,Kammarpalle ,0.0,13.1,26.9,24.2,77.8,0.0,1.5
2019-01-11,Nizamabad,Kammarpalle ,0.0,13.7,30.4,25.8,82.7,0.0,0.1
2019-01-12,Nizamabad,Kammarpalle ,0.0,15.6,27.9,37.1,95.2,0.0,6.1
2019-01-13,Nizamabad,Kammarpalle ,0.0,17.0,28.8,42.4,89.9,0.0,6.3
2019-01-14,Nizamabad,Kammarpalle ,0.0,16.1,28.2,50.5,97.1,0.0,65.1
2019-01-15,Nizamabad,Kammarpalle ,0.0,16.9,27.5,42.2,88.1,0.0,7.6
2019-01-16,Nizamabad,Kammarpalle ,0.0,15.6,27.3,43.0,88.5,0.0,4.2
2019-01-17,Nizamabad,Kammarpalle ,0.0,14.5,27.8,32.6,80.3,0.0,65.1
2019-01-18,Nizamabad,Kammarpalle ,0.0,14.5,29.1,28.0,90.8,0.0,25.0
2019-01-19,Nizamabad,Kammarpalle ,0.0,15.1,28.8,36.1,88.6,0.0,65.1
2019-01-20,Nizamabad,Kammarpalle ,0.0,15.5,29.1,26.2,84.4,0.0,25.2
2019-01-21,Nizamabad,Kammarpalle ,0.0,13.8,29.7,20.6,80.9,0.0,5.9
2019-01-22,Nizamabad,Kammarpalle ,0.0,19.5,30.8,20.6,76.2,0.0,0.4
2019-01-23,Nizamabad,Kammarpalle ,0.0,16.7,29.3,34.3,93.0,0.0,4.4
2019-01-24,Nizamabad,Kammarpalle ,0.0,17.7,29.7,39.1,90.4,0.0,0.9
2019-01-25,Nizamabad,Kammarpalle ,0.0,19.6,29.1,49.9,89.7,0.0,4.2
2019-01-26,Nizamabad,Kammarpalle ,11.0,19.6,28.1,50.4,98.3,0.0,8.0
2019-01-27,Nizamabad,Kammarpalle ,0.0,18.1,21.3,83.8,96.3,0.0,7.7
2019-01-28,Nizamabad,Kammarpalle ,0.0,15.2,22.7,71.5,95.0,0.0,6.0
2019-01-29,Nizamabad,Kammarpalle ,0.0,13.5,25.2,43.9,86.5,0.0,7.0
2019-01-30,Nizamabad,Kammarpalle ,0.0,9.7,25.0,24.5,79.6,0.0,65.1
2019-01-31,Nizamabad,Kammarpalle ,0.0,11.4,25.2,22.9,63.1,0.0,5.0
2019-02-01,Nizamabad,Kammarpalle ,0.0,15.5,27.7,34.2,92.5,0.0,2.9
2019-02-02,Nizamabad,Kammarpalle ,0.0,16.3,27.8,43.3,88.1,0.0,5.8
2019-02-03,Nizamabad,Kammarpalle ,0.0,17.5,32.5,42.5,88.9,0.0,0.2
2019-02-04,Nizamabad,Kammarpalle ,0.0,17.6,28.4,40.2,94.7,0.0,6.8
2019-02-05,Nizamabad,Kammarpalle ,0.0,18.0,29.7,34.8,76.7,0.0,7.1
2019-02-06,Nizamabad,Kammarpalle ,0.0,16.8,29.9,36.2,86.9,0.0,6.5
2019-02-07,Nizamabad,Kammarpalle ,0.0,20.7,32.3,29.6,79.5,0.0,4.3
2019-02-08,Nizamabad,Kammarpalle ,0.0,18.7,32.6,36.2,80.6,0.0,1.0
2019-02-09,Nizamabad,Kammarpalle ,0.0,14.3,28.5,33.4,71.9,0.0,2.1
2019-02-10,Nizamabad,Kammarpalle ,0.0,13.0,27.4,21.4,71.5,0.0,6.2
2019-02-11,Nizamabad,Kammarpalle ,0.0,17.7,28.5,23.0,66.6,0.0,5.2
2019-02-12,Nizamabad,Kammarpalle ,0.0,19.9,29.4,40.2,90.4,0.0,6.4
2019-02-13,Nizamabad,Kammarpalle ,0.0,18.8,30.2,46.5,88.2,0.0,5.3
2019-02-14,Nizamabad,Kammarpalle ,0.0,17.1,31.6,21.9,85.9,0.0,1.6
2019-02-15,Nizamabad,Kammarpalle ,0.0,20.8,32.9,25.2,78.1,0.0,7.3
2019-02-16,Nizamabad,Kammarpalle ,0.0,19.0,33.8,29.1,96.6,0.0,2.4
2019-02-17,Nizamabad,Kammarpalle ,0.0,19.5,31.9,30.5,82.1,0.0,4.1
2019-02-18,Nizamabad,Kammarpalle ,0.0,18.4,30.9,35.4,84.8,0.0,6.3
2019-02-19,Nizamabad,Kammarpalle ,0.0,19.5,32.9,20.9,79.7,0.0,0.2
2019-02-20,Nizamabad,Kammarpalle ,0.0,23.2,34.6,38.7,74.9,0.0,5.1
2019-02-21,Nizamabad,Kammarpalle ,0.0,21.5,33.2,38.7,83.9,0.0,65.1
2019-02-22,Nizamabad,Kammarpalle ,0.0,21.9,34.1,35.0,79.9,0.0,1.2
2019-02-23,Nizamabad,Kammarpalle ,0.0,21.7,35.4,28.8,75.6,0.0,2.8
2019-02-24,Nizamabad,Kammarpalle ,0.0,22.9,36.2,27.7,70.8,0.0,4.6
2019-02-25,Nizamabad,Kammarpalle ,0.0,20.2,37.5,22.2,63.7,0.0,5.4
2019-02-26,Nizamabad,Kammarpalle ,0.0,19.9,34.7,17.7,55.6,0.0,6.4
2019-02-27,Nizamabad,Kammarpalle ,0.0,21.7,34.6,17.9,45.7,0.0,4.0
2019-02-28,Nizamabad,Kammarpalle ,0.0,18.9,33.1,19.6,61.9,0.0,65.1
2019-03-01,Nizamabad,Kammarpalle ,0.0,19.7,32.4,24.9,57.5,0.0,6.4
2019-03-02,Nizamabad,Kammarpalle ,0.0,22.0,32.9,28.5,79.4,0.0,1.4
2019-03-03,Nizamabad,Kammarpalle ,0.0,23.8,32.5,44.2,77.3,0.0,6.3
2019-03-04,Nizamabad,Kammarpalle ,0.0,22.5,35.5,33.8,82.5,0.0,4.3
2019-03-05,Nizamabad,Kammarpalle ,0.0,21.2,35.3,25.0,66.4,0.0,4.1
2019-03-06,Nizamabad,Kammarpalle ,0.0,19.0,33.1,27.7,57.0,0.0,4.2
2019-03-07,Nizamabad,Kammarpalle ,0.0,19.4,33.0,21.4,56.9,0.0,3.8
2019-03-08,Nizamabad,Kammarpalle ,0.0,19.4,34.1,18.5,59.3,0.0,6.4
2019-03-09,Nizamabad,Kammarpalle ,0.0,20.6,36.7,16.8,61.3,0.0,8.1
2019-03-10,Nizamabad,Kammarpalle ,0.0,22.2,36.9,19.7,80.7,0.0,5.4
2019-03-11,Nizamabad,Kammarpalle ,0.0,22.4,37.3,23.6,80.3,0.0,4.0
2019-03-12,Nizamabad,Kammarpalle ,0.0,23.9,37.6,29.4,73.0,0.0,3.4
2019-03-13,Nizamabad,Kammarpalle ,0.0,24.8,36.4,37.4,61.3,0.0,4.6
2019-03-14,Nizamabad,Kammarpalle ,0.0,26.5,38.1,26.5,51.9,0.0,6.1
2019-03-15,Nizamabad,Kammarpalle ,0.0,25.1,37.8,18.5,57.4,0.0,4.3
2019-03-16,Nizamabad,Kammarpalle ,0.0,24.1,37.7,22.4,52.0,0.0,3.6
2019-03-17,Nizamabad,Kammarpalle ,0.0,25.3,37.7,15.8,71.1,0.0,5.2
2019-03-18,Nizamabad,Kammarpalle ,0.0,24.6,37.5,23.0,55.2,0.0,5.2
2019-03-19,Nizamabad,Kammarpalle ,0.0,22.4,35.4,27.0,73.9,0.0,2.8
2019-03-20,Nizamabad,Kammarpalle ,0.0,25.2,37.9,21.4,73.7,0.0,4.0
2019-03-21,Nizamabad,Kammarpalle ,0.0,24.1,35.2,42.2,83.6,0.0,8.9
2019-03-22,Nizamabad,Kammarpalle ,0.0,23.5,36.2,37.1,74.3,0.0,8.2
2019-03-23,Nizamabad,Kammarpalle ,0.0,24.9,37.1,33.0,81.5,0.0,7.2
2019-03-24,Nizamabad,Kammarpalle ,0.0,25.2,37.7,21.2,70.1,0.0,7.4
2019-03-25,Nizamabad,Kammarpalle ,0.0,25.2,37.8,25.8,68.0,0.0,6.8
2019-03-26,Nizamabad,Kammarpalle ,0.0,23.9,37.8,22.4,62.9,0.0,6.4
2019-03-27,Nizamabad,Kammarpalle ,0.0,25.7,38.9,24.1,70.0,0.0,5.0
2019-03-28,Nizamabad,Kammarpalle ,0.0,25.0,38.9,19.6,67.2,0.0,5.7
2019-03-29,Nizamabad,Kammarpalle ,0.0,25.4,39.5,17.8,66.7,0.0,6.4
2019-03-30,Nizamabad,Kammarpalle ,0.0,24.9,39.5,16.5,55.3,0.0,5.4
2019-03-31,Nizamabad,Kammarpalle ,0.0,26.1,40.5,13.4,60.3,0.0,12.5
2019-04-01,Nizamabad,Kammarpalle ,0.0,26.8,40.3,18.3,45.4,0.0,5.4
2019-04-02,Nizamabad,Kammarpalle ,0.0,26.6,40.9,13.3,52.2,0.0,4.4
2019-04-03,Nizamabad,Kammarpalle ,0.0,25.1,38.5,23.1,61.7,0.0,5.6
2019-04-04,Nizamabad,Kammarpalle ,0.0,24.7,37.8,41.8,69.1,0.0,4.1
2019-04-05,Nizamabad,Kammarpalle ,0.0,25.9,37.9,37.1,56.6,0.0,15.5
2019-04-06,Nizamabad,Kammarpalle ,0.0,24.5,37.6,24.2,57.6,0.0,5.3
2019-04-07,Nizamabad,Kammarpalle ,0.0,26.0,40.2,16.8,65.3,0.0,5.0
2019-04-08,Nizamabad,Kammarpalle ,0.0,24.9,39.8,13.6,58.8,0.0,5.3
2019-04-09,Nizamabad,Kammarpalle ,0.0,26.1,40.0,16.4,69.0,0.0,5.5
2019-04-10,Nizamabad,Kammarpalle ,0.0,26.6,41.3,16.1,56.7,0.0,5.5
2019-04-11,Nizamabad,Kammarpalle ,0.0,27.2,40.7,19.5,73.9,0.0,5.7
2019-04-12,Nizamabad,Kammarpalle ,0.0,28.8,42.5,11.5,58.6,0.0,8.4
2019-04-13,Nizamabad,Kammarpalle ,0.0,26.5,41.5,18.2,51.6,0.0,10.6
2019-04-14,Nizamabad,Kammarpalle ,0.0,27.2,40.5,16.7,52.4,0.0,8.8
2019-04-15,Nizamabad,Kammarpalle ,0.0,27.9,42.0,18.0,51.4,0.0,5.8
2019-04-16,Nizamabad,Kammarpalle ,0.0,25.3,40.8,18.8,60.1,0.0,14.1
2019-04-17,Nizamabad,Kammarpalle ,0.0,26.8,37.7,22.8,52.3,0.0,10.4
2019-04-18,Nizamabad,Kammarpalle ,0.0,26.1,38.3,24.5,64.3,0.0,9.4
2019-04-19,Nizamabad,Kammarpalle ,0.0,25.9,38.8,24.9,71.2,0.0,8.4
2019-04-20,Nizamabad,Kammarpalle ,0.0,24.6,40.3,27.0,74.1,0.0,7.0
2019-04-21,Nizamabad,Kammarpalle ,0.0,26.9,40.1,28.5,64.6,0.0,7.7
2019-04-22,Nizamabad,Kammarpalle ,0.0,27.1,40.4,17.1,74.0,0.0,9.9
2019-04-23,Nizamabad,Kammarpalle ,0.0,25.1,38.4,26.8,61.6,0.0,8.8
2019-04-24,Nizamabad,Kammarpalle ,0.0,26.7,39.9,18.0,60.3,0.0,7.3
2019-04-25,Nizamabad,Kammarpalle ,0.0,27.3,40.5,13.5,51.5,0.0,7.1
2019-04-26,Nizamabad,Kammarpalle ,0.0,28.2,42.2,13.6,49.4,0.0,7.1
2019-04-27,Nizamabad,Kammarpalle ,0.0,31.0,43.3,15.4,43.9,0.0,8.6
2019-04-28,Nizamabad,Kammarpalle ,0.0,31.8,43.0,16.9,40.2,0.0,10.5
2019-04-29,Nizamabad,Kammarpalle ,0.0,28.1,43.0,17.7,29.0,0.0,11.4
2019-04-30,Nizamabad,Kammarpalle ,0.0,27.8,41.0,23.5,60.2,0.0,8.2
2019-05-01,Nizamabad,Kammarpalle ,0.0,28.0,40.6,25.1,62.4,0.0,8.7
2019-05-02,Nizamabad,Kammarpalle ,0.0,28.3,40.2,23.0,50.3,0.0,7.4
2019-05-03,Nizamabad,Kammarpalle ,0.0,27.9,42.9,12.1,30.7,0.0,14.4
2019-05-04,Nizamabad,Kammarpalle ,0.0,27.6,41.5,12.7,35.1,0.0,13.0
2019-05-05,Nizamabad,Kammarpalle ,0.0,28.6,41.3,13.5,31.4,0.0,8.5
2019-05-06,Nizamabad,Kammarpalle ,0.0,28.0,41.9,11.1,29.9,0.0,14.3
2019-05-07,Nizamabad,Kammarpalle ,0.0,29.6,43.0,11.2,28.7,0.0,10.7
2019-05-08,Nizamabad,Kammarpalle ,0.0,30.3,43.8,10.5,28.5,0.0,8.9
2019-05-09,Nizamabad,Kammarpalle ,0.0,29.9,42.6,12.5,32.5,0.0,8.8
2019-05-10,Nizamabad,Kammarpalle ,0.0,29.5,42.6,13.4,36.3,0.0,9.6
2019-05-11,Nizamabad,Kammarpalle ,0.0,29.7,42.3,13.9,38.4,0.0,9.4
2019-05-12,Nizamabad,Kammarpalle ,0.0,29.0,41.8,19.0,50.0,0.0,10.2
2019-05-13,Nizamabad,Kammarpalle ,0.0,29.7,42.4,14.9,42.9,0.0,7.4
2019-05-14,Nizamabad,Kammarpalle ,0.0,30.2,42.5,14.7,47.7,0.0,9.5
2019-05-15,Nizamabad,Kammarpalle ,0.0,30.1,42.3,14.8,45.0,0.0,8.3
2019-05-16,Nizamabad,Kammarpalle ,0.0,30.1,43.6,12.1,54.7,0.0,9.0
2019-05-17,Nizamabad,Kammarpalle ,0.0,30.7,42.8,14.1,38.0,0.0,7.7
2019-05-18,Nizamabad,Kammarpalle ,0.0,30.6,42.8,14.4,44.6,0.0,7.7
2019-05-19,Nizamabad,Kammarpalle ,0.0,29.6,43.0,14.5,38.5,0.0,9.6
2019-05-20,Nizamabad,Kammarpalle ,0.0,29.5,43.8,13.3,43.2,0.0,10.2
2019-05-21,Nizamabad,Kammarpalle ,0.0,30.3,43.6,14.6,43.3,0.0,8.5
2019-05-22,Nizamabad,Kammarpalle ,0.0,30.3,43.9,18.4,45.2,0.0,15.6
2019-05-23,Nizamabad,Kammarpalle ,0.0,32.1,44.2,17.5,55.9,0.0,8.5
2019-05-24,Nizamabad,Kammarpalle ,2.3,27.4,44.4,20.1,71.5,0.0,12.7
2019-05-25,Nizamabad,Kammarpalle ,0.0,31.7,43.7,19.0,44.3,0.0,9.0
2019-05-26,Nizamabad,Kammarpalle ,0.0,31.3,43.5,16.6,35.7,0.0,9.3
2019-05-27,Nizamabad,Kammarpalle ,0.0,32.3,44.7,15.7,37.5,0.0,7.6
2019-05-28,Nizamabad,Kammarpalle ,0.0,33.0,44.6,15.1,52.8,0.0,9.6
2019-05-29,Nizamabad,Kammarpalle ,0.0,30.7,44.4,13.6,44.3,0.0,10.7
2019-05-30,Nizamabad,Kammarpalle ,0.0,30.1,45.2,12.8,59.9,0.0,8.5
2019-05-31,Nizamabad,Kammarpalle ,0.0,31.6,41.2,26.8,57.0,0.0,9.0
