Date,District,Mandal,Rainfall (mm),temp_min (⁰C),temp_max (⁰C),humidity_min (%),Humidity_max (%),wind_speed_min (Kmph),wind_speed_max (Kmph)
2019-01-01,Nizamabad,Nizamabad Rural,0.0,9.8,28.8,77.4,100.0,0.0,0.3
2019-01-02,Nizamabad,Nizamabad Rural,0.0,11.2,30.9,31.9,100.0,0.0,0.4
2019-01-03,Nizamabad,Nizamabad Rural,0.0,12.8,33.2,22.4,91.9,0.0,0.3
2019-01-04,Nizamabad,Nizamabad Rural,0.0,13.2,34.0,22.5,91.5,0.0,0.3
2019-01-05,Nizamabad,Nizamabad Rural,0.0,14.5,32.5,32.8,91.4,0.0,0.3
2019-01-06,Nizamabad,Nizamabad Rural,0.0,15.8,31.8,54.6,100.0,0.0,0.3
2019-01-07,Nizamabad,Nizamabad Rural,0.0,16.2,33.8,34.4,92.4,0.0,0.5
2019-01-08,Nizamabad,Nizamabad Rural,0.0,12.8,30.6,42.2,91.1,0.0,0.3
2019-01-09,Nizamabad,Nizamabad Rural,0.0,12.2,29.9,29.7,92.4,0.0,0.4
2019-01-10,Nizamabad,Nizamabad Rural,0.0,11.9,31.0,33.6,100.0,0.0,0.3
2019-01-11,Nizamabad,Nizamabad Rural,0.0,13.9,31.1,36.8,100.0,0.0,0.3
2019-01-12,Nizamabad,Nizamabad Rural,0.0,17.7,31.5,42.6,92.3,0.0,0.5
2019-01-13,Nizamabad,Nizamabad Rural,0.0,19.7,32.3,44.1,88.3,0.0,0.6
2019-01-14,Nizamabad,Nizamabad Rural,0.0,17.2,31.9,47.1,92.5,0.0,0.5
2019-01-15,Nizamabad,Nizamabad Rural,0.0,18.7,31.3,47.9,90.9,0.0,0.4
2019-01-16,Nizamabad,Nizamabad Rural,0.0,14.9,31.1,52.8,100.0,0.0,0.3
2019-01-17,Nizamabad,Nizamabad Rural,0.0,14.3,31.1,37.1,90.8,0.0,0.4
2019-01-18,Nizamabad,Nizamabad Rural,0.0,14.2,31.9,36.5,100.0,0.0,0.3
2019-01-19,Nizamabad,Nizamabad Rural,0.0,15.2,30.9,58.1,100.0,0.0,0.3
2019-01-20,Nizamabad,Nizamabad Rural,0.0,12.8,30.9,33.4,91.6,0.0,0.4
2019-01-21,Nizamabad,Nizamabad Rural,0.0,13.8,31.6,37.5,100.0,0.0,0.4
2019-01-22,Nizamabad,Nizamabad Rural,0.0,18.6,34.9,27.6,100.0,0.0,0.7
2019-01-23,Nizamabad,Nizamabad Rural,0.0,17.5,32.2,47.8,100.0,0.0,0.6
2019-01-24,Nizamabad,Nizamabad Rural,0.0,18.2,32.4,65.3,100.0,0.0,0.6
2019-01-25,Nizamabad,Nizamabad Rural,0.0,20.4,33.6,56.5,100.0,0.0,0.7
2019-01-26,Nizamabad,Nizamabad Rural,0.0,19.8,30.8,87.7,100.0,0.0,0.7
2019-01-27,Nizamabad,Nizamabad Rural,0.0,19.5,24.7,78.9,93.1,0.2,0.4
2019-01-28,Nizamabad,Nizamabad Rural,0.0,15.7,25.4,65.5,91.8,0.0,0.5
2019-01-29,Nizamabad,Nizamabad Rural,0.0,14.0,26.5,47.6,90.8,0.0,0.4
2019-01-30,Nizamabad,Nizamabad Rural,0.0,10.2,27.1,30.4,87.0,0.0,0.4
2019-01-31,Nizamabad,Nizamabad Rural,0.0,11.1,28.5,23.2,85.6,0.0,0.4
2019-02-01,Nizamabad,Nizamabad Rural,0.0,15.4,31.1,34.2,93.8,0.0,0.5
2019-02-02,Nizamabad,Nizamabad Rural,0.0,17.6,31.9,39.0,91.6,0.0,0.4
2019-02-03,Nizamabad,Nizamabad Rural,0.0,17.1,32.0,40.4,92.4,0.0,0.5
2019-02-04,Nizamabad,Nizamabad Rural,0.0,17.2,32.3,55.6,100.0,0.0,0.5
2019-02-05,Nizamabad,Nizamabad Rural,0.0,17.3,32.6,41.1,100.0,0.0,0.5
2019-02-06,Nizamabad,Nizamabad Rural,0.0,17.7,31.9,46.5,100.0,0.0,0.4
2019-02-07,Nizamabad,Nizamabad Rural,0.0,22.2,34.9,53.6,100.0,0.0,0.8
2019-02-08,Nizamabad,Nizamabad Rural,0.0,17.0,34.8,59.9,100.0,0.0,0.7
2019-02-09,Nizamabad,Nizamabad Rural,0.0,13.5,32.1,32.2,80.0,0.0,0.6
2019-02-10,Nizamabad,Nizamabad Rural,0.0,12.6,29.5,24.0,82.3,0.0,0.5
2019-02-11,Nizamabad,Nizamabad Rural,0.0,17.3,31.2,28.0,79.4,0.0,0.4
2019-02-12,Nizamabad,Nizamabad Rural,0.0,20.2,31.9,49.9,93.1,0.0,0.4
2019-02-13,Nizamabad,Nizamabad Rural,0.0,19.7,33.9,49.1,93.3,0.0,0.5
2019-02-14,Nizamabad,Nizamabad Rural,0.0,17.6,34.5,55.1,100.0,0.0,0.4
2019-02-15,Nizamabad,Nizamabad Rural,0.0,19.0,36.0,29.6,86.0,0.0,0.4
2019-02-16,Nizamabad,Nizamabad Rural,0.0,19.4,35.2,36.5,93.3,0.0,1.0
2019-02-17,Nizamabad,Nizamabad Rural,0.0,17.1,35.3,39.3,100.0,0.0,0.5
2019-02-18,Nizamabad,Nizamabad Rural,0.0,18.1,33.2,41.6,93.2,0.0,0.5
2019-02-19,Nizamabad,Nizamabad Rural,0.0,17.6,35.9,25.6,89.2,0.0,0.3
2019-02-20,Nizamabad,Nizamabad Rural,0.0,21.7,37.9,34.0,88.3,0.0,0.3
2019-02-21,Nizamabad,Nizamabad Rural,0.0,22.4,35.6,61.5,100.0,0.0,0.5
2019-02-22,Nizamabad,Nizamabad Rural,0.0,21.8,36.8,35.6,86.1,0.0,0.4
2019-02-23,Nizamabad,Nizamabad Rural,0.0,22.0,37.5,34.5,100.0,0.0,0.4
2019-02-24,Nizamabad,Nizamabad Rural,0.0,20.9,35.8,36.9,100.0,0.0,0.3
2019-02-25,Nizamabad,Nizamabad Rural,0.0,19.8,37.0,25.9,69.1,0.0,0.9
2019-02-26,Nizamabad,Nizamabad Rural,0.0,17.4,34.8,43.2,100.0,0.0,0.4
2019-02-27,Nizamabad,Nizamabad Rural,0.0,15.3,35.8,24.9,100.0,0.0,0.3
2019-02-28,Nizamabad,Nizamabad Rural,0.0,15.0,33.6,58.6,100.0,0.0,0.3
2019-03-01,Nizamabad,Nizamabad Rural,0.0,15.8,34.3,29.3,83.8,0.0,0.3
2019-03-02,Nizamabad,Nizamabad Rural,0.0,20.0,31.9,36.9,90.5,0.0,0.4
2019-03-03,Nizamabad,Nizamabad Rural,0.0,22.3,35.4,76.3,100.0,0.1,0.8
2019-03-04,Nizamabad,Nizamabad Rural,0.0,19.5,36.2,35.8,86.9,0.0,0.6
2019-03-05,Nizamabad,Nizamabad Rural,0.0,19.2,37.1,26.4,71.8,0.0,0.4
2019-03-06,Nizamabad,Nizamabad Rural,0.0,15.2,32.3,55.3,100.0,0.0,0.8
2019-03-07,Nizamabad,Nizamabad Rural,0.0,14.7,35.2,25.1,80.0,0.0,0.4
2019-03-08,Nizamabad,Nizamabad Rural,0.0,15.1,34.8,55.8,100.0,0.0,0.3
2019-03-09,Nizamabad,Nizamabad Rural,0.0,17.4,35.6,24.8,76.0,0.0,0.5
2019-03-10,Nizamabad,Nizamabad Rural,0.0,18.4,38.0,48.8,100.0,0.0,0.5
2019-03-11,Nizamabad,Nizamabad Rural,0.0,19.9,36.9,25.3,85.7,0.0,0.4
2019-03-12,Nizamabad,Nizamabad Rural,0.0,22.6,38.1,46.4,82.0,0.0,0.6
2019-03-13,Nizamabad,Nizamabad Rural,0.0,22.5,37.4,30.2,76.4,0.0,0.6
2019-03-14,Nizamabad,Nizamabad Rural,0.0,20.8,36.6,45.6,100.0,0.0,0.7
2019-03-15,Nizamabad,Nizamabad Rural,0.0,19.9,35.9,24.7,68.2,0.0,0.4
2019-03-16,Nizamabad,Nizamabad Rural,0.0,20.1,37.1,43.4,100.0,0.0,0.5
2019-03-17,Nizamabad,Nizamabad Rural,0.0,20.1,37.7,24.8,74.8,0.0,0.8
2019-03-18,Nizamabad,Nizamabad Rural,0.0,22.2,37.3,26.4,70.2,0.1,0.7
2019-03-19,Nizamabad,Nizamabad Rural,0.0,19.4,36.8,32.8,83.4,0.0,0.6
2019-03-20,Nizamabad,Nizamabad Rural,0.0,22.2,36.9,39.6,100.0,0.0,0.4
2019-03-21,Nizamabad,Nizamabad Rural,0.0,21.6,37.1,37.0,90.4,0.0,0.6
2019-03-22,Nizamabad,Nizamabad Rural,0.0,20.8,36.1,43.0,85.0,0.0,0.4
2019-03-23,Nizamabad,Nizamabad Rural,0.0,21.8,36.4,53.1,100.0,0.0,0.4
2019-03-24,Nizamabad,Nizamabad Rural,0.0,22.0,37.2,34.2,81.9,0.0,0.3
2019-03-25,Nizamabad,Nizamabad Rural,0.0,21.7,37.6,27.3,84.6,0.0,0.3
2019-03-26,Nizamabad,Nizamabad Rural,0.0,21.8,37.0,64.0,100.0,0.0,0.3
2019-03-27,Nizamabad,Nizamabad Rural,0.0,21.9,39.7,27.4,78.0,0.0,0.4
2019-03-28,Nizamabad,Nizamabad Rural,0.0,21.4,40.4,51.1,100.0,0.0,0.4
2019-03-29,Nizamabad,Nizamabad Rural,0.0,21.6,39.2,47.7,100.0,0.0,0.3
2019-03-30,Nizamabad,Nizamabad Rural,0.0,21.0,39.0,18.3,79.3,0.0,0.3
2019-03-31,Nizamabad,Nizamabad Rural,0.0,23.1,40.9,48.2,100.0,0.0,0.4
2019-04-01,Nizamabad,Nizamabad Rural,0.0,23.0,40.9,41.6,100.0,0.0,0.4
2019-04-02,Nizamabad,Nizamabad Rural,0.0,22.1,41.9,36.3,77.5,0.0,0.4
2019-04-03,Nizamabad,Nizamabad Rural,0.0,21.8,40.1,42.4,73.5,0.0,0.4
2019-04-04,Nizamabad,Nizamabad Rural,0.0,22.5,38.5,53.7,100.0,0.0,0.7
2019-04-05,Nizamabad,Nizamabad Rural,0.0,23.7,36.2,59.7,100.0,0.0,1.7
2019-04-06,Nizamabad,Nizamabad Rural,0.0,22.8,38.0,33.7,59.0,0.0,0.3
2019-04-07,Nizamabad,Nizamabad Rural,0.0,23.1,40.9,37.9,100.0,0.0,0.4
2019-04-08,Nizamabad,Nizamabad Rural,0.0,21.6,41.0,48.3,100.0,0.0,0.4
2019-04-09,Nizamabad,Nizamabad Rural,0.0,22.5,41.1,33.4,100.0,0.0,0.5
2019-04-10,Nizamabad,Nizamabad Rural,0.0,22.8,41.4,33.1,100.0,0.0,0.6
2019-04-11,Nizamabad,Nizamabad Rural,0.0,23.9,41.8,39.1,100.0,0.0,0.6
2019-04-12,Nizamabad,Nizamabad Rural,0.0,24.6,43.1,43.5,100.0,0.0,0.7
2019-04-13,Nizamabad,Nizamabad Rural,0.0,22.5,41.2,46.0,100.0,0.1,0.8
2019-04-14,Nizamabad,Nizamabad Rural,0.0,24.7,40.3,23.5,53.0,0.0,0.5
2019-04-15,Nizamabad,Nizamabad Rural,0.0,25.6,42.3,27.5,100.0,0.0,0.4
2019-04-16,Nizamabad,Nizamabad Rural,0.0,22.2,42.1,27.6,100.0,0.0,1.3
2019-04-17,Nizamabad,Nizamabad Rural,0.0,21.1,37.7,32.3,56.5,0.0,0.5
2019-04-18,Nizamabad,Nizamabad Rural,0.0,24.3,38.1,32.5,61.0,0.0,0.7
2019-04-19,Nizamabad,Nizamabad Rural,0.0,23.1,39.3,33.4,100.0,0.0,0.5
2019-04-20,Nizamabad,Nizamabad Rural,0.0,22.2,39.3,44.5,100.0,0.0,0.5
2019-04-21,Nizamabad,Nizamabad Rural,0.0,24.7,41.0,45.3,100.0,0.0,0.7
2019-04-22,Nizamabad,Nizamabad Rural,0.0,23.5,41.1,37.1,100.0,0.0,0.8
2019-04-23,Nizamabad,Nizamabad Rural,0.0,23.0,39.3,50.2,100.0,0.0,0.7
2019-04-24,Nizamabad,Nizamabad Rural,0.0,25.0,40.7,27.0,100.0,0.0,0.6
2019-04-25,Nizamabad,Nizamabad Rural,0.0,24.6,42.3,41.8,100.0,0.0,0.5
2019-04-26,Nizamabad,Nizamabad Rural,0.0,24.9,43.0,28.5,100.0,0.0,0.7
2019-04-27,Nizamabad,Nizamabad Rural,0.0,30.7,44.3,25.5,100.0,0.0,1.0
2019-04-28,Nizamabad,Nizamabad Rural,0.0,28.5,44.5,31.4,100.0,0.0,1.0
2019-04-29,Nizamabad,Nizamabad Rural,0.0,27.7,45.0,25.2,100.0,0.0,0.8
2019-04-30,Nizamabad,Nizamabad Rural,0.0,28.3,44.6,27.8,54.4,0.0,0.9
2019-05-01,Nizamabad,Nizamabad Rural,0.0,27.0,43.6,15.2,62.7,0.0,0.7
2019-05-02,Nizamabad,Nizamabad Rural,0.0,27.6,42.2,22.2,61.5,0.0,0.9
2019-05-03,Nizamabad,Nizamabad Rural,0.0,25.7,41.9,24.4,53.5,0.0,1.1
2019-05-04,Nizamabad,Nizamabad Rural,0.0,25.8,40.4,24.2,65.4,0.0,0.8
2019-05-05,Nizamabad,Nizamabad Rural,0.0,25.9,32.5,29.3,100.0,0.0,0.8
2019-05-06,Nizamabad,Nizamabad Rural,0.0,24.9,33.3,26.6,29.8,0.0,1.0
2019-05-07,Nizamabad,Nizamabad Rural,0.0,26.2,41.4,11.6,31.4,0.0,0.8
2019-05-08,Nizamabad,Nizamabad Rural,0.0,28.3,43.7,10.3,32.5,0.0,0.6
2019-05-09,Nizamabad,Nizamabad Rural,0.0,27.6,42.2,12.5,34.7,0.0,0.9
2019-05-10,Nizamabad,Nizamabad Rural,0.0,27.5,42.2,14.5,38.3,0.0,0.9
2019-05-11,Nizamabad,Nizamabad Rural,0.0,27.7,42.9,13.5,39.3,0.0,0.9
2019-05-12,Nizamabad,Nizamabad Rural,0.0,26.2,41.8,18.4,59.8,0.0,1.0
2019-05-13,Nizamabad,Nizamabad Rural,0.0,26.0,43.7,28.5,58.8,0.1,0.6
2019-05-14,Nizamabad,Nizamabad Rural,0.0,27.3,42.5,19.6,56.5,0.0,0.6
2019-05-15,Nizamabad,Nizamabad Rural,0.0,27.2,42.2,20.7,61.4,0.0,0.9
2019-05-16,Nizamabad,Nizamabad Rural,0.0,26.6,43.0,23.2,64.0,0.0,0.9
2019-05-17,Nizamabad,Nizamabad Rural,0.0,26.3,42.5,24.1,55.5,0.0,0.8
2019-05-18,Nizamabad,Nizamabad Rural,0.0,27.4,42.9,22.8,58.6,0.0,0.7
2019-05-19,Nizamabad,Nizamabad Rural,0.0,26.2,42.4,23.1,61.7,0.0,0.6
2019-05-20,Nizamabad,Nizamabad Rural,0.0,27.5,42.9,16.3,57.5,0.0,0.8
2019-05-21,Nizamabad,Nizamabad Rural,0.0,27.8,43.2,14.9,65.4,0.0,0.6
2019-05-22,Nizamabad,Nizamabad Rural,0.0,28.3,44.5,18.3,65.6,0.0,0.9
2019-05-23,Nizamabad,Nizamabad Rural,0.0,31.3,44.8,42.3,67.0,0.0,0.7
2019-05-24,Nizamabad,Nizamabad Rural,0.0,28.6,44.3,23.5,88.8,0.1,1.2
2019-05-25,Nizamabad,Nizamabad Rural,0.0,29.0,43.4,21.5,58.3,0.0,1.0
2019-05-26,Nizamabad,Nizamabad Rural,0.0,28.5,43.1,19.1,46.3,0.0,0.7
2019-05-27,Nizamabad,Nizamabad Rural,0.0,30.2,44.3,14.5,62.6,0.0,0.6
2019-05-28,Nizamabad,Nizamabad Rural,0.0,28.7,44.3,15.4,35.5,0.0,0.8
2019-05-29,Nizamabad,Nizamabad Rural,0.0,28.9,45.0,12.7,30.1,0.0,0.7
2019-05-30,Nizamabad,Nizamabad Rural,0.0,29.2,44.9,11.1,63.5,0.0,0.7
2019-05-31,Nizamabad,Nizamabad Rural,0.0,31.1,41.0,25.7,53.3,0.1,0.7
2019-06-01,Nizamabad,Nizamabad Rural,0.0,27.8,44.2,16.6,66.7,0.1,1.1
2019-06-02,Nizamabad,Nizamabad Rural,0.0,27.1,40.4,22.7,64.5,0.0,1.0
2019-06-03,Nizamabad,Nizamabad Rural,0.0,30.7,45.0,18.0,58.0,0.1,1.4
2019-06-04,Nizamabad,Nizamabad Rural,0.0,25.1,43.8,5.1,79.6,0.1,1.9
2019-06-05,Nizamabad,Nizamabad Rural,0.0,28.0,41.7,28.3,65.5,0.0,0.6
2019-06-06,Nizamabad,Nizamabad Rural,0.0,29.8,42.0,23.2,55.1,0.5,0.7
2019-06-07,Nizamabad,Nizamabad Rural,0.0,26.5,44.4,17.5,76.6,0.2,0.9
2019-06-08,Nizamabad,Nizamabad Rural,5.8,25.2,41.5,23.9,85.9,0.0,0.7
2019-06-09,Nizamabad,Nizamabad Rural,0.0,27.5,37.3,33.6,77.8,0.0,14.3
2019-06-10,Nizamabad,Nizamabad Rural,0.0,29.1,41.0,24.6,58.1,0.0,11.9
2019-06-11,Nizamabad,Nizamabad Rural,0.0,27.5,41.5,25.3,61.7,0.0,1.1
2019-06-12,Nizamabad,Nizamabad Rural,0.0,29.2,41.5,24.9,56.9,0.5,1.6
2019-06-13,Nizamabad,Nizamabad Rural,0.0,27.1,39.3,31.4,63.1,1.1,1.7
2019-06-14,Nizamabad,Nizamabad Rural,0.0,27.5,38.3,31.5,64.1,0.7,1.5
2019-06-15,Nizamabad,Nizamabad Rural,0.0,28.5,38.1,31.5,60.1,0.1,1.3
2019-06-16,Nizamabad,Nizamabad Rural,0.0,29.2,39.7,25.6,55.6,0.5,1.1
2019-06-17,Nizamabad,Nizamabad Rural,0.0,30.0,39.9,26.3,52.6,0.1,1.1
2019-06-18,Nizamabad,Nizamabad Rural,0.0,28.9,37.8,29.5,53.6,0.4,1.0
2019-06-19,Nizamabad,Nizamabad Rural,0.0,29.1,38.6,24.7,54.6,0.2,1.2
2019-06-20,Nizamabad,Nizamabad Rural,1.2,24.1,38.6,28.4,100.0,0.0,2.5
2019-06-21,Nizamabad,Nizamabad Rural,0.0,25.6,36.7,48.5,94.5,0.0,1.1
2019-06-22,Nizamabad,Nizamabad Rural,0.0,24.8,38.0,38.4,96.7,0.1,1.1
2019-06-23,Nizamabad,Nizamabad Rural,0.0,26.0,31.5,66.2,99.7,0.0,1.0
2019-06-24,Nizamabad,Nizamabad Rural,19.5,23.7,36.0,21.8,100.0,0.0,0.8
2019-06-25,Nizamabad,Nizamabad Rural,0.0,25.5,33.5,70.5,100.0,0.0,0.4
2019-06-26,Nizamabad,Nizamabad Rural,13.2,26.5,37.7,24.3,100.0,0.0,0.6
2019-06-27,Nizamabad,Nizamabad Rural,0.0,26.2,37.8,47.7,84.9,0.2,1.0
2019-06-28,Nizamabad,Nizamabad Rural,0.0,26.5,37.5,45.4,91.1,0.1,1.1
2019-06-29,Nizamabad,Nizamabad Rural,19.6,23.7,35.5,16.3,100.0,0.5,1.1
2019-06-30,Nizamabad,Nizamabad Rural,0.0,23.1,29.1,92.9,100.0,0.2,1.0
2019-07-01,Nizamabad,Nizamabad Rural,17.5,23.6,28.6,89.0,100.0,0.0,1.1
2019-07-02,Nizamabad,Nizamabad Rural,8.0,25.0,30.8,76.1,98.1,0.0,14.3
2019-07-03,Nizamabad,Nizamabad Rural,9.5,22.9,31.6,73.4,100.0,0.0,23.6
2019-07-04,Nizamabad,Nizamabad Rural,0.5,24.8,30.1,79.4,100.0,0.0,16.8
2019-07-05,Nizamabad,Nizamabad Rural,0.0,25.2,33.9,60.6,91.1,4.0,16.1
2019-07-06,Nizamabad,Nizamabad Rural,0.0,25.6,35.9,47.3,86.8,0.4,20.5
2019-07-07,Nizamabad,Nizamabad Rural,0.0,25.3,32.6,60.6,87.9,3.3,20.9
2019-07-08,Nizamabad,Nizamabad Rural,20.6,23.9,31.3,69.6,100.0,0.0,13.8
2019-07-09,Nizamabad,Nizamabad Rural,0.5,24.9,34.2,61.6,100.0,3.1,21.7
2019-07-10,Nizamabad,Nizamabad Rural,1.5,23.8,33.2,61.6,100.0,0.0,15.1
2019-07-11,Nizamabad,Nizamabad Rural,2.5,25.0,34.7,57.6,94.1,1.0,15.5
2019-07-12,Nizamabad,Nizamabad Rural,0.0,21.6,31.3,74.8,100.0,0.0,18.8
2019-07-13,Nizamabad,Nizamabad Rural,17.5,23.8,31.2,81.5,100.0,0.5,14.5
2019-07-14,Nizamabad,Nizamabad Rural,2.0,25.1,34.2,70.6,100.0,0.0,10.8
2019-07-15,Nizamabad,Nizamabad Rural,0.0,24.9,34.6,61.1,94.1,0.0,14.6
2019-07-16,Nizamabad,Nizamabad Rural,0.0,24.8,34.0,52.1,87.5,0.0,15.1
2019-07-17,Nizamabad,Nizamabad Rural,0.0,25.9,35.4,50.2,86.3,0.0,13.5
2019-07-18,Nizamabad,Nizamabad Rural,0.0,25.1,34.9,54.5,97.8,0.0,11.6
2019-07-19,Nizamabad,Nizamabad Rural,3.0,24.2,36.6,42.7,100.0,0.0,11.2
2019-07-20,Nizamabad,Nizamabad Rural,59.0,23.3,35.7,58.6,100.0,0.0,9.0
2019-07-21,Nizamabad,Nizamabad Rural,2.0,23.9,31.9,86.4,100.0,0.0,5.8
2019-07-22,Nizamabad,Nizamabad Rural,0.0,25.1,36.1,64.2,100.0,0.0,7.4
2019-07-23,Nizamabad,Nizamabad Rural,0.0,24.7,36.6,56.0,100.0,0.0,5.6
2019-07-24,Nizamabad,Nizamabad Rural,0.0,24.9,35.1,66.7,98.8,0.0,6.1
2019-07-25,Nizamabad,Nizamabad Rural,0.0,25.7,34.8,66.7,92.5,0.0,8.4
2019-07-26,Nizamabad,Nizamabad Rural,20.5,23.3,36.9,78.6,100.0,0.0,15.1
2019-07-27,Nizamabad,Nizamabad Rural,19.5,24.0,34.5,88.7,94.3,0.9,14.3
2019-07-28,Nizamabad,Nizamabad Rural,15.5,22.8,28.1,96.5,100.0,1.6,19.1
2019-07-29,Nizamabad,Nizamabad Rural,19.5,22.9,26.8,87.6,94.3,0.0,12.0
2019-07-30,Nizamabad,Nizamabad Rural,21.5,19.6,27.9,93.8,94.4,4.3,10.7
2019-07-31,Nizamabad,Nizamabad Rural,2.0,22.9,25.6,88.0,94.1,3.6,14.5
2019-08-01,Nizamabad,Nizamabad Rural,0.0,23.8,29.7,95.3,100.0,0.0,12.9
2019-08-02,Nizamabad,Nizamabad Rural,38.0,23.0,27.4,85.7,94.5,2.3,20.0
2019-08-03,Nizamabad,Nizamabad Rural,27.5,20.3,32.8,91.4,94.4,4.5,10.9
2019-08-04,Nizamabad,Nizamabad Rural,5.0,23.0,25.9,89.2,100.0,4.0,11.4
2019-08-05,Nizamabad,Nizamabad Rural,0.0,23.6,31.2,93.7,100.0,3.4,11.4
2019-08-06,Nizamabad,Nizamabad Rural,10.0,23.5,29.1,95.3,100.0,0.3,11.7
2019-08-07,Nizamabad,Nizamabad Rural,19.8,23.1,28.1,90.5,100.0,0.0,14.8
2019-08-08,Nizamabad,Nizamabad Rural,72.5,23.2,28.1,88.3,100.0,1.1,12.4
2019-08-09,Nizamabad,Nizamabad Rural,0.0,24.5,26.9,85.8,97.1,2.2,14.1
2019-08-10,Nizamabad,Nizamabad Rural,0.0,23.8,30.3,93.4,100.0,1.1,11.0
2019-08-11,Nizamabad,Nizamabad Rural,0.0,23.6,32.0,85.9,100.0,0.0,10.2
2019-08-12,Nizamabad,Nizamabad Rural,0.0,23.8,32.2,85.4,100.0,0.0,12.7
2019-08-13,Nizamabad,Nizamabad Rural,0.0,24.6,31.8,87.8,100.0,0.0,12.0
2019-08-14,Nizamabad,Nizamabad Rural,3.8,23.3,28.2,83.0,100.0,0.0,12.4
2019-08-15,Nizamabad,Nizamabad Rural,31.3,23.3,30.3,98.5,100.0,0.0,12.2
2019-08-16,Nizamabad,Nizamabad Rural,0.0,23.9,31.4,91.3,100.0,0.0,9.3
2019-08-17,Nizamabad,Nizamabad Rural,0.0,23.7,32.6,84.4,100.0,0.0,12.3
2019-08-18,Nizamabad,Nizamabad Rural,0.0,24.6,31.5,87.8,100.0,0.0,12.1
2019-08-19,Nizamabad,Nizamabad Rural,0.0,23.8,30.3,91.0,100.0,0.0,9.9
2019-08-20,Nizamabad,Nizamabad Rural,0.0,24.7,32.1,89.3,100.0,0.0,7.8
2019-08-21,Nizamabad,Nizamabad Rural,0.0,23.8,31.3,95.3,100.0,0.0,13.1
2019-08-22,Nizamabad,Nizamabad Rural,1.8,22.8,29.6,85.5,100.0,0.0,11.0
2019-08-23,Nizamabad,Nizamabad Rural,8.0,23.0,31.1,76.0,100.0,0.0,6.0
2019-08-24,Nizamabad,Nizamabad Rural,0.0,23.3,29.1,80.0,100.0,0.0,0.3
2019-08-25,Nizamabad,Nizamabad Rural,0.0,24.5,31.8,64.0,100.0,0.0,0.3
2019-08-26,Nizamabad,Nizamabad Rural,0.0,23.2,31.0,75.0,100.0,0.0,0.4
2019-08-27,Nizamabad,Nizamabad Rural,0.0,23.4,31.3,74.0,100.0,0.0,0.3
2019-08-28,Nizamabad,Nizamabad Rural,0.0,24.0,31.6,70.0,100.0,0.0,0.4
2019-08-29,Nizamabad,Nizamabad Rural,0.0,24.6,31.0,67.0,99.7,0.0,0.3
2019-08-30,Nizamabad,Nizamabad Rural,1.3,24.8,32.6,76.0,100.0,0.0,0.1
2019-08-31,Nizamabad,Nizamabad Rural,41.5,23.2,31.5,70.0,100.0,0.0,0.4
2019-09-01,Nizamabad,Nizamabad Rural,9.0,22.8,29.7,82.0,100.0,0.0,0.4
2019-09-02,Nizamabad,Nizamabad Rural,0.5,22.1,27.9,84.0,100.0,0.0,0.6
2019-09-03,Nizamabad,Nizamabad Rural,28.0,23.0,25.2,88.0,100.0,0.0,0.4
2019-09-04,Nizamabad,Nizamabad Rural,0.5,22.9,27.9,84.0,100.0,0.0,0.4
2019-09-05,Nizamabad,Nizamabad Rural,0.0,23.3,29.1,80.0,100.0,0.0,0.4
2019-09-06,Nizamabad,Nizamabad Rural,0.0,23.2,30.9,74.0,100.0,0.1,0.4
2019-09-07,Nizamabad,Nizamabad Rural,0.0,22.8,29.1,90.0,100.0,0.0,13.9
2019-09-08,Nizamabad,Nizamabad Rural,0.0,23.8,27.5,86.0,100.0,0.1,0.5
2019-09-09,Nizamabad,Nizamabad Rural,2.0,23.6,29.0,78.0,100.0,0.0,0.4
