Date,District,Mandal,Rainfall (mm),temp_min (⁰C),temp_max (⁰C),humidity_min (%),Humidity_max (%),wind_speed_min (Kmph),wind_speed_max (Kmph)
2019-01-01,Nizamabad,Nizamabad North,0.0,12.4,30.4,21.6,98.4,0.0,9.4
2019-01-02,Nizamabad,Nizamabad North,0.0,11.7,33.4,19.0,98.4,0.0,9.6
2019-01-03,Nizamabad,Nizamabad North,0.0,15.0,35.5,21.4,98.4,0.0,0.3
2019-01-04,Nizamabad,Nizamabad North,0.0,15.0,35.5,20.7,98.4,0.0,0.3
2019-01-05,Nizamabad,Nizamabad North,0.0,16.0,35.5,21.9,98.4,0.0,1.0
2019-01-06,Nizamabad,Nizamabad North,0.0,17.2,35.5,27.7,98.4,0.0,2.1
2019-01-07,Nizamabad,Nizamabad North,0.0,16.2,35.5,30.5,98.4,0.0,3.5
2019-01-08,Nizamabad,Nizamabad North,0.0,14.6,32.9,42.4,98.4,0.0,0.3
2019-01-09,Nizamabad,Nizamabad North,0.0,15.0,30.7,27.1,98.4,0.0,2.4
2019-01-10,Nizamabad,Nizamabad North,0.0,15.0,32.9,21.3,98.4,0.0,0.1
2019-01-11,Nizamabad,Nizamabad North,0.0,17.5,32.9,26.8,98.4,0.0,0.3
2019-01-12,Nizamabad,Nizamabad North,0.0,18.6,35.5,29.2,98.4,0.0,3.1
2019-01-13,Nizamabad,Nizamabad North,0.0,21.5,35.5,43.1,98.4,0.0,10.7
2019-01-14,Nizamabad,Nizamabad North,0.0,17.4,32.9,50.9,98.4,0.0,8.8
2019-01-15,Nizamabad,Nizamabad North,0.0,19.9,33.4,42.8,98.4,0.0,2.5
2019-01-16,Nizamabad,Nizamabad North,0.0,16.6,32.9,44.5,98.4,0.0,0.3
2019-01-17,Nizamabad,Nizamabad North,0.0,13.9,31.6,35.4,98.4,0.0,5.5
2019-01-18,Nizamabad,Nizamabad North,0.0,15.0,32.6,22.4,94.5,0.0,0.1
2019-01-19,Nizamabad,Nizamabad North,0.0,15.2,31.0,58.1,96.5,0.0,0.3
2019-01-20,Nizamabad,Nizamabad North,0.0,14.4,32.0,41.6,97.1,0.0,0.4
2019-01-21,Nizamabad,Nizamabad North,0.0,14.8,30.4,36.5,90.1,0.0,0.4
2019-01-22,Nizamabad,Nizamabad North,0.0,20.1,34.3,27.5,80.4,0.0,0.7
2019-01-23,Nizamabad,Nizamabad North,0.0,18.6,34.0,48.7,91.5,0.0,0.6
2019-01-24,Nizamabad,Nizamabad North,0.0,19.8,33.3,58.5,92.9,0.0,0.6
2019-01-25,Nizamabad,Nizamabad North,0.0,21.5,33.1,54.5,92.9,0.0,1.5
2019-01-26,Nizamabad,Nizamabad North,0.0,20.0,31.3,68.0,97.3,0.0,0.1
2019-01-27,Nizamabad,Nizamabad North,0.0,20.1,25.4,86.8,95.9,0.0,0.1
2019-01-28,Nizamabad,Nizamabad North,0.0,17.3,25.5,79.9,96.2,0.0,0.1
2019-01-29,Nizamabad,Nizamabad North,0.0,13.9,27.4,66.1,94.8,0.0,0.1
2019-01-30,Nizamabad,Nizamabad North,0.0,9.8,26.6,54.3,89.4,0.0,1.4
2019-01-31,Nizamabad,Nizamabad North,0.0,12.9,27.9,48.5,84.9,0.0,0.4
2019-02-01,Nizamabad,Nizamabad North,0.0,16.4,31.2,54.2,95.6,0.0,0.5
2019-02-02,Nizamabad,Nizamabad North,0.0,17.7,32.7,46.5,92.6,0.0,0.1
2019-02-03,Nizamabad,Nizamabad North,0.0,16.9,32.6,55.3,93.8,0.0,0.1
2019-02-04,Nizamabad,Nizamabad North,0.0,17.7,32.3,55.6,93.1,0.0,0.5
2019-02-05,Nizamabad,Nizamabad North,0.0,18.9,33.4,40.0,89.5,0.0,0.3
2019-02-06,Nizamabad,Nizamabad North,0.0,18.4,33.0,54.3,90.2,0.0,0.2
2019-02-07,Nizamabad,Nizamabad North,0.0,22.4,35.1,53.6,100.0,0.0,0.1
2019-02-08,Nizamabad,Nizamabad North,0.0,21.8,35.7,59.9,100.0,0.0,0.3
2019-02-09,Nizamabad,Nizamabad North,0.0,13.4,32.3,39.1,100.0,0.0,0.1
2019-02-10,Nizamabad,Nizamabad North,0.0,14.4,29.7,62.3,100.0,0.0,0.3
2019-02-11,Nizamabad,Nizamabad North,0.0,18.2,32.3,37.6,100.0,0.0,0.8
2019-02-12,Nizamabad,Nizamabad North,0.0,20.3,35.9,72.9,100.0,0.0,0.4
2019-02-13,Nizamabad,Nizamabad North,0.0,19.6,35.6,56.5,100.0,0.0,0.3
2019-02-14,Nizamabad,Nizamabad North,0.0,19.5,35.4,55.1,100.0,0.0,0.2
2019-02-15,Nizamabad,Nizamabad North,0.0,19.6,37.0,31.5,100.0,0.0,0.1
2019-02-16,Nizamabad,Nizamabad North,0.0,19.4,35.1,42.1,100.0,0.0,1.0
2019-02-17,Nizamabad,Nizamabad North,0.0,16.9,35.4,48.3,88.1,0.0,0.5
2019-02-18,Nizamabad,Nizamabad North,0.0,17.1,32.8,45.8,97.9,0.0,0.2
2019-02-19,Nizamabad,Nizamabad North,0.0,17.9,33.9,28.3,100.0,0.0,2.0
2019-02-20,Nizamabad,Nizamabad North,0.0,22.8,37.4,39.8,87.2,0.0,0.8
2019-02-21,Nizamabad,Nizamabad North,0.0,21.8,36.6,62.6,88.4,0.0,0.6
2019-02-22,Nizamabad,Nizamabad North,0.0,20.6,38.0,61.6,87.7,0.0,0.9
2019-02-23,Nizamabad,Nizamabad North,0.0,21.4,37.7,34.3,86.0,0.0,0.6
2019-02-24,Nizamabad,Nizamabad North,0.0,20.2,37.0,32.2,100.0,0.0,0.4
2019-02-25,Nizamabad,Nizamabad North,0.0,19.7,37.4,31.2,100.0,0.0,0.6
2019-02-26,Nizamabad,Nizamabad North,0.0,18.0,34.2,33.7,100.0,0.0,3.6
2019-02-27,Nizamabad,Nizamabad North,0.0,15.7,34.5,22.0,82.1,0.0,0.4
2019-02-28,Nizamabad,Nizamabad North,0.0,15.4,34.9,27.0,80.2,0.0,1.4
2019-03-01,Nizamabad,Nizamabad North,0.0,16.8,33.4,33.8,84.2,0.0,0.3
2019-03-02,Nizamabad,Nizamabad North,0.0,20.5,33.5,42.8,89.6,0.0,1.3
2019-03-03,Nizamabad,Nizamabad North,0.0,23.0,34.2,63.0,85.2,0.0,2.2
2019-03-04,Nizamabad,Nizamabad North,0.0,20.3,37.8,62.0,86.4,0.0,0.3
2019-03-05,Nizamabad,Nizamabad North,0.0,20.9,36.8,59.6,78.4,0.0,1.5
2019-03-06,Nizamabad,Nizamabad North,0.0,15.9,33.9,43.3,80.1,0.0,2.7
2019-03-07,Nizamabad,Nizamabad North,0.0,15.5,34.3,27.3,85.4,0.0,0.9
2019-03-08,Nizamabad,Nizamabad North,0.0,15.9,34.1,36.5,100.0,0.0,0.3
2019-03-09,Nizamabad,Nizamabad North,0.0,17.7,35.8,57.1,100.0,0.0,1.4
2019-03-10,Nizamabad,Nizamabad North,0.0,19.5,38.0,26.3,83.5,0.0,0.3
2019-03-11,Nizamabad,Nizamabad North,0.0,21.9,36.2,28.4,86.0,0.0,0.4
2019-03-12,Nizamabad,Nizamabad North,0.0,23.0,37.3,46.4,81.6,0.0,0.4
2019-03-13,Nizamabad,Nizamabad North,0.0,23.5,35.3,30.0,60.8,0.0,0.6
2019-03-14,Nizamabad,Nizamabad North,0.0,21.1,35.7,43.1,100.0,0.0,0.7
2019-03-15,Nizamabad,Nizamabad North,0.0,20.2,35.5,19.1,50.9,0.0,0.4
2019-03-16,Nizamabad,Nizamabad North,0.0,20.9,36.1,37.2,100.0,0.0,0.5
2019-03-17,Nizamabad,Nizamabad North,0.0,21.3,37.4,58.8,100.0,0.0,0.1
2019-03-18,Nizamabad,Nizamabad North,0.0,23.3,36.3,21.6,56.5,0.1,0.7
2019-03-19,Nizamabad,Nizamabad North,0.0,19.6,37.4,34.5,75.0,0.0,0.2
2019-03-20,Nizamabad,Nizamabad North,0.0,22.7,38.0,32.4,100.0,0.0,0.3
2019-03-21,Nizamabad,Nizamabad North,0.0,22.1,36.4,32.0,80.4,0.0,0.6
2019-03-22,Nizamabad,Nizamabad North,0.0,21.3,35.6,37.2,71.8,0.0,0.4
2019-03-23,Nizamabad,Nizamabad North,0.0,22.0,35.2,52.4,100.0,0.0,0.4
2019-03-24,Nizamabad,Nizamabad North,0.0,22.5,36.3,25.3,70.2,0.0,0.3
2019-03-25,Nizamabad,Nizamabad North,0.0,22.4,36.4,23.9,66.3,0.0,0.3
2019-03-26,Nizamabad,Nizamabad North,0.0,23.3,36.3,52.8,100.0,0.0,0.3
2019-03-27,Nizamabad,Nizamabad North,0.0,22.5,37.9,26.3,68.0,0.0,0.4
2019-03-28,Nizamabad,Nizamabad North,0.0,22.0,38.5,46.5,100.0,0.0,0.4
2019-03-29,Nizamabad,Nizamabad North,0.0,22.2,38.6,43.8,100.0,0.0,0.3
2019-03-30,Nizamabad,Nizamabad North,0.0,22.6,37.9,20.1,77.1,0.0,0.3
2019-03-31,Nizamabad,Nizamabad North,0.0,23.8,40.0,43.7,100.0,0.0,0.4
2019-04-01,Nizamabad,Nizamabad North,0.0,24.6,40.0,36.2,100.0,0.0,0.4
2019-04-02,Nizamabad,Nizamabad North,0.0,22.6,40.5,30.8,76.5,0.0,1.6
2019-04-03,Nizamabad,Nizamabad North,0.0,22.6,39.1,36.2,72.5,0.0,0.4
2019-04-04,Nizamabad,Nizamabad North,0.0,23.2,37.6,47.8,100.0,0.0,0.7
2019-04-05,Nizamabad,Nizamabad North,0.0,22.3,35.9,50.9,100.0,0.0,1.7
2019-04-06,Nizamabad,Nizamabad North,0.0,23.1,37.2,32.9,60.0,0.0,0.3
2019-04-07,Nizamabad,Nizamabad North,0.0,24.3,38.8,34.5,100.0,0.0,0.4
2019-04-08,Nizamabad,Nizamabad North,0.0,22.4,39.5,42.4,100.0,0.0,0.4
2019-04-09,Nizamabad,Nizamabad North,0.0,24.1,42.0,26.4,100.0,0.0,0.2
2019-04-10,Nizamabad,Nizamabad North,0.0,24.1,41.8,30.5,100.0,0.0,0.3
2019-04-11,Nizamabad,Nizamabad North,0.0,24.9,39.5,33.2,100.0,0.0,0.6
2019-04-12,Nizamabad,Nizamabad North,0.0,26.9,40.7,40.6,100.0,0.0,0.7
2019-04-13,Nizamabad,Nizamabad North,0.0,23.7,40.2,44.2,100.0,0.1,0.8
2019-04-14,Nizamabad,Nizamabad North,0.0,26.1,41.4,24.8,51.8,0.0,2.6
2019-04-15,Nizamabad,Nizamabad North,0.0,26.5,40.6,25.0,100.0,0.0,0.4
2019-04-16,Nizamabad,Nizamabad North,0.0,22.6,41.1,27.5,100.0,0.0,0.3
2019-04-17,Nizamabad,Nizamabad North,0.0,22.1,38.9,27.3,55.5,0.0,0.4
2019-04-18,Nizamabad,Nizamabad North,0.0,24.2,36.7,32.2,65.2,0.0,0.3
2019-04-19,Nizamabad,Nizamabad North,0.0,23.7,41.4,33.7,100.0,0.0,1.0
2019-04-20,Nizamabad,Nizamabad North,0.0,23.6,38.5,45.7,100.0,0.0,0.5
2019-04-21,Nizamabad,Nizamabad North,0.0,25.2,41.5,46.2,100.0,0.0,0.1
2019-04-22,Nizamabad,Nizamabad North,0.0,25.0,39.5,38.3,100.0,0.0,0.8
2019-04-23,Nizamabad,Nizamabad North,0.0,23.5,39.0,51.8,100.0,0.0,1.2
2019-04-24,Nizamabad,Nizamabad North,0.0,25.8,39.6,27.0,100.0,0.0,0.1
2019-04-25,Nizamabad,Nizamabad North,0.0,25.6,42.1,35.3,100.0,0.0,0.1
2019-04-26,Nizamabad,Nizamabad North,0.0,25.8,41.5,31.5,100.0,0.0,0.7
2019-04-27,Nizamabad,Nizamabad North,0.0,30.5,44.8,20.5,66.5,0.0,0.3
2019-04-28,Nizamabad,Nizamabad North,0.0,28.4,44.8,23.4,65.2,0.0,0.1
2019-04-29,Nizamabad,Nizamabad North,0.0,27.1,45.0,19.3,66.5,0.0,0.8
2019-04-30,Nizamabad,Nizamabad North,0.0,27.7,44.0,27.8,60.2,0.0,0.9
2019-05-01,Nizamabad,Nizamabad North,0.0,26.4,44.3,25.1,62.8,0.0,0.7
2019-05-02,Nizamabad,Nizamabad North,0.0,27.0,42.3,18.8,61.5,0.0,0.5
2019-05-03,Nizamabad,Nizamabad North,0.0,25.1,42.8,21.0,59.2,0.0,9.0
2019-05-04,Nizamabad,Nizamabad North,0.0,25.2,39.8,24.2,68.6,0.0,0.1
2019-05-05,Nizamabad,Nizamabad North,0.0,25.3,41.7,27.5,61.6,0.0,1.0
2019-05-06,Nizamabad,Nizamabad North,0.0,24.3,32.7,26.0,63.0,0.0,1.0
2019-05-07,Nizamabad,Nizamabad North,0.0,25.6,40.8,11.6,30.5,0.0,0.8
2019-05-08,Nizamabad,Nizamabad North,0.0,27.7,43.1,9.3,27.2,0.0,0.6
2019-05-09,Nizamabad,Nizamabad North,0.0,27.0,41.6,12.5,30.4,0.0,0.9
2019-05-10,Nizamabad,Nizamabad North,0.0,26.9,41.6,14.5,32.3,0.0,0.9
2019-05-11,Nizamabad,Nizamabad North,0.0,27.1,42.3,13.5,40.7,0.0,0.9
2019-05-12,Nizamabad,Nizamabad North,0.0,25.6,42.4,16.3,56.8,0.0,4.6
2019-05-13,Nizamabad,Nizamabad North,0.0,25.4,43.1,28.5,63.9,0.1,0.6
2019-05-14,Nizamabad,Nizamabad North,0.0,26.7,41.9,19.6,52.5,0.0,0.6
2019-05-15,Nizamabad,Nizamabad North,0.0,26.6,41.6,20.7,71.7,0.0,0.9
2019-05-16,Nizamabad,Nizamabad North,0.0,26.0,43.5,23.2,69.9,0.0,0.3
2019-05-17,Nizamabad,Nizamabad North,0.0,25.7,43.7,19.6,67.1,0.0,0.8
2019-05-18,Nizamabad,Nizamabad North,0.0,27.0,43.9,22.8,60.4,0.0,0.1
2019-05-19,Nizamabad,Nizamabad North,0.0,26.5,43.1,23.1,62.5,0.0,0.6
2019-05-20,Nizamabad,Nizamabad North,0.0,28.0,43.6,14.0,56.9,0.0,0.3
2019-05-21,Nizamabad,Nizamabad North,0.0,28.1,45.0,11.7,65.4,0.0,0.6
2019-05-22,Nizamabad,Nizamabad North,0.0,28.8,45.0,15.3,67.8,0.0,0.1
2019-05-23,Nizamabad,Nizamabad North,0.0,31.4,43.8,37.9,66.8,0.0,0.7
2019-05-24,Nizamabad,Nizamabad North,0.0,28.2,45.6,20.6,92.4,0.1,1.2
2019-05-25,Nizamabad,Nizamabad North,0.0,28.9,42.9,18.6,61.0,0.0,1.0
2019-05-26,Nizamabad,Nizamabad North,0.0,28.8,44.6,15.8,45.8,0.0,0.9
2019-05-27,Nizamabad,Nizamabad North,0.0,30.0,44.8,11.7,51.9,0.0,0.1
2019-05-28,Nizamabad,Nizamabad North,0.0,28.9,44.4,13.8,27.2,0.0,0.2
2019-05-29,Nizamabad,Nizamabad North,0.0,29.2,45.7,10.2,23.5,0.0,0.7
2019-05-30,Nizamabad,Nizamabad North,0.0,29.3,45.8,8.7,29.4,0.0,0.7
2019-05-31,Nizamabad,Nizamabad North,0.0,31.5,41.5,21.7,46.5,0.0,0.9
2019-06-01,Nizamabad,Nizamabad North,0.0,28.1,43.7,14.4,36.8,0.1,1.1
2019-06-02,Nizamabad,Nizamabad North,0.0,28.7,40.4,21.5,54.7,0.0,1.0
2019-06-03,Nizamabad,Nizamabad North,0.0,30.8,44.4,16.0,34.0,0.0,0.1
2019-06-04,Nizamabad,Nizamabad North,0.0,24.9,43.4,18.4,81.8,0.0,1.0
2019-06-05,Nizamabad,Nizamabad North,0.0,28.5,41.9,24.6,61.0,0.0,0.2
2019-06-06,Nizamabad,Nizamabad North,0.0,29.3,41.8,20.9,39.7,0.5,0.7
2019-06-07,Nizamabad,Nizamabad North,0.0,26.0,42.6,19.3,47.0,0.0,0.1
2019-06-08,Nizamabad,Nizamabad North,5.8,25.4,42.6,20.2,85.2,0.0,0.1
2019-06-09,Nizamabad,Nizamabad North,0.0,27.5,36.6,35.8,75.1,0.0,0.7
2019-06-10,Nizamabad,Nizamabad North,0.0,29.0,40.4,24.8,52.0,0.0,14.4
2019-06-11,Nizamabad,Nizamabad North,0.0,28.1,40.7,25.9,53.1,0.0,1.1
2019-06-12,Nizamabad,Nizamabad North,0.0,29.2,42.1,29.2,46.7,0.0,0.7
2019-06-13,Nizamabad,Nizamabad North,0.0,27.1,38.4,32.3,56.2,0.2,3.8
2019-06-14,Nizamabad,Nizamabad North,0.0,27.5,39.0,31.1,58.9,0.7,1.5
2019-06-15,Nizamabad,Nizamabad North,0.0,29.0,37.9,33.7,57.4,0.1,1.3
2019-06-16,Nizamabad,Nizamabad North,0.0,29.7,37.9,27.0,53.6,0.1,0.6
2019-06-17,Nizamabad,Nizamabad North,0.0,30.2,39.1,25.6,49.2,0.0,3.2
2019-06-18,Nizamabad,Nizamabad North,0.0,28.8,38.4,27.5,47.0,0.0,3.3
2019-06-19,Nizamabad,Nizamabad North,0.0,29.5,37.5,26.8,53.6,0.2,1.2
2019-06-20,Nizamabad,Nizamabad North,1.2,24.9,38.7,28.4,84.5,0.0,4.6
2019-06-21,Nizamabad,Nizamabad North,0.0,25.6,37.6,39.2,79.8,0.0,0.9
2019-06-22,Nizamabad,Nizamabad North,0.0,24.8,38.8,32.8,79.9,0.0,1.5
2019-06-23,Nizamabad,Nizamabad North,0.0,26.2,31.5,66.2,93.0,0.0,1.0
2019-06-24,Nizamabad,Nizamabad North,35.2,23.6,34.4,21.8,100.0,0.0,0.8
2019-06-25,Nizamabad,Nizamabad North,0.0,25.7,33.0,69.3,86.8,0.0,0.9
2019-06-26,Nizamabad,Nizamabad North,13.2,26.9,37.3,47.2,89.1,0.0,0.2
2019-06-27,Nizamabad,Nizamabad North,14.2,26.3,37.2,41.8,77.1,0.2,1.0
2019-06-28,Nizamabad,Nizamabad North,0.0,26.4,36.7,44.8,74.7,0.0,1.2
2019-06-29,Nizamabad,Nizamabad North,19.6,23.9,36.6,45.4,99.4,0.0,1.4
2019-06-30,Nizamabad,Nizamabad North,1.6,23.4,29.5,85.8,98.9,0.0,0.3
2019-07-01,Nizamabad,Nizamabad North,1.2,24.0,27.7,77.2,90.1,0.0,0.6
2019-07-02,Nizamabad,Nizamabad North,26.4,24.8,29.9,70.7,93.9,0.0,0.2
2019-07-03,Nizamabad,Nizamabad North,76.2,23.1,31.1,66.5,97.0,0.0,1.3
2019-07-04,Nizamabad,Nizamabad North,0.0,24.9,30.4,71.1,87.4,0.0,2.2
2019-07-05,Nizamabad,Nizamabad North,0.0,25.5,33.7,56.2,78.7,0.0,4.1
2019-07-06,Nizamabad,Nizamabad North,0.0,25.5,34.7,47.1,73.6,0.0,5.1
2019-07-07,Nizamabad,Nizamabad North,0.0,25.3,33.2,54.2,75.2,0.0,2.2
2019-07-08,Nizamabad,Nizamabad North,20.6,23.5,33.1,63.2,95.9,0.0,0.9
2019-07-09,Nizamabad,Nizamabad North,0.0,24.9,32.9,63.8,86.3,0.0,5.0
2019-07-10,Nizamabad,Nizamabad North,2.4,24.8,34.3,56.0,95.4,0.0,1.2
2019-07-11,Nizamabad,Nizamabad North,8.6,24.9,34.3,50.4,89.2,0.0,0.9
2019-07-12,Nizamabad,Nizamabad North,36.8,23.3,31.7,70.9,97.5,0.0,1.4
2019-07-13,Nizamabad,Nizamabad North,18.2,21.3,31.9,70.5,94.3,0.0,0.3
2019-07-14,Nizamabad,Nizamabad North,14.4,24.6,32.9,61.8,92.7,0.0,7.4
2019-07-15,Nizamabad,Nizamabad North,0.0,25.5,35.5,48.1,80.6,0.0,0.9
2019-07-16,Nizamabad,Nizamabad North,0.0,25.7,35.4,43.7,69.2,0.0,2.7
2019-07-17,Nizamabad,Nizamabad North,0.0,25.9,35.8,41.3,67.5,0.0,0.3
2019-07-18,Nizamabad,Nizamabad North,0.0,26.1,35.8,47.3,73.0,0.0,6.0
2019-07-19,Nizamabad,Nizamabad North,0.0,24.7,36.7,40.2,88.1,0.0,1.5
2019-07-20,Nizamabad,Nizamabad North,90.3,22.9,35.5,50.8,97.8,0.0,0.2
2019-07-21,Nizamabad,Nizamabad North,0.0,24.0,31.9,71.0,97.8,0.0,0.9
2019-07-22,Nizamabad,Nizamabad North,0.0,24.9,35.0,53.5,91.9,0.0,9.5
2019-07-23,Nizamabad,Nizamabad North,4.6,24.6,35.3,51.7,94.3,0.0,0.1
2019-07-24,Nizamabad,Nizamabad North,0.0,24.9,34.0,57.2,85.5,2.0,8.4
2019-07-25,Nizamabad,Nizamabad North,0.0,25.6,33.5,58.3,79.9,0.0,0.2
2019-07-26,Nizamabad,Nizamabad North,29.8,20.3,32.8,60.9,96.1,0.0,1.3
2019-07-27,Nizamabad,Nizamabad North,16.8,21.2,29.6,88.6,100.0,0.0,0.3
2019-07-28,Nizamabad,Nizamabad North,22.8,21.8,29.5,79.5,97.0,0.0,1.3
2019-07-29,Nizamabad,Nizamabad North,21.3,20.8,27.0,89.7,98.3,0.0,1.0
2019-07-30,Nizamabad,Nizamabad North,36.3,22.0,27.7,97.3,98.3,0.0,2.5
2019-07-31,Nizamabad,Nizamabad North,5.2,21.4,25.1,93.7,97.8,0.0,0.8
2019-08-01,Nizamabad,Nizamabad North,11.5,23.4,29.7,78.8,94.7,0.0,0.2
2019-08-02,Nizamabad,Nizamabad North,54.5,20.3,27.6,86.5,98.3,0.0,1.9
2019-08-03,Nizamabad,Nizamabad North,33.8,20.3,26.3,93.1,98.6,0.0,9.0
2019-08-04,Nizamabad,Nizamabad North,10.3,23.0,26.2,92.2,100.0,0.0,3.5
2019-08-05,Nizamabad,Nizamabad North,2.0,23.6,30.9,77.8,95.9,0.0,3.5
2019-08-06,Nizamabad,Nizamabad North,5.8,23.6,29.8,82.9,97.0,0.0,1.8
2019-08-07,Nizamabad,Nizamabad North,19.8,23.1,28.7,87.3,98.3,0.0,3.4
2019-08-08,Nizamabad,Nizamabad North,72.5,23.2,27.2,90.3,98.6,0.0,5.2
2019-08-09,Nizamabad,Nizamabad North,0.0,24.7,27.2,86.6,95.9,0.0,3.4
2019-08-10,Nizamabad,Nizamabad North,0.0,24.2,31.5,74.3,97.4,0.0,2.2
2019-08-11,Nizamabad,Nizamabad North,0.0,23.7,33.4,70.8,97.3,0.0,0.7
2019-08-12,Nizamabad,Nizamabad North,1.2,23.8,34.6,65.0,97.8,0.0,0.5
2019-08-13,Nizamabad,Nizamabad North,0.0,24.9,31.4,72.5,95.4,0.0,0.3
2019-08-14,Nizamabad,Nizamabad North,19.4,22.6,28.1,85.6,100.0,0.0,0.1
2019-08-15,Nizamabad,Nizamabad North,24.6,23.2,31.0,78.3,99.3,0.0,4.3
2019-08-16,Nizamabad,Nizamabad North,1.0,24.4,31.9,71.5,100.0,0.0,1.2
2019-08-17,Nizamabad,Nizamabad North,0.0,23.5,34.3,62.1,96.8,0.0,0.3
2019-08-18,Nizamabad,Nizamabad North,0.0,25.2,31.2,66.5,97.8,0.0,0.9
2019-08-19,Nizamabad,Nizamabad North,0.0,24.0,31.9,65.0,97.0,0.0,0.3
2019-08-20,Nizamabad,Nizamabad North,0.0,25.2,32.4,66.3,93.4,0.0,0.7
2019-08-21,Nizamabad,Nizamabad North,0.0,23.7,32.2,67.8,98.0,0.0,0.5
2019-08-22,Nizamabad,Nizamabad North,1.8,23.2,30.0,80.2,98.1,0.0,1.3
2019-08-23,Nizamabad,Nizamabad North,12.0,23.2,31.6,68.0,97.0,0.0,0.1
2019-08-24,Nizamabad,Nizamabad North,0.0,23.6,29.3,74.0,93.2,0.0,0.1
2019-08-25,Nizamabad,Nizamabad North,0.0,24.2,33.5,57.0,88.0,0.0,0.1
2019-08-26,Nizamabad,Nizamabad North,0.0,23.3,31.1,63.0,91.0,0.0,0.1
2019-08-27,Nizamabad,Nizamabad North,2.0,23.4,31.5,65.0,95.0,0.0,0.1
2019-08-28,Nizamabad,Nizamabad North,0.0,24.4,31.7,56.0,94.0,0.0,0.1
2019-08-29,Nizamabad,Nizamabad North,0.0,23.5,31.8,54.0,82.8,0.0,0.2
2019-08-30,Nizamabad,Nizamabad North,0.0,25.1,34.7,64.0,78.8,0.0,0.1
2019-08-31,Nizamabad,Nizamabad North,10.0,23.6,33.5,61.0,97.0,0.0,0.2
2019-09-01,Nizamabad,Nizamabad North,22.0,23.1,30.5,70.0,97.0,0.0,0.3
2019-09-02,Nizamabad,Nizamabad North,16.5,22.1,28.5,79.0,97.3,0.0,0.3
2019-09-03,Nizamabad,Nizamabad North,15.0,23.0,25.5,84.0,98.0,0.0,0.1
2019-09-04,Nizamabad,Nizamabad North,3.5,23.0,28.0,84.0,98.8,0.0,0.1
2019-09-05,Nizamabad,Nizamabad North,0.0,23.7,28.6,82.0,96.3,0.0,0.1
2019-09-06,Nizamabad,Nizamabad North,19.0,23.2,31.0,69.0,89.7,0.0,0.1
2019-09-07,Nizamabad,Nizamabad North,32.3,22.9,28.6,92.0,96.8,0.0,0.7
2019-09-08,Nizamabad,Nizamabad North,0.0,24.1,29.0,78.0,96.6,0.0,0.2
2019-09-09,Nizamabad,Nizamabad North,2.5,24.0,29.9,76.0,93.0,0.0,0.1
