Date,District,Mandal,Rainfall (mm),temp_min (⁰C),temp_max (⁰C),humidity_min (%),Humidity_max (%),wind_speed_min (Kmph),wind_speed_max (Kmph)
2019-09-11,Nizamabad,Nizamabad_Rural,14.0,23.2,29.4,78.0,100.0,0.0,6.0
2019-09-12,Nizamabad,Nizamabad_Rural,7.0,23.1,28.9,79.0,100.0,0.0,0.5
2019-09-13,Nizamabad,Nizamabad_Rural,19.5,23.2,25.8,89.0,100.0,0.1,6.0
2019-09-14,Nizamabad,Nizamabad_Rural,0.0,22.6,30.5,90.0,100.0,0.0,12.7
2019-09-15,Nizamabad,Nizamabad_Rural,1.0,23.6,31.1,77.0,100.0,0.0,0.4
2019-09-16,Nizamabad,Nizamabad_Rural,0.0,24.7,31.3,75.0,100.0,0.0,0.3
2019-09-17,Nizamabad,Nizamabad_Rural,0.0,24.2,30.1,78.0,100.0,0.0,0.2
2019-09-18 00:00:00,Nizamabad,Nizamabad_Rural,35.0,22.4,29.7,80.0,100.0,0.0,2.6
2019-09-19 00:00:00,Nizamabad,Nizamabad_Rural,0.0,23.3,28.6,84.0,100.0,0.0,0.2
2019-09-20 00:00:00,Nizamabad,Nizamabad_Rural,18.0,23.2,29.3,80.0,100.0,0.0,0.2
2019-09-21 00:00:00,Nizamabad,Nizamabad_Rural,65.5,22.9,31.1,69.0,100.0,0.0,5.4
2019-09-22 00:00:00,Nizamabad,Nizamabad_Rural,0.0,23.9,31.8,71.0,100.0,0.0,0.2
2019-09-23 00:00:00,Nizamabad,Nizamabad_Rural,0.0,23.2,33.3,75.0,96.0,0.0,0.1
2019-09-24 00:00:00,Nizamabad,Nizamabad_Rural,0.0,23.8,33.5,65.0,98.0,0.0,0.1
2019-09-25 00:00:00,Nizamabad,Nizamabad_Rural,3.0,23.4,32.2,70.0,100.0,0.0,0.2
2019-09-26 00:00:00,Nizamabad,Nizamabad_Rural,11.0,23.7,30.1,79.0,100.0,0.0,0.2
2019-09-27 00:00:00,Nizamabad,Nizamabad_Rural,24.5,23.3,30.5,76.0,100.0,0.0,0.3
2019-09-28 00:00:00,Nizamabad,Nizamabad_Rural,0.5,22.9,30.4,78.0,100.0,0.0,6.0
2019-09-29 00:00:00,Nizamabad,Nizamabad_Rural,0.0,22.5,30.6,76.0,100.0,0.0,0.2
2019-09-30 00:00:00,Nizamabad,Nizamabad_Rural,0.0,22.9,31.8,71.0,100.0,0.0,0.1
2019-10-01,Nizamabad,Nizamabad_Rural,0.0,23.2,31.8,84.0,100.0,0.0,0.2
2019-10-02,Nizamabad,Nizamabad_Rural,0.0,23.2,31.0,71.0,100.0,0.0,0.2
2019-10-03,Nizamabad,Nizamabad_Rural,0.0,23.7,31.7,64.0,100.0,0.0,0.1
2019-10-04,Nizamabad,Nizamabad_Rural,0.0,23.3,30.8,67.0,100.0,0.0,0.1
2019-10-05,Nizamabad,Nizamabad_Rural,0.0,22.2,31.1,76.0,100.0,0.0,0.1
2019-10-06,Nizamabad,Nizamabad_Rural,0.0,23.7,32.1,63.0,100.0,0.0,0.1
2019-10-07,Nizamabad,Nizamabad_Rural,0.0,22.5,31.3,65.0,100.0,0.0,0.2
2019-10-08,Nizamabad,Nizamabad_Rural,0.0,23.0,31.5,63.0,100.0,0.0,0.1
2019-10-09,Nizamabad,Nizamabad_Rural,0.0,23.0,31.3,62.0,98.0,0.0,0.1
2019-10-10,Nizamabad,Nizamabad_Rural,0.0,22.9,31.6,64.0,100.0,0.0,0.1
2019-10-11,Nizamabad,Nizamabad_Rural,75.0,21.3,32.4,64.0,100.0,0.0,6.0
2019-10-12,Nizamabad,Nizamabad_Rural,1.5,23.2,29.1,78.0,100.0,0.0,0.2
2019-10-13,Nizamabad,Nizamabad_Rural,0.0,22.6,30.8,68.0,100.0,0.0,0.2
2019-10-14,Nizamabad,Nizamabad_Rural,0.0,22.6,31.2,64.0,100.0,0.0,0.2
2019-10-15,Nizamabad,Nizamabad_Rural,0.0,20.9,31.4,63.0,100.0,0.0,0.1
2019-10-16,Nizamabad,Nizamabad_Rural,0.0,20.1,31.1,62.0,99.0,0.0,0.1
2019-10-17,Nizamabad,Nizamabad_Rural,0.0,21.5,30.5,60.0,99.0,0.0,0.2
2019-10-18,Nizamabad,Nizamabad_Rural,0.0,22.7,30.9,61.0,100.0,0.0,0.1
2019-10-19,Nizamabad,Nizamabad_Rural,55.3,21.1,29.7,67.0,100.0,0.0,0.1
2019-10-20,Nizamabad,Nizamabad_Rural,0.0,22.4,27.9,80.5,100.0,0.3,11.2
2019-10-21,Nizamabad,Nizamabad_Rural,21.5,21.8,30.0,96.0,100.0,0.3,11.2
2019-10-22,Nizamabad,Nizamabad_Rural,0.0,21.7,27.8,83.0,100.0,0.0,0.1
2019-10-23,Nizamabad,Nizamabad_Rural,0.0,22.2,30.0,65.0,99.0,0.0,0.1
2019-10-24,Nizamabad,Nizamabad_Rural,0.0,22.4,30.0,68.0,98.0,0.0,0.2
2019-10-25,Nizamabad,Nizamabad_Rural,13.0,22.3,32.4,71.0,99.0,0.0,0.3
2019-10-26,Nizamabad,Nizamabad_Rural,1.0,23.3,29.2,69.0,98.0,0.0,0.3
2019-10-27,Nizamabad,Nizamabad_Rural,0.0,22.3,31.3,62.0,98.0,0.0,0.3
2019-10-28,Nizamabad,Nizamabad_Rural,9.0,22.0,30.7,63.0,98.0,0.0,0.2
2019-10-29,Nizamabad,Nizamabad_Rural,0.0,22.4,30.7,70.0,99.0,0.0,0.1
2019-10-30,Nizamabad,Nizamabad_Rural,0.0,22.0,30.4,67.0,99.0,0.0,0.1
2019-10-31,Nizamabad,Nizamabad_Rural,21.5,22.1,30.5,73.0,97.0,0.0,0.1
2019-11-01,Nizamabad,Nizamabad_Rural,1.5,22.9,28.7,74.0,99.0,0.0,0.1
2019-11-02,Nizamabad,Nizamabad_Rural,0.0,22.5,30.6,67.0,99.0,0.0,0.2
2019-11-03,Nizamabad,Nizamabad_Rural,0.0,21.7,31.7,64.0,99.0,0.0,0.3
2019-11-04,Nizamabad,Nizamabad_Rural,0.0,21.5,31.8,58.0,99.0,0.0,0.1
2019-11-05,Nizamabad,Nizamabad_Rural,0.0,20.9,31.5,56.0,98.0,0.0,0.1
2019-11-06,Nizamabad,Nizamabad_Rural,0.0,21.0,31.5,54.0,98.0,0.0,0.1
2019-11-07,Nizamabad,Nizamabad_Rural,0.0,20.6,33.6,54.0,98.0,0.0,0.1
2019-11-08,Nizamabad,Nizamabad_Rural,0.5,21.7,33.1,63.0,83.9,0.0,0.0
2019-11-09,Nizamabad,Nizamabad_Rural,0.0,21.3,30.7,57.0,98.0,0.0,0.2
2019-11-10,Nizamabad,Nizamabad_Rural,0.0,19.1,30.1,60.0,99.0,0.0,0.2
2019-11-11,Nizamabad,Nizamabad_Rural,0.0,18.0,30.5,45.0,99.0,0.0,0.2
2019-11-12,Nizamabad,Nizamabad_Rural,0.0,18.2,30.4,56.0,85.7,0.0,0.2
2019-11-13,Nizamabad,Nizamabad_Rural,0.0,17.0,30.4,42.0,98.0,0.0,0.2
2019-11-14,Nizamabad,Nizamabad_Rural,0.0,16.8,30.4,41.0,98.0,0.0,0.2
2019-11-15,Nizamabad,Nizamabad_Rural,0.0,18.8,30.7,55.0,98.0,0.0,0.1
2019-11-16,Nizamabad,Nizamabad_Rural,0.0,18.2,31.7,44.0,93.0,0.0,0.3
2019-11-17,Nizamabad,Nizamabad_Rural,0.0,18.3,30.4,50.0,97.0,0.0,0.3
2019-11-18,Nizamabad,Nizamabad_Rural,0.0,16.1,30.6,45.0,87.0,0.0,0.3
2019-11-19,Nizamabad,Nizamabad_Rural,0.0,17.0,31.3,38.7,99.5,0.0,7.6
2019-11-20,Nizamabad,Nizamabad_Rural,0.0,16.6,32.0,48.0,98.0,0.0,0.2
2019-11-21,Nizamabad,Nizamabad_Rural,0.0,16.9,29.9,46.0,98.0,0.0,0.2
2019-11-22,Nizamabad,Nizamabad_Rural,0.0,17.2,29.5,54.0,98.0,0.0,0.2
2019-11-23,Nizamabad,Nizamabad_Rural,0.0,16.1,32.7,41.5,99.7,0.0,3.8
2019-11-24,Nizamabad,Nizamabad_Rural,0.0,14.9,30.6,43.5,98.0,0.0,0.2
2019-11-25,Nizamabad,Nizamabad_Rural,0.0,16.0,29.4,44.0,97.0,0.0,0.2
2019-11-26,Nizamabad,Nizamabad_Rural,0.0,16.1,31.0,46.0,98.0,0.0,0.2
2019-11-27,Nizamabad,Nizamabad_Rural,0.0,17.0,32.4,68.7,87.2,0.0,4.3
2019-11-28,Nizamabad,Nizamabad_Rural,0.0,16.6,31.2,49.5,99.7,0.0,5.3
2019-11-29,Nizamabad,Nizamabad_Rural,0.0,18.2,32.0,48.0,98.0,0.0,0.1
2019-11-30,Nizamabad,Nizamabad_Rural,0.0,19.0,29.9,54.0,98.0,0.0,0.2
2019-12-01,Nizamabad,Nizamabad_Rural,0.0,18.8,31.2,76.3,87.5,0.0,4.5
2019-12-02,Nizamabad,Nizamabad_Rural,0.0,21.3,33.7,51.3,84.6,0.0,0.2
2019-12-03,Nizamabad,Nizamabad_Rural,0.0,20.5,31.4,62.0,97.0,0.0,0.2
2019-12-04,Nizamabad,Nizamabad_Rural,0.0,18.3,31.1,58.0,97.0,0.0,0.1
2019-12-05,Nizamabad,Nizamabad_Rural,0.0,17.3,29.4,51.0,96.0,0.0,0.3
2019-12-06,Nizamabad,Nizamabad_Rural,0.0,14.5,29.5,48.0,97.0,0.0,0.2
2019-12-07,Nizamabad,Nizamabad_Rural,0.0,14.7,27.8,42.0,97.0,0.0,0.2
2019-12-08,Nizamabad,Nizamabad_Rural,0.0,15.8,28.2,52.0,99.2,0.0,5.2
2019-12-09,Nizamabad,Nizamabad_Rural,0.0,17.6,29.7,55.2,99.1,0.0,5.4
2019-12-10,Nizamabad,Nizamabad_Rural,0.0,16.4,30.3,51.2,99.5,0.0,5.4
2019-12-11,Nizamabad,Nizamabad_Rural,0.0,15.7,29.6,49.0,97.0,0.0,0.2
2019-12-12,Nizamabad,Nizamabad_Rural,0.0,15.5,29.5,46.0,92.0,0.0,0.2
2019-12-13,Nizamabad,Nizamabad_Rural,0.0,18.9,28.3,51.0,87.0,0.0,0.2
2019-12-14,Nizamabad,Nizamabad_Rural,0.0,18.2,30.1,47.0,92.0,0.0,0.1
2019-12-15,Nizamabad,Nizamabad_Rural,0.0,17.2,31.6,47.8,99.4,0.0,4.6
2019-12-16,Nizamabad,Nizamabad_Rural,0.0,16.6,33.5,40.2,99.0,0.0,5.6
2019-12-17,Nizamabad,Nizamabad_Rural,0.0,18.0,32.1,50.0,95.0,0.0,0.2
2019-12-18,Nizamabad,Nizamabad_Rural,0.0,17.4,28.9,61.0,97.0,0.0,0.2
2019-12-19,Nizamabad,Nizamabad_Rural,0.0,15.8,28.2,52.0,97.0,0.0,0.2
2019-12-20,Nizamabad,Nizamabad_Rural,0.0,15.9,28.0,50.0,96.0,0.0,0.2
2019-12-21,Nizamabad,Nizamabad_Rural,0.0,17.0,28.2,48.0,95.4,0.0,0.2
2019-12-22,Nizamabad,Nizamabad_Rural,0.0,17.6,28.7,45.0,95.8,0.0,0.1
2019-12-23,Nizamabad,Nizamabad_Rural,0.0,17.2,31.2,48.9,95.0,0.0,0.2
2019-12-24,Nizamabad,Nizamabad_Rural,0.0,16.5,30.9,49.0,95.0,0.0,0.2
2019-12-25,Nizamabad,Nizamabad_Rural,0.0,20.5,31.4,49.0,86.5,0.0,0.2
2019-12-26,Nizamabad,Nizamabad_Rural,1.0,20.8,29.8,50.0,93.0,0.0,0.2
2019-12-27,Nizamabad,Nizamabad_Rural,1.0,21.1,25.5,76.0,95.6,0.0,0.1
2019-12-28,Nizamabad,Nizamabad_Rural,0.0,15.3,25.6,64.6,97.5,0.0,6.8
2019-12-29,Nizamabad,Nizamabad_Rural,0.0,14.2,25.7,43.1,75.6,0.0,5.1
2019-12-30,Nizamabad,Nizamabad_Rural,0.0,14.9,26.6,38.1,90.7,0.0,4.1
2019-12-31,Nizamabad,Nizamabad_Rural,0.0,18.0,28.0,53.7,96.4,0.0,4.3
