Date,District,Mandal,Rainfall (mm),temp_min (⁰C),temp_max (⁰C),humidity_min (%),Humidity_max (%),wind_speed_min (Kmph),wind_speed_max (Kmph)
2019-09-11,Nizamabad,Nizamabad_North,1.5,23.5,32.0,71.0,92.0,0.0,0.2
2019-09-12,Nizamabad,Nizamabad_North,3.0,23.2,29.9,71.0,97.0,0.0,0.1
2019-09-13,Nizamabad,Nizamabad_North,17.5,23.1,27.7,80.0,98.0,0.0,0.2
2019-09-14,Nizamabad,Nizamabad_North,4.3,22.7,31.7,86.0,95.2,0.0,0.8
2019-09-15,Nizamabad,Nizamabad_North,2.0,23.8,31.4,70.0,94.8,0.0,0.1
2019-09-16,Nizamabad,Nizamabad_North,1.0,24.9,31.7,68.0,99.7,0.0,0.1
2019-09-17,Nizamabad,Nizamabad_North,0.0,24.6,30.0,70.0,95.6,0.0,0.1
2019-09-18 00:00:00,Nizamabad,Nizamabad_North,44.5,22.5,30.3,75.0,99.0,0.0,0.3
2019-09-19 00:00:00,Nizamabad,Nizamabad_North,0.5,23.6,28.7,85.0,99.3,0.0,0.2
2019-09-20 00:00:00,Nizamabad,Nizamabad_North,21.0,23.0,30.7,72.0,99.0,0.0,0.2
2019-09-21 00:00:00,Nizamabad,Nizamabad_North,73.0,23.2,31.2,63.0,99.3,0.0,0.3
2019-09-22 00:00:00,Nizamabad,Nizamabad_North,0.0,24.3,31.0,65.0,99.3,0.0,0.2
2019-09-23 00:00:00,Nizamabad,Nizamabad_North,0.0,23.5,32.4,60.0,91.0,0.0,0.1
2019-09-24 00:00:00,Nizamabad,Nizamabad_North,0.0,24.0,33.9,64.0,97.0,0.0,0.1
2019-09-25 00:00:00,Nizamabad,Nizamabad_North,4.0,23.4,31.7,69.0,98.0,0.0,0.1
2019-09-26 00:00:00,Nizamabad,Nizamabad_North,16.5,23.8,30.4,71.0,99.0,0.0,0.1
2019-09-27 00:00:00,Nizamabad,Nizamabad_North,2.0,23.5,31.1,69.0,98.5,0.0,0.1
2019-09-28 00:00:00,Nizamabad,Nizamabad_North,1.0,23.3,31.4,65.0,99.8,0.0,0.5
2019-09-29 00:00:00,Nizamabad,Nizamabad_North,0.0,23.5,30.4,67.0,96.0,0.0,0.1
2019-09-30 00:00:00,Nizamabad,Nizamabad_North,0.0,22.4,32.4,60.0,84.5,0.0,0.1
2019-10-01,Nizamabad,Nizamabad_North,0.5,23.4,32.1,67.4,95.0,0.0,0.1
2019-10-02,Nizamabad,Nizamabad_North,20.5,23.5,33.2,60.0,97.0,0.0,1.1
2019-10-03,Nizamabad,Nizamabad_North,0.0,24.1,32.3,61.0,98.0,0.0,0.1
2019-10-04,Nizamabad,Nizamabad_North,0.0,24.3,32.9,63.0,93.0,0.0,0.1
2019-10-05,Nizamabad,Nizamabad_North,0.0,23.6,33.5,68.0,92.0,0.0,0.1
2019-10-06,Nizamabad,Nizamabad_North,0.0,23.1,33.3,57.0,86.7,0.0,0.1
2019-10-07,Nizamabad,Nizamabad_North,0.0,23.0,32.2,62.0,94.0,0.0,0.1
2019-10-08,Nizamabad,Nizamabad_North,0.0,23.8,33.4,53.0,96.0,0.0,0.1
2019-10-09,Nizamabad,Nizamabad_North,0.0,23.6,31.4,63.0,97.0,0.0,0.1
2019-10-10,Nizamabad,Nizamabad_North,0.0,23.9,33.3,59.0,95.0,0.0,0.2
2019-10-11,Nizamabad,Nizamabad_North,40.0,21.7,32.5,63.0,99.0,0.0,0.2
2019-10-12,Nizamabad,Nizamabad_North,1.0,23.0,31.3,71.0,99.1,0.0,0.1
2019-10-13,Nizamabad,Nizamabad_North,0.0,22.9,32.7,62.0,98.0,0.0,0.2
2019-10-14,Nizamabad,Nizamabad_North,0.0,23.2,32.0,60.0,98.0,0.0,0.1
2019-10-15,Nizamabad,Nizamabad_North,0.0,22.3,33.0,60.0,97.0,0.0,0.1
2019-10-16,Nizamabad,Nizamabad_North,0.0,22.0,31.9,57.0,98.0,0.0,0.1
2019-10-17,Nizamabad,Nizamabad_North,0.0,22.6,32.1,59.0,97.0,0.0,0.1
2019-10-18,Nizamabad,Nizamabad_North,9.0,22.8,32.7,57.0,97.0,0.0,0.3
2019-10-19,Nizamabad,Nizamabad_North,56.4,21.7,29.5,68.0,98.6,0.0,0.1
2019-10-20,Nizamabad,Nizamabad_North,0.0,23.8,30.9,80.1,99.9,0.9,13.3
2019-10-21,Nizamabad,Nizamabad_North,27.5,22.1,30.1,79.0,99.9,0.9,13.3
2019-10-22,Nizamabad,Nizamabad_North,3.2,22.4,30.1,89.1,99.3,0.0,0.1
2019-10-23,Nizamabad,Nizamabad_North,0.0,22.6,31.4,64.0,99.3,0.0,0.1
2019-10-24,Nizamabad,Nizamabad_North,1.0,22.8,30.9,63.0,97.0,0.0,0.1
2019-10-25,Nizamabad,Nizamabad_North,24.0,22.2,32.4,71.0,99.0,0.0,0.1
2019-10-26,Nizamabad,Nizamabad_North,0.0,23.5,30.3,69.0,99.5,0.0,0.1
2019-10-27,Nizamabad,Nizamabad_North,0.0,23.2,31.8,56.0,98.0,0.0,0.7
2019-10-28,Nizamabad,Nizamabad_North,19.5,22.3,31.6,59.0,99.0,0.0,0.3
2019-10-29,Nizamabad,Nizamabad_North,0.0,23.9,31.5,62.0,97.0,0.0,1.6
2019-10-30,Nizamabad,Nizamabad_North,0.0,23.2,30.6,63.0,98.0,0.0,0.1
2019-10-31,Nizamabad,Nizamabad_North,1.0,22.0,30.2,76.0,97.0,0.0,0.1
2019-11-01,Nizamabad,Nizamabad_North,3.5,22.7,28.4,74.0,99.0,0.0,0.1
2019-11-02,Nizamabad,Nizamabad_North,0.0,23.0,31.2,62.0,98.0,0.0,0.2
2019-11-03,Nizamabad,Nizamabad_North,0.0,22.2,31.9,62.0,98.0,0.0,0.1
2019-11-04,Nizamabad,Nizamabad_North,0.0,22.3,32.5,59.0,98.0,0.0,0.1
2019-11-05,Nizamabad,Nizamabad_North,0.0,21.7,33.1,56.0,97.0,0.0,0.1
2019-11-06,Nizamabad,Nizamabad_North,0.0,21.6,32.7,50.0,96.0,0.0,0.1
2019-11-07,Nizamabad,Nizamabad_North,0.0,21.7,33.2,55.0,95.0,0.0,0.1
2019-11-08,Nizamabad,Nizamabad_North,3.0,21.9,34.2,53.0,83.1,0.0,0.1
2019-11-09,Nizamabad,Nizamabad_North,0.0,22.1,31.8,59.0,95.0,0.0,0.1
2019-11-10,Nizamabad,Nizamabad_North,0.0,20.2,31.3,58.0,97.0,0.0,0.1
2019-11-11,Nizamabad,Nizamabad_North,0.0,19.6,32.7,45.0,96.0,0.0,0.1
2019-11-12,Nizamabad,Nizamabad_North,0.0,19.9,33.0,50.0,90.3,0.0,0.1
2019-11-13,Nizamabad,Nizamabad_North,0.0,18.3,31.9,42.0,96.0,0.0,0.1
2019-11-14,Nizamabad,Nizamabad_North,0.0,18.5,30.7,40.0,95.0,0.0,0.1
2019-11-15,Nizamabad,Nizamabad_North,0.0,20.3,30.7,49.0,94.0,0.0,0.1
2019-11-16,Nizamabad,Nizamabad_North,0.0,21.8,31.4,43.0,83.0,0.0,0.1
2019-11-17,Nizamabad,Nizamabad_North,0.0,19.8,32.6,48.0,95.0,0.0,0.1
2019-11-18,Nizamabad,Nizamabad_North,0.0,16.5,32.3,40.0,94.3,0.0,0.1
2019-11-19,Nizamabad,Nizamabad_North,0.0,17.1,32.4,42.9,95.7,0.0,0.3
2019-11-20,Nizamabad,Nizamabad_North,0.0,18.1,31.9,45.0,94.0,0.0,0.1
2019-11-21,Nizamabad,Nizamabad_North,0.0,19.2,31.5,42.0,94.0,0.0,0.1
2019-11-22,Nizamabad,Nizamabad_North,0.0,18.8,30.3,53.0,96.0,0.0,0.1
2019-11-23,Nizamabad,Nizamabad_North,0.0,16.0,32.7,46.6,97.3,-1.0,-1.0
2019-11-24,Nizamabad,Nizamabad_North,0.0,16.4,31.7,40.0,95.0,0.0,0.1
2019-11-25,Nizamabad,Nizamabad_North,0.0,17.8,30.3,41.0,95.0,0.0,0.1
2019-11-26,Nizamabad,Nizamabad_North,0.0,18.8,31.0,38.0,96.0,0.0,0.1
2019-11-27,Nizamabad,Nizamabad_North,0.0,17.0,31.9,57.7,88.5,-1.0,-1.0
2019-11-28,Nizamabad,Nizamabad_North,0.0,17.9,31.9,49.4,97.2,-1.0,-1.0
2019-11-29,Nizamabad,Nizamabad_North,0.0,19.5,32.6,48.0,94.0,0.0,0.6
2019-11-30,Nizamabad,Nizamabad_North,0.0,20.1,31.9,51.0,96.0,0.0,0.1
2019-12-01,Nizamabad,Nizamabad_North,0.0,18.4,31.7,77.0,84.3,-1.0,-1.0
2019-12-02,Nizamabad,Nizamabad_North,0.0,22.0,32.1,50.0,82.9,0.0,0.1
2019-12-03,Nizamabad,Nizamabad_North,0.0,21.9,28.3,67.0,93.0,0.0,0.1
2019-12-04,Nizamabad,Nizamabad_North,0.0,20.1,29.7,56.0,94.0,0.0,0.1
2019-12-05,Nizamabad,Nizamabad_North,0.0,18.8,30.3,48.0,93.0,0.0,0.1
2019-12-06,Nizamabad,Nizamabad_North,0.0,16.3,30.2,43.0,95.0,0.0,0.2
2019-12-07,Nizamabad,Nizamabad_North,0.0,16.6,30.3,37.0,94.0,0.0,0.1
2019-12-08,Nizamabad,Nizamabad_North,0.0,15.8,30.1,48.6,95.6,,
2019-12-09,Nizamabad,Nizamabad_North,0.0,18.5,31.8,52.8,95.0,,
2019-12-10,Nizamabad,Nizamabad_North,0.0,16.8,30.4,52.8,95.5,,
2019-12-11,Nizamabad,Nizamabad_North,0.0,17.6,29.8,47.0,95.0,0.0,0.1
2019-12-12,Nizamabad,Nizamabad_North,0.0,17.8,30.2,42.0,86.0,0.0,0.1
2019-12-13,Nizamabad,Nizamabad_North,0.0,19.2,29.9,46.0,83.0,0.0,0.1
2019-12-14,Nizamabad,Nizamabad_North,0.0,19.2,30.7,38.0,91.0,0.0,0.1
2019-12-15,Nizamabad,Nizamabad_North,0.0,18.0,31.2,48.3,93.0,,
2019-12-16,Nizamabad,Nizamabad_North,0.0,16.6,32.7,40.5,93.5,,
2019-12-17,Nizamabad,Nizamabad_North,0.0,17.1,30.1,43.0,94.0,0.0,0.1
2019-12-18,Nizamabad,Nizamabad_North,0.0,17.8,30.4,54.0,97.0,0.0,0.1
2019-12-19,Nizamabad,Nizamabad_North,0.0,17.4,30.7,45.0,94.0,0.0,0.1
2019-12-20,Nizamabad,Nizamabad_North,0.0,16.8,31.0,41.0,94.0,0.0,0.2
2019-12-21,Nizamabad,Nizamabad_North,0.0,18.6,30.4,42.0,91.0,0.0,0.1
2019-12-22,Nizamabad,Nizamabad_North,0.0,19.5,30.4,42.0,85.0,0.0,0.2
2019-12-23,Nizamabad,Nizamabad_North,0.0,17.7,29.1,47.0,92.0,0.0,0.1
2019-12-24,Nizamabad,Nizamabad_North,0.0,17.1,29.4,39.0,93.0,0.0,0.1
2019-12-25,Nizamabad,Nizamabad_North,0.0,20.3,29.7,44.0,86.0,0.0,0.1
2019-12-26,Nizamabad,Nizamabad_North,0.0,21.1,30.4,45.0,90.0,0.0,0.1
2019-12-27,Nizamabad,Nizamabad_North,0.5,21.0,27.6,68.0,94.0,0.0,0.1
2019-12-28,Nizamabad,Nizamabad_North,0.0,15.5,27.4,51.5,96.2,0.0,2.5
2019-12-29,Nizamabad,Nizamabad_North,0.0,14.2,27.0,45.0,71.5,0.0,8.5
2019-12-30,Nizamabad,Nizamabad_North,0.0,15.8,27.4,40.1,79.3,0.0,7.8
2019-12-31,Nizamabad,Nizamabad_North,0.0,19.5,27.0,53.9,87.5,0.0,9.6
