Date,District,Mandal,Rainfall (mm),temp_min (⁰C),temp_max (⁰C),humidity_min (%),Humidity_max (%),wind_speed_min (Kmph),wind_speed_max (Kmph)
2019-09-11,Nizamabad,Nizamabad_South,1.2,23.7,33.8,72.9,100.0,0.0,1.3
2019-09-12,Nizamabad,Nizamabad_South,6.4,22.5,32.1,77.4,100.0,0.0,1.4
2019-09-13,Nizamabad,Nizamabad_South,19.5,22.8,29.6,90.4,100.0,0.0,2.4
2019-09-14,Nizamabad,Nizamabad_South,4.0,22.6,31.7,79.9,100.0,0.0,0.8
2019-09-15,Nizamabad,Nizamabad_South,3.8,23.0,33.9,63.6,100.0,0.0,0.3
2019-09-16,Nizamabad,Nizamabad_South,1.9,24.2,33.5,64.6,100.0,0.0,0.1
2019-09-17,Nizamabad,Nizamabad_South,0.0,23.9,32.8,75.9,100.0,0.0,0.1
2019-09-18 00:00:00,Nizamabad,Nizamabad_South,33.6,22.6,32.1,82.4,100.0,0.0,0.3
2019-09-19 00:00:00,Nizamabad,Nizamabad_South,13.7,23.4,29.9,93.4,100.0,0.0,0.2
2019-09-20 00:00:00,Nizamabad,Nizamabad_South,25.7,22.7,30.9,82.3,100.0,0.0,0.2
2019-09-21 00:00:00,Nizamabad,Nizamabad_South,80.3,23.1,34.9,56.6,100.0,0.0,0.3
2019-09-22 00:00:00,Nizamabad,Nizamabad_South,0.0,24.0,34.4,60.4,100.0,0.0,0.2
2019-09-23 00:00:00,Nizamabad,Nizamabad_South,0.0,23.7,35.4,62.5,100.0,0.0,0.1
2019-09-24 00:00:00,Nizamabad,Nizamabad_South,0.0,23.8,34.7,64.6,100.0,0.0,0.1
2019-09-25 00:00:00,Nizamabad,Nizamabad_South,4.1,23.1,32.8,62.5,100.0,0.0,0.1
2019-09-26 00:00:00,Nizamabad,Nizamabad_South,15.2,23.4,30.3,79.8,100.0,0.0,0.1
2019-09-27 00:00:00,Nizamabad,Nizamabad_South,9.3,22.6,32.3,76.4,100.0,0.0,0.3
2019-09-28 00:00:00,Nizamabad,Nizamabad_South,1.3,23.2,33.7,60.4,100.0,0.0,0.1
2019-09-29 00:00:00,Nizamabad,Nizamabad_South,0.0,22.6,33.5,63.6,100.0,0.0,0.1
2019-09-30 00:00:00,Nizamabad,Nizamabad_South,0.0,22.9,35.2,54.5,84.7,0.0,0.1
2019-10-01,Nizamabad,Nizamabad_South,1.2,23.6,34.1,60.8,100.0,0.0,0.1
2019-10-02,Nizamabad,Nizamabad_South,17.9,23.6,35.2,54.4,100.0,0.0,1.1
2019-10-03,Nizamabad,Nizamabad_South,0.0,23.6,35.3,48.4,100.0,0.0,0.1
2019-10-04,Nizamabad,Nizamabad_South,0.0,23.1,33.2,62.1,100.0,0.0,0.1
2019-10-05,Nizamabad,Nizamabad_South,0.0,22.0,34.1,53.4,100.0,0.0,0.1
2019-10-06,Nizamabad,Nizamabad_South,0.0,23.3,33.8,54.4,100.0,0.0,0.1
2019-10-07,Nizamabad,Nizamabad_South,0.0,22.2,32.9,56.7,100.0,0.0,0.1
2019-10-08,Nizamabad,Nizamabad_South,0.0,23.2,34.9,46.9,98.2,0.0,0.1
2019-10-09,Nizamabad,Nizamabad_South,0.0,23.2,32.8,56.8,98.2,0.0,0.1
2019-10-10,Nizamabad,Nizamabad_South,0.0,23.0,32.5,57.2,100.0,0.0,0.2
2019-10-11,Nizamabad,Nizamabad_South,40.1,21.5,33.0,60.5,100.0,0.0,0.2
2019-10-12,Nizamabad,Nizamabad_South,1.7,22.7,30.6,78.0,100.0,0.0,0.1
2019-10-13,Nizamabad,Nizamabad_South,0.0,22.9,35.1,61.8,99.9,0.0,0.2
2019-10-14,Nizamabad,Nizamabad_South,0.0,23.2,32.6,62.0,99.0,0.0,0.3
2019-10-15,Nizamabad,Nizamabad_South,0.0,21.9,34.7,63.1,98.5,0.0,0.1
2019-10-16,Nizamabad,Nizamabad_South,0.0,21.7,34.9,58.7,99.9,0.0,0.1
2019-10-17,Nizamabad,Nizamabad_South,0.0,22.7,33.2,62.8,99.9,0.0,0.1
2019-10-18,Nizamabad,Nizamabad_South,20.0,22.8,35.2,55.4,99.9,0.0,0.1
2019-10-19,Nizamabad,Nizamabad_South,55.9,22.3,32.2,80.7,99.9,-1.0,-1.0
2019-10-20,Nizamabad,Nizamabad_South,0.0,24.8,32.1,85.5,99.9,-1.0,-1.0
2019-10-21,Nizamabad,Nizamabad_South,18.5,22.2,30.9,79.7,99.9,-1.0,-1.0
2019-10-22,Nizamabad,Nizamabad_South,1.6,22.6,30.1,89.4,99.9,0.0,4.8
2019-10-23,Nizamabad,Nizamabad_South,0.0,22.8,32.7,69.9,99.9,0.0,4.1
2019-10-24,Nizamabad,Nizamabad_South,1.2,22.5,33.3,75.7,99.9,0.0,3.6
2019-10-25,Nizamabad,Nizamabad_South,22.0,22.2,32.9,72.1,99.9,0.0,2.1
2019-10-26,Nizamabad,Nizamabad_South,0.0,24.9,32.6,65.9,99.9,0.0,4.5
2019-10-27,Nizamabad,Nizamabad_South,0.0,23.1,35.6,56.2,99.9,0.0,4.3
2019-10-28,Nizamabad,Nizamabad_South,15.9,22.4,33.3,64.3,99.1,0.0,4.9
2019-10-29,Nizamabad,Nizamabad_South,0.0,24.8,32.6,70.9,99.9,0.0,4.0
2019-10-30,Nizamabad,Nizamabad_South,0.0,23.0,33.3,70.6,99.0,0.0,4.0
2019-10-31,Nizamabad,Nizamabad_South,0.6,22.0,30.1,80.5,98.4,0.0,3.5
2019-11-01,Nizamabad,Nizamabad_South,4.5,22.9,28.2,79.6,99.0,0.0,3.9
2019-11-02,Nizamabad,Nizamabad_South,0.0,22.7,32.6,63.1,99.0,0.0,3.8
2019-11-03,Nizamabad,Nizamabad_South,0.7,22.1,35.2,57.3,99.0,0.0,2.7
2019-11-04,Nizamabad,Nizamabad_South,0.0,22.1,31.7,58.8,99.1,0.0,1.6
2019-11-05,Nizamabad,Nizamabad_South,0.0,20.9,34.7,55.1,98.2,0.0,2.7
2019-11-06,Nizamabad,Nizamabad_South,0.0,21.2,32.6,48.8,98.1,0.0,2.0
2019-11-07,Nizamabad,Nizamabad_South,0.0,21.2,32.6,51.0,96.9,0.0,1.8
2019-11-08,Nizamabad,Nizamabad_South,5.5,22.0,33.4,49.5,84.3,0.0,3.1
2019-11-09,Nizamabad,Nizamabad_South,0.0,22.3,32.5,55.5,99.9,0.0,2.6
2019-11-10,Nizamabad,Nizamabad_South,0.0,19.6,32.6,56.2,99.9,0.0,0.3
2019-11-11,Nizamabad,Nizamabad_South,0.0,19.3,32.6,44.1,99.9,0.0,0.1
2019-11-12,Nizamabad,Nizamabad_South,0.0,21.8,33.0,51.1,99.9,0.0,0.1
2019-11-13,Nizamabad,Nizamabad_South,0.0,19.4,33.3,46.5,99.9,0.0,4.5
2019-11-14,Nizamabad,Nizamabad_South,0.0,20.4,30.8,41.8,99.9,0.0,0.1
2019-11-15,Nizamabad,Nizamabad_South,0.0,20.1,33.2,49.9,98.7,0.0,3.7
2019-11-16,Nizamabad,Nizamabad_South,0.0,21.8,33.1,42.6,99.9,0.0,2.7
2019-11-17,Nizamabad,Nizamabad_South,0.0,19.8,32.7,46.6,97.5,0.0,3.6
2019-11-18,Nizamabad,Nizamabad_South,0.0,16.8,32.6,40.3,99.9,0.0,3.9
2019-11-19,Nizamabad,Nizamabad_South,0.0,17.3,32.7,40.3,97.8,0.0,0.3
2019-11-20,Nizamabad,Nizamabad_South,0.0,17.7,32.6,46.8,96.4,0.0,3.1
2019-11-21,Nizamabad,Nizamabad_South,0.0,20.6,33.2,46.6,99.9,0.0,0.1
2019-11-22,Nizamabad,Nizamabad_South,0.0,18.5,33.3,54.6,99.9,0.0,3.0
2019-11-23,Nizamabad,Nizamabad_South,0.0,16.1,33.2,46.6,99.9,0.0,5.0
2019-11-24,Nizamabad,Nizamabad_South,0.0,18.4,32.8,38.0,99.9,0.0,3.3
2019-11-25,Nizamabad,Nizamabad_South,0.0,17.1,30.6,40.6,95.7,0.0,2.9
2019-11-26,Nizamabad,Nizamabad_South,0.0,17.8,30.4,42.4,96.8,0.0,3.8
2019-11-27,Nizamabad,Nizamabad_South,0.0,17.0,33.2,50.3,91.4,0.0,8.8
2019-11-28,Nizamabad,Nizamabad_South,0.0,18.3,33.2,44.2,99.9,0.0,7.1
2019-11-29,Nizamabad,Nizamabad_South,0.0,20.6,33.1,46.6,99.9,0.0,2.8
2019-11-30,Nizamabad,Nizamabad_South,0.0,20.0,32.6,50.8,95.3,0.0,3.6
2019-12-01,Nizamabad,Nizamabad_South,0.0,19.5,32.5,54.9,99.9,0.0,7.9
2019-12-02,Nizamabad,Nizamabad_South,0.0,22.6,33.2,47.0,90.1,0.0,2.7
2019-12-03,Nizamabad,Nizamabad_South,0.0,22.3,29.9,69.0,96.2,0.0,4.3
2019-12-04,Nizamabad,Nizamabad_South,0.0,19.5,30.7,54.6,94.3,0.0,3.0
2019-12-05,Nizamabad,Nizamabad_South,0.0,18.2,32.1,48.7,89.8,0.0,0.7
2019-12-06,Nizamabad,Nizamabad_South,0.0,16.4,30.2,46.2,96.3,0.0,4.6
2019-12-07,Nizamabad,Nizamabad_South,0.0,15.8,30.2,36.5,96.0,0.0,4.0
2019-12-08,Nizamabad,Nizamabad_South,0.0,16.5,30.1,48.6,98.6,0.0,6.3
2019-12-09,Nizamabad,Nizamabad_South,0.0,19.6,32.9,44.9,95.5,0.0,6.2
2019-12-10,Nizamabad,Nizamabad_South,0.0,17.6,30.1,50.1,97.7,0.0,6.3
2019-12-11,Nizamabad,Nizamabad_South,0.0,17.7,30.1,48.1,99.9,0.0,3.4
2019-12-12,Nizamabad,Nizamabad_South,0.0,17.0,32.7,42.8,90.7,0.0,2.9
2019-12-13,Nizamabad,Nizamabad_South,0.0,19.3,29.6,45.6,82.3,0.0,4.3
2019-12-14,Nizamabad,Nizamabad_South,0.0,19.0,30.9,39.4,89.4,0.0,4.5
2019-12-15,Nizamabad,Nizamabad_South,0.0,18.0,30.7,43.2,96.5,0.0,5.0
2019-12-16,Nizamabad,Nizamabad_South,0.0,17.0,31.8,40.8,96.4,0.0,8.6
2019-12-17,Nizamabad,Nizamabad_South,0.0,17.3,30.0,42.2,96.5,0.0,4.0
2019-12-18,Nizamabad,Nizamabad_South,0.0,17.7,30.1,56.0,99.9,0.0,3.5
2019-12-19,Nizamabad,Nizamabad_South,0.0,16.8,30.1,46.5,95.8,0.0,1.9
2019-12-20,Nizamabad,Nizamabad_South,0.0,19.3,30.3,46.5,99.9,0.0,4.3
2019-12-21,Nizamabad,Nizamabad_South,0.0,18.3,30.1,45.3,99.9,0.0,3.6
2019-12-22,Nizamabad,Nizamabad_South,0.0,21.8,32.3,45.0,90.3,0.0,0.1
2019-12-23,Nizamabad,Nizamabad_South,0.0,17.6,30.5,47.6,91.3,0.0,5.2
2019-12-24,Nizamabad,Nizamabad_South,0.0,17.6,32.3,40.9,97.8,0.0,5.8
2019-12-25,Nizamabad,Nizamabad_South,0.0,19.7,30.1,45.5,84.8,0.0,7.9
2019-12-26,Nizamabad,Nizamabad_South,0.0,21.7,32.6,41.8,96.2,0.0,5.6
2019-12-27,Nizamabad,Nizamabad_South,0.0,21.2,27.5,69.9,98.9,0.0,3.3
2019-12-28,Nizamabad,Nizamabad_South,0.0,16.2,28.2,45.1,97.2,0.0,0.3
2019-12-29,Nizamabad,Nizamabad_South,0.0,14.6,27.9,40.7,68.0,0.0,8.7
2019-12-30,Nizamabad,Nizamabad_South,0.0,16.0,26.6,33.3,73.9,0.0,9.3
2019-12-31,Nizamabad,Nizamabad_South,0.0,19.5,27.4,48.4,85.3,0.0,9.7
