Date,District,Mandal,Rainfall (mm),temp_min (⁰C),temp_max (⁰C),humidity_min (%),Humidity_max (%),wind_speed_min (Kmph),wind_speed_max (Kmph)
2019-01-01,Nizamabad,Nizamabad South,0.0,11.6,29.5,24.5,99.7,0.0,9.4
2019-01-02,Nizamabad,Nizamabad South,0.0,10.8,32.6,22.7,99.9,0.0,9.0
2019-01-03,Nizamabad,Nizamabad South,0.0,14.2,34.6,16.8,96.1,0.0,8.3
2019-01-04,Nizamabad,Nizamabad South,0.0,14.2,34.6,21.8,99.9,0.0,6.2
2019-01-05,Nizamabad,Nizamabad South,0.0,15.2,34.6,25.6,99.9,0.0,9.5
2019-01-06,Nizamabad,Nizamabad South,0.0,16.3,34.6,31.4,99.9,0.0,10.9
2019-01-07,Nizamabad,Nizamabad South,0.0,15.4,34.6,34.2,99.9,0.0,8.0
2019-01-08,Nizamabad,Nizamabad South,0.0,13.8,32.1,46.1,98.0,0.0,6.9
2019-01-09,Nizamabad,Nizamabad South,0.0,14.2,29.9,30.8,99.9,0.0,13.3
2019-01-10,Nizamabad,Nizamabad South,0.0,11.5,32.1,23.8,93.4,0.0,9.7
2019-01-11,Nizamabad,Nizamabad South,0.0,16.7,32.1,27.2,94.1,0.0,12.0
2019-01-12,Nizamabad,Nizamabad South,0.0,17.7,34.6,29.7,98.8,0.0,13.4
2019-01-13,Nizamabad,Nizamabad South,0.0,20.7,34.6,46.6,95.5,0.0,8.2
2019-01-14,Nizamabad,Nizamabad South,0.0,16.6,32.1,51.3,95.5,0.0,10.4
2019-01-15,Nizamabad,Nizamabad South,0.0,19.1,32.6,46.5,92.1,0.0,9.6
2019-01-16,Nizamabad,Nizamabad South,0.0,15.8,32.1,45.6,99.9,0.0,8.2
2019-01-17,Nizamabad,Nizamabad South,0.0,15.3,32.4,39.1,94.1,0.0,9.0
2019-01-18,Nizamabad,Nizamabad South,0.0,16.7,34.6,26.1,94.1,0.0,0.1
2019-01-19,Nizamabad,Nizamabad South,0.0,16.7,32.4,39.1,99.9,0.0,9.2
2019-01-20,Nizamabad,Nizamabad South,0.0,16.0,34.6,39.1,99.9,0.0,11.4
2019-01-21,Nizamabad,Nizamabad South,0.0,14.8,30.4,38.5,94.4,0.0,10.7
2019-01-22,Nizamabad,Nizamabad South,0.0,21.8,34.6,22.9,75.3,0.0,11.9
2019-01-23,Nizamabad,Nizamabad South,0.0,18.7,35.1,22.9,88.8,0.0,10.4
2019-01-24,Nizamabad,Nizamabad South,0.0,21.8,34.6,39.4,89.0,0.0,10.2
2019-01-25,Nizamabad,Nizamabad South,1.3,21.8,33.1,30.9,97.3,0.0,13.5
2019-01-26,Nizamabad,Nizamabad South,0.0,20.0,32.1,55.2,99.2,0.0,0.1
2019-01-27,Nizamabad,Nizamabad South,0.0,20.1,26.9,83.6,97.4,0.0,0.1
2019-01-28,Nizamabad,Nizamabad South,0.0,17.3,26.9,75.5,96.2,0.0,0.1
2019-01-29,Nizamabad,Nizamabad South,0.0,13.9,29.5,52.7,93.7,0.0,0.1
2019-01-30,Nizamabad,Nizamabad South,0.0,9.8,27.3,32.1,92.8,0.0,1.4
2019-01-31,Nizamabad,Nizamabad South,0.0,14.2,29.5,22.5,82.2,0.0,0.4
2019-02-01,Nizamabad,Nizamabad South,0.0,16.4,32.8,33.7,97.0,0.0,10.2
2019-02-02,Nizamabad,Nizamabad South,0.0,17.7,34.6,39.4,92.6,0.0,0.1
2019-02-03,Nizamabad,Nizamabad South,0.0,16.9,34.6,32.2,94.4,0.0,0.1
2019-02-04,Nizamabad,Nizamabad South,0.0,17.7,33.1,33.4,93.1,0.0,12.4
2019-02-05,Nizamabad,Nizamabad South,0.0,19.3,34.8,30.7,90.2,0.0,0.3
2019-02-06,Nizamabad,Nizamabad South,0.0,19.3,35.1,33.9,88.8,0.0,0.2
2019-02-07,Nizamabad,Nizamabad South,0.0,22.4,35.3,30.7,82.2,0.0,0.1
2019-02-08,Nizamabad,Nizamabad South,0.0,20.7,35.5,35.2,69.4,0.0,0.3
2019-02-09,Nizamabad,Nizamabad South,0.0,11.4,32.1,32.0,71.2,0.0,0.1
2019-02-10,Nizamabad,Nizamabad South,0.0,14.2,29.5,24.5,74.1,0.0,0.3
2019-02-11,Nizamabad,Nizamabad South,0.0,18.7,32.1,25.7,71.5,0.0,0.8
2019-02-12,Nizamabad,Nizamabad South,0.0,20.4,35.7,45.9,90.5,0.0,13.5
2019-02-13,Nizamabad,Nizamabad South,0.0,18.9,35.4,42.7,96.3,0.0,0.3
2019-02-14,Nizamabad,Nizamabad South,0.0,19.3,35.2,30.8,94.8,0.0,0.2
2019-02-15,Nizamabad,Nizamabad South,0.0,19.4,36.8,23.0,75.3,0.0,0.1
2019-02-16,Nizamabad,Nizamabad South,0.0,18.3,35.8,35.3,62.2,0.0,9.5
2019-02-17,Nizamabad,Nizamabad South,0.0,16.7,35.2,21.0,76.2,0.0,11.2
2019-02-18,Nizamabad,Nizamabad South,0.0,16.9,32.3,30.1,95.8,0.0,0.2
2019-02-19,Nizamabad,Nizamabad South,0.0,17.7,33.6,23.4,81.1,0.0,2.0
2019-02-20,Nizamabad,Nizamabad South,0.0,22.6,37.2,31.8,74.5,0.0,0.8
2019-02-21,Nizamabad,Nizamabad South,0.0,21.6,36.4,28.2,76.8,0.0,0.6
2019-02-22,Nizamabad,Nizamabad South,0.0,20.4,37.8,28.5,75.3,0.0,0.9
2019-02-23,Nizamabad,Nizamabad South,0.0,21.2,37.5,21.3,71.9,0.0,0.6
2019-02-24,Nizamabad,Nizamabad South,0.0,21.1,37.9,20.5,68.1,0.0,0.4
2019-02-25,Nizamabad,Nizamabad South,0.0,20.6,38.3,20.5,47.7,0.0,0.6
2019-02-26,Nizamabad,Nizamabad South,0.0,18.9,35.1,15.3,50.9,0.0,3.6
2019-02-27,Nizamabad,Nizamabad South,0.0,16.6,35.4,14.5,64.2,0.0,0.4
2019-02-28,Nizamabad,Nizamabad South,0.0,16.3,35.8,15.1,60.5,0.0,1.4
2019-03-01,Nizamabad,Nizamabad South,0.0,17.7,34.3,20.7,68.3,0.0,0.3
2019-03-02,Nizamabad,Nizamabad South,0.0,21.4,34.4,28.5,79.3,0.0,1.3
2019-03-03,Nizamabad,Nizamabad South,0.0,23.9,35.1,37.3,70.4,0.0,2.2
2019-03-04,Nizamabad,Nizamabad South,0.0,21.2,38.2,24.0,72.8,0.0,0.3
2019-03-05,Nizamabad,Nizamabad South,0.0,21.8,37.7,19.2,56.9,0.0,1.5
2019-03-06,Nizamabad,Nizamabad South,0.0,16.8,34.8,19.6,60.2,0.0,2.7
2019-03-07,Nizamabad,Nizamabad South,0.0,16.4,35.2,17.3,70.8,0.0,0.9
2019-03-08,Nizamabad,Nizamabad South,0.0,16.0,35.0,17.4,100.0,0.0,9.7
2019-03-09,Nizamabad,Nizamabad South,0.0,17.6,36.7,14.1,100.0,0.0,1.4
2019-03-10,Nizamabad,Nizamabad South,0.0,20.4,38.9,13.7,67.0,0.0,0.3
2019-03-11,Nizamabad,Nizamabad South,0.0,22.8,37.1,18.1,72.0,0.0,7.6
2019-03-12,Nizamabad,Nizamabad South,0.0,25.3,38.2,20.6,63.2,0.0,0.4
2019-03-13,Nizamabad,Nizamabad South,0.0,24.5,37.1,30.0,60.8,0.0,14.6
2019-03-14,Nizamabad,Nizamabad South,0.0,21.4,36.9,26.9,66.4,0.0,13.5
2019-03-15,Nizamabad,Nizamabad South,0.0,21.5,36.8,19.1,50.9,0.0,6.2
2019-03-16,Nizamabad,Nizamabad South,0.0,22.0,36.9,21.7,48.0,0.0,8.5
2019-03-17,Nizamabad,Nizamabad South,0.0,22.1,38.3,17.7,53.9,0.0,0.1
2019-03-18,Nizamabad,Nizamabad South,0.0,24.6,37.0,21.6,56.5,0.0,11.4
2019-03-19,Nizamabad,Nizamabad South,0.0,22.2,38.3,17.3,66.9,0.0,0.2
2019-03-20,Nizamabad,Nizamabad South,0.0,24.4,38.9,26.2,63.8,0.0,0.3
2019-03-21,Nizamabad,Nizamabad South,0.0,23.7,37.5,32.0,80.4,2.9,13.7
2019-03-22,Nizamabad,Nizamabad South,0.0,22.9,37.1,37.2,71.8,0.0,15.0
2019-03-23,Nizamabad,Nizamabad South,0.0,22.6,35.6,35.6,83.3,0.0,11.4
2019-03-24,Nizamabad,Nizamabad South,0.0,23.9,37.7,25.3,70.2,0.0,8.4
2019-03-25,Nizamabad,Nizamabad South,0.0,23.0,36.7,23.9,66.3,0.0,9.0
2019-03-26,Nizamabad,Nizamabad South,0.0,24.6,36.8,24.2,62.2,0.0,13.6
2019-03-27,Nizamabad,Nizamabad South,0.0,24.3,39.2,21.8,67.4,0.0,8.3
2019-03-28,Nizamabad,Nizamabad South,0.0,22.5,39.5,23.4,72.0,0.0,9.4
2019-03-29,Nizamabad,Nizamabad South,0.0,23.8,40.0,17.7,64.9,0.0,10.3
2019-03-30,Nizamabad,Nizamabad South,0.0,22.9,38.1,19.7,55.3,0.0,11.7
2019-03-31,Nizamabad,Nizamabad South,0.0,24.7,41.1,15.1,55.3,0.0,10.5
2019-04-01,Nizamabad,Nizamabad South,0.0,24.8,41.8,18.5,50.5,0.0,7.9
2019-04-02,Nizamabad,Nizamabad South,0.0,23.6,40.9,14.2,49.5,0.0,1.6
2019-04-03,Nizamabad,Nizamabad South,0.0,23.6,40.0,12.8,66.2,0.0,9.0
2019-04-04,Nizamabad,Nizamabad South,0.0,24.3,37.9,30.7,72.0,0.0,14.9
2019-04-05,Nizamabad,Nizamabad South,0.0,21.0,36.8,32.9,65.3,0.0,18.8
2019-04-06,Nizamabad,Nizamabad South,0.0,24.1,38.4,23.3,59.8,0.0,9.1
2019-04-07,Nizamabad,Nizamabad South,0.0,25.6,39.1,19.9,51.4,0.0,8.8
2019-04-08,Nizamabad,Nizamabad South,0.0,23.7,41.3,16.1,60.0,0.0,12.3
2019-04-09,Nizamabad,Nizamabad South,0.0,25.0,42.4,17.1,47.1,0.0,0.2
2019-04-10,Nizamabad,Nizamabad South,0.0,25.5,42.2,15.8,60.5,0.0,0.3
2019-04-11,Nizamabad,Nizamabad South,0.0,24.3,39.7,17.5,54.3,0.0,10.4
2019-04-12,Nizamabad,Nizamabad South,0.0,29.1,41.2,16.3,39.7,0.0,12.7
2019-04-13,Nizamabad,Nizamabad South,0.0,25.8,41.7,16.6,47.8,0.0,15.2
2019-04-14,Nizamabad,Nizamabad South,0.0,25.8,41.8,17.9,48.4,0.0,2.6
2019-04-15,Nizamabad,Nizamabad South,0.0,26.7,41.9,15.4,45.1,0.0,10.5
2019-04-16,Nizamabad,Nizamabad South,0.0,23.2,41.5,17.1,62.2,0.0,0.3
2019-04-17,Nizamabad,Nizamabad South,0.0,22.6,39.3,25.6,48.2,0.0,0.4
2019-04-18,Nizamabad,Nizamabad South,0.0,25.1,37.6,26.7,58.3,0.0,0.3
2019-04-19,Nizamabad,Nizamabad South,0.0,25.5,41.8,25.5,54.6,0.0,1.0
2019-04-20,Nizamabad,Nizamabad South,0.0,25.0,40.4,20.5,63.5,0.0,15.0
2019-04-21,Nizamabad,Nizamabad South,0.0,26.8,41.9,22.1,54.8,0.0,0.1
2019-04-22,Nizamabad,Nizamabad South,0.0,27.1,40.8,15.4,64.1,0.0,13.1
2019-04-23,Nizamabad,Nizamabad South,0.0,23.8,39.4,19.1,52.0,0.0,1.2
2019-04-24,Nizamabad,Nizamabad South,0.0,26.3,40.0,15.1,46.1,0.0,0.1
2019-04-25,Nizamabad,Nizamabad South,0.0,25.7,42.5,12.8,44.3,0.0,0.1
2019-04-26,Nizamabad,Nizamabad South,0.0,26.9,41.8,31.6,63.1,0.0,10.8
2019-04-27,Nizamabad,Nizamabad South,0.0,30.7,45.2,10.9,33.0,0.0,0.3
2019-04-28,Nizamabad,Nizamabad South,0.0,28.3,44.6,11.7,30.4,0.0,0.1
2019-04-29,Nizamabad,Nizamabad South,0.0,27.1,45.4,12.4,33.0,0.0,9.2
2019-04-30,Nizamabad,Nizamabad South,0.0,29.0,43.6,28.1,72.3,0.0,11.4
2019-05-01,Nizamabad,Nizamabad South,0.0,28.4,44.7,10.2,66.6,0.0,9.6
2019-05-02,Nizamabad,Nizamabad South,0.0,28.0,42.7,10.1,22.9,0.0,0.5
2019-05-03,Nizamabad,Nizamabad South,0.0,25.2,43.2,8.6,21.0,0.0,9.0
2019-05-04,Nizamabad,Nizamabad South,0.0,25.9,40.2,24.5,68.6,0.0,0.1
2019-05-05,Nizamabad,Nizamabad South,0.0,26.1,42.1,10.8,27.5,0.0,1.0
2019-05-06,Nizamabad,Nizamabad South,0.0,25.0,40.5,19.9,62.2,0.0,8.9
2019-05-07,Nizamabad,Nizamabad South,0.0,26.4,42.7,11.2,30.5,0.0,11.6
2019-05-08,Nizamabad,Nizamabad South,0.0,28.6,43.1,9.3,27.2,0.0,7.5
2019-05-09,Nizamabad,Nizamabad South,0.0,27.9,42.2,12.8,30.4,0.0,9.0
2019-05-10,Nizamabad,Nizamabad South,0.0,27.8,42.0,14.0,32.3,0.0,13.5
2019-05-11,Nizamabad,Nizamabad South,0.0,27.1,41.9,14.2,40.7,0.0,9.2
2019-05-12,Nizamabad,Nizamabad South,0.0,27.9,42.6,16.3,38.3,0.0,4.6
2019-05-13,Nizamabad,Nizamabad South,0.0,26.1,42.1,26.0,63.9,0.0,7.4
2019-05-14,Nizamabad,Nizamabad South,0.0,26.6,42.5,20.0,63.8,0.0,15.6
2019-05-15,Nizamabad,Nizamabad South,0.0,27.8,42.1,21.1,71.7,0.0,0.9
2019-05-16,Nizamabad,Nizamabad South,0.0,25.9,43.7,10.8,60.0,0.0,0.3
2019-05-17,Nizamabad,Nizamabad South,0.0,26.4,43.9,10.1,34.1,0.0,0.8
2019-05-18,Nizamabad,Nizamabad South,0.0,28.5,44.1,11.7,60.4,0.0,0.1
2019-05-19,Nizamabad,Nizamabad South,0.0,26.8,43.3,12.2,59.9,0.0,3.4
2019-05-20,Nizamabad,Nizamabad South,0.0,28.7,43.8,10.1,27.9,0.0,0.3
2019-05-21,Nizamabad,Nizamabad South,0.0,29.1,45.2,10.2,30.8,0.0,9.0
2019-05-22,Nizamabad,Nizamabad South,0.0,29.1,45.2,13.1,35.6,0.0,0.1
2019-05-23,Nizamabad,Nizamabad South,0.0,31.6,43.1,10.4,35.1,0.0,10.1
2019-05-24,Nizamabad,Nizamabad South,0.0,28.0,45.8,13.3,46.7,0.0,10.3
2019-05-25,Nizamabad,Nizamabad South,0.0,28.9,42.8,11.7,39.6,0.0,8.7
2019-05-26,Nizamabad,Nizamabad South,0.0,29.2,44.8,13.1,33.2,0.0,0.9
2019-05-27,Nizamabad,Nizamabad South,0.0,30.0,45.0,11.7,36.2,0.0,0.1
2019-05-28,Nizamabad,Nizamabad South,0.0,29.2,44.6,13.1,27.2,0.0,0.2
2019-05-29,Nizamabad,Nizamabad South,0.0,29.6,45.9,10.2,22.2,0.0,12.7
2019-05-30,Nizamabad,Nizamabad South,0.0,29.6,46.0,8.7,29.4,0.0,12.8
2019-05-31,Nizamabad,Nizamabad South,0.0,31.8,41.7,21.7,43.4,0.0,0.9
2019-06-01,Nizamabad,Nizamabad South,0.0,28.0,43.6,11.7,36.8,0.8,14.6
2019-06-02,Nizamabad,Nizamabad South,0.0,30.4,40.6,21.5,52.0,0.0,8.9
2019-06-03,Nizamabad,Nizamabad South,0.0,31.0,44.6,16.0,34.0,0.0,0.1
2019-06-04,Nizamabad,Nizamabad South,2.8,25.1,43.2,15.8,81.8,0.0,1.0
2019-06-05,Nizamabad,Nizamabad South,0.0,29.1,42.1,24.6,61.0,0.0,0.2
2019-06-06,Nizamabad,Nizamabad South,0.0,28.9,41.7,18.5,36.5,0.0,13.3
2019-06-07,Nizamabad,Nizamabad South,0.0,25.6,42.9,15.2,47.3,0.0,0.1
2019-06-08,Nizamabad,Nizamabad South,9.7,24.6,43.1,19.5,97.5,0.0,0.1
2019-06-09,Nizamabad,Nizamabad South,0.0,27.7,37.4,31.3,75.1,0.0,0.7
2019-06-10,Nizamabad,Nizamabad South,0.0,29.1,41.9,21.7,49.5,0.0,14.4
2019-06-11,Nizamabad,Nizamabad South,0.0,28.9,40.6,22.8,50.4,0.0,9.4
2019-06-12,Nizamabad,Nizamabad South,0.0,29.2,42.3,21.7,43.8,0.0,0.7
2019-06-13,Nizamabad,Nizamabad South,0.0,27.1,38.8,28.7,54.1,0.2,3.8
2019-06-14,Nizamabad,Nizamabad South,0.0,27.5,40.3,27.3,57.8,2.2,11.6
2019-06-15,Nizamabad,Nizamabad South,0.0,28.9,37.8,30.3,55.0,0.3,11.5
2019-06-16,Nizamabad,Nizamabad South,0.0,29.8,38.4,23.4,50.4,0.1,0.6
2019-06-17,Nizamabad,Nizamabad South,0.0,30.4,40.6,21.5,48.5,0.0,3.2
2019-06-18,Nizamabad,Nizamabad South,0.0,28.7,39.6,24.4,43.4,0.0,3.3
2019-06-19,Nizamabad,Nizamabad South,0.0,29.4,38.0,23.1,50.6,0.0,11.1
2019-06-20,Nizamabad,Nizamabad South,5.6,22.4,40.0,25.8,96.1,0.0,4.6
2019-06-21,Nizamabad,Nizamabad South,5.9,25.5,37.6,36.8,82.1,0.0,0.9
2019-06-22,Nizamabad,Nizamabad South,0.0,24.8,38.8,32.8,63.0,0.0,1.5
2019-06-23,Nizamabad,Nizamabad South,0.0,26.2,31.1,69.0,93.0,0.0,4.5
2019-06-24,Nizamabad,Nizamabad South,35.2,23.2,33.2,48.7,100.0,0.0,7.1
2019-06-25,Nizamabad,Nizamabad South,0.0,25.9,32.4,67.5,86.6,0.0,11.7
2019-06-26,Nizamabad,Nizamabad South,8.5,27.2,37.3,47.2,89.1,0.0,9.6
2019-06-27,Nizamabad,Nizamabad South,14.2,26.3,37.6,35.7,69.2,0.0,10.1
2019-06-28,Nizamabad,Nizamabad South,0.0,26.3,36.7,44.8,74.7,0.0,1.2
2019-06-29,Nizamabad,Nizamabad South,14.2,24.0,36.6,45.4,99.4,0.0,1.4
2019-06-30,Nizamabad,Nizamabad South,1.6,23.4,29.8,83.9,97.8,0.0,0.3
2019-07-01,Nizamabad,Nizamabad South,1.8,23.9,28.5,79.2,99.2,0.0,0.6
2019-07-02,Nizamabad,Nizamabad South,26.4,25.0,30.8,70.3,96.9,0.0,0.2
2019-07-03,Nizamabad,Nizamabad South,67.9,23.1,32.4,61.4,100.0,0.0,1.3
2019-07-04,Nizamabad,Nizamabad South,0.0,25.1,31.9,71.5,88.6,0.0,2.2
2019-07-05,Nizamabad,Nizamabad South,0.0,25.5,35.3,52.8,78.2,0.0,4.1
2019-07-06,Nizamabad,Nizamabad South,0.3,25.5,35.5,44.4,73.6,0.0,5.1
2019-07-07,Nizamabad,Nizamabad South,0.0,25.3,34.3,50.5,74.6,0.0,2.2
2019-07-08,Nizamabad,Nizamabad South,18.1,24.2,34.4,59.3,100.0,0.0,0.9
2019-07-09,Nizamabad,Nizamabad South,1.0,25.0,34.2,62.5,86.6,0.0,5.0
2019-07-10,Nizamabad,Nizamabad South,4.0,24.6,35.4,51.7,100.0,0.0,1.2
2019-07-11,Nizamabad,Nizamabad South,8.7,25.1,36.0,47.8,100.0,0.0,0.9
2019-07-12,Nizamabad,Nizamabad South,34.9,23.3,32.4,69.3,100.0,0.0,1.4
2019-07-13,Nizamabad,Nizamabad South,12.5,23.5,32.9,69.8,100.0,0.0,0.3
2019-07-14,Nizamabad,Nizamabad South,14.4,25.0,33.7,57.1,92.8,0.0,7.4
2019-07-15,Nizamabad,Nizamabad South,0.0,25.5,37.3,42.2,80.7,0.0,0.9
2019-07-16,Nizamabad,Nizamabad South,0.0,25.4,36.8,38.7,64.7,0.0,2.7
2019-07-17,Nizamabad,Nizamabad South,0.0,26.0,37.4,36.8,62.6,0.0,0.3
2019-07-18,Nizamabad,Nizamabad South,0.0,26.2,36.9,41.7,70.6,0.0,6.0
2019-07-19,Nizamabad,Nizamabad South,0.0,24.6,37.3,35.6,89.9,0.0,1.5
2019-07-20,Nizamabad,Nizamabad South,72.3,23.0,37.3,44.2,100.0,0.0,0.2
2019-07-21,Nizamabad,Nizamabad South,0.0,24.1,33.6,68.3,100.0,0.0,0.9
2019-07-22,Nizamabad,Nizamabad South,0.0,25.0,35.4,52.2,94.4,0.0,9.5
2019-07-23,Nizamabad,Nizamabad South,3.7,24.4,36.1,47.0,100.0,0.0,0.1
2019-07-24,Nizamabad,Nizamabad South,0.0,24.8,34.6,55.0,86.6,2.0,8.4
2019-07-25,Nizamabad,Nizamabad South,0.0,25.6,34.9,53.9,80.0,0.0,0.2
2019-07-26,Nizamabad,Nizamabad South,28.3,23.6,34.4,57.1,100.0,0.0,1.3
2019-07-27,Nizamabad,Nizamabad South,18.1,21.9,26.2,93.0,100.0,0.0,0.3
2019-07-28,Nizamabad,Nizamabad South,18.5,22.9,30.9,79.4,100.0,0.0,1.3
2019-07-29,Nizamabad,Nizamabad South,25.0,22.7,26.6,93.7,100.0,0.0,1.0
2019-07-30,Nizamabad,Nizamabad South,36.9,22.1,24.1,97.3,98.3,0.0,2.5
2019-07-31,Nizamabad,Nizamabad South,5.1,22.7,25.4,96.9,100.0,0.0,0.8
2019-08-01,Nizamabad,Nizamabad South,9.0,24.1,31.5,78.9,100.0,0.0,0.2
2019-08-02,Nizamabad,Nizamabad South,53.2,22.7,28.8,87.9,100.0,0.0,1.9
2019-08-03,Nizamabad,Nizamabad South,38.0,22.3,25.3,95.3,100.0,0.0,9.0
2019-08-04,Nizamabad,Nizamabad South,11.5,22.8,26.4,94.4,100.0,0.0,3.5
2019-08-05,Nizamabad,Nizamabad South,2.7,23.6,31.5,79.3,100.0,0.0,3.5
2019-08-06,Nizamabad,Nizamabad South,8.6,23.4,30.9,83.4,100.0,0.0,1.8
2019-08-07,Nizamabad,Nizamabad South,24.2,22.7,29.7,89.0,100.0,0.0,3.4
2019-08-08,Nizamabad,Nizamabad South,78.4,23.3,27.9,90.7,100.0,0.0,5.2
2019-08-09,Nizamabad,Nizamabad South,0.0,24.7,27.8,88.9,99.4,0.0,3.4
2019-08-10,Nizamabad,Nizamabad South,0.0,24.2,32.4,76.0,98.6,0.0,2.2
2019-08-11,Nizamabad,Nizamabad South,0.0,23.7,33.4,70.8,97.3,0.0,0.7
2019-08-12,Nizamabad,Nizamabad South,4.8,23.4,34.8,59.2,100.0,0.0,0.5
2019-08-13,Nizamabad,Nizamabad South,0.0,24.8,33.5,71.5,100.0,0.0,0.3
2019-08-14,Nizamabad,Nizamabad South,30.9,23.2,28.7,87.4,100.0,0.0,0.1
2019-08-15,Nizamabad,Nizamabad South,27.2,23.3,32.4,78.1,100.0,0.0,7.2
2019-08-16,Nizamabad,Nizamabad South,1.9,24.2,33.6,70.3,100.0,0.0,1.2
2019-08-17,Nizamabad,Nizamabad South,0.0,24.0,34.3,62.1,100.0,0.0,0.3
2019-08-18,Nizamabad,Nizamabad South,0.0,25.1,32.8,62.4,97.8,0.0,0.9
2019-08-19,Nizamabad,Nizamabad South,0.0,23.8,31.9,65.0,100.0,0.0,0.3
2019-08-20,Nizamabad,Nizamabad South,0.0,25.0,34.2,60.6,96.0,0.0,0.7
2019-08-21,Nizamabad,Nizamabad South,2.4,24.7,32.3,67.8,100.0,0.0,0.5
2019-08-22,Nizamabad,Nizamabad South,4.9,23.1,31.4,74.4,100.0,0.0,1.3
2019-08-23,Nizamabad,Nizamabad South,9.3,23.1,32.6,72.3,100.0,0.0,0.7
2019-08-24,Nizamabad,Nizamabad South,0.0,23.6,30.7,81.1,100.0,0.0,0.3
2019-08-25,Nizamabad,Nizamabad South,0.0,24.5,33.5,55.5,93.0,0.0,3.0
2019-08-26,Nizamabad,Nizamabad South,0.0,23.3,34.1,57.5,99.3,0.0,0.7
2019-08-27,Nizamabad,Nizamabad South,1.0,23.1,31.7,67.0,100.0,0.0,0.2
2019-08-28,Nizamabad,Nizamabad South,0.0,24.4,33.0,53.5,96.7,0.0,0.9
2019-08-29,Nizamabad,Nizamabad South,0.0,24.3,34.8,50.4,91.0,0.0,0.2
2019-08-30,Nizamabad,Nizamabad South,0.5,25.5,36.8,47.3,95.0,0.0,0.1
2019-08-31,Nizamabad,Nizamabad South,7.8,23.1,35.3,55.8,100.0,0.0,0.6
2019-09-01,Nizamabad,Nizamabad South,32.2,22.9,32.7,78.4,100.0,0.0,0.1
2019-09-02,Nizamabad,Nizamabad South,14.4,21.9,30.2,86.6,100.0,0.0,0.3
2019-09-03,Nizamabad,Nizamabad South,15.6,22.8,26.0,94.2,100.0,0.0,0.4
2019-09-04,Nizamabad,Nizamabad South,2.5,22.8,29.1,91.5,100.0,0.0,0.3
2019-09-05,Nizamabad,Nizamabad South,0.0,23.8,29.9,88.7,100.0,0.0,0.2
2019-09-06,Nizamabad,Nizamabad South,23.3,23.1,32.5,78.1,100.0,0.0,0.9
2019-09-07,Nizamabad,Nizamabad South,31.3,22.6,29.6,88.9,100.0,0.0,0.7
2019-09-08,Nizamabad,Nizamabad South,0.0,22.4,31.4,83.5,100.0,0.0,0.4
2019-09-09,Nizamabad,Nizamabad South,7.1,23.4,30.9,84.3,100.0,0.0,0.2
