Date,District,Mandal,Rainfall (mm),temp_min (⁰C),temp_max (⁰C),humidity_min (%),Humidity_max (%),wind_speed_min (Kmph),wind_speed_max (Kmph)
2019-09-11,Adilabad,Adilabad Urban,0.0,26.0,32.3,68.25,94.05,0.3,2.7
2019-09-12,Adilabad,Adilabad Urban,23.4,23.85,30.4,73.55,99.5,0.2,3.2
2019-09-13,Adilabad,Adilabad Urban,10.5,24.05,26.65,88.6,99.0,0.3,2.7
2019-09-14,Adilabad,Adilabad Urban,5.8,24.15,31.4,71.7,98.7,0.1,3.1
2019-09-15,Adilabad,Adilabad Urban,0.8,24.4,30.1,83.3,98.7,0.0,1.5
2019-09-16,Adilabad,Adilabad Urban,6.5,24.85,31.55,78.6,99.45,0.0,2.0
2019-09-17,Adilabad,Adilabad Urban,0.4,24.9,30.85,78.2,97.55,0.0,2.0
2019-09-18 00:00:00,Adilabad,Adilabad Urban,19.8,22.6,31.3,85.4,99.8,0.0,3.8
2019-09-19 00:00:00,Adilabad,Adilabad Urban,2.1,24.4,29.6,87.0,100.0,0.0,1.4
2019-09-20 00:00:00,Adilabad,Adilabad Urban,17.6,24.5,29.7,88.9,100.0,0.0,1.2
2019-09-21 00:00:00,Adilabad,Adilabad Urban,0.3,23.8,32.8,68.7,99.6,0.0,2.2
2019-09-22 00:00:00,Adilabad,Adilabad Urban,0.8,24.2,31.9,74.3,99.9,0.0,1.8
2019-09-23 00:00:00,Adilabad,Adilabad Urban,0.0,24.3,32.2,70.0,100.0,0.0,2.0
2019-09-24 00:00:00,Adilabad,Adilabad Urban,0.0,24.1,33.6,68.0,99.6,0.0,2.3
2019-09-25 00:00:00,Adilabad,Adilabad Urban,0.7,23.65,31.9,80.1,99.65,0.0,1.9
2019-09-26 00:00:00,Adilabad,Adilabad Urban,17.1,24.6,31.0,78.75,99.15,0.0,1.7
2019-09-27 00:00:00,Adilabad,Adilabad Urban,0.0,24.25,31.55,78.15,96.5,0.5,3.1
2019-09-28 00:00:00,Adilabad,Adilabad Urban,0.0,24.0,31.6,69.6,97.95,0.2,2.2
2019-09-29 00:00:00,Adilabad,Adilabad Urban,0.0,24.05,32.3,64.4,98.6,0.2,2.2
2019-09-30 00:00:00,Adilabad,Adilabad Urban,7.6,22.8,33.7,63.6,99.45,0.0,1.6
2019-10-01,Adilabad,Adilabad Urban,0.0,23.95,32.6,65.25,96.85,0.2,2.1
2019-10-02,Adilabad,Adilabad Urban,0.0,24.8,34.0,57.7,98.9,0.0,1.9
2019-10-03,Adilabad,Adilabad Urban,0.0,22.6,33.5,63.2,99.1,0.0,2.1
2019-10-04,Adilabad,Adilabad Urban,0.0,23.1,33.4,56.2,98.9,0.0,1.5
2019-10-05,Adilabad,Adilabad Urban,0.0,22.7,32.9,61.6,98.6,0.0,1.6
2019-10-06,Adilabad,Adilabad Urban,0.0,22.4,33.2,62.3,99.6,0.0,1.7
2019-10-07,Adilabad,Adilabad Urban,0.0,22.8,34.1,52.0,98.6,0.0,1.2
2019-10-08,Adilabad,Adilabad Urban,0.0,22.4,33.1,58.8,99.4,0.0,2.1
2019-10-09,Adilabad,Adilabad Urban,0.0,22.8,33.2,63.6,99.7,0.0,1.3
2019-10-10,Adilabad,Adilabad Urban,0.0,22.8,32.5,62.6,99.7,0.0,1.9
2019-10-11,Adilabad,Adilabad Urban,0.0,24.0,33.0,61.2,98.4,0.0,1.7
2019-10-12,Adilabad,Adilabad Urban,0.0,23.9,31.7,68.4,99.3,0.0,1.1
2019-10-13,Adilabad,Adilabad Urban,0.0,22.6,32.9,61.4,99.7,0.0,1.5
2019-10-14,Adilabad,Adilabad Urban,0.0,21.7,32.3,59.8,99.5,0.0,1.9
2019-10-15,Adilabad,Adilabad Urban,0.0,18.2,32.8,59.2,99.3,0.0,1.3
2019-10-16,Adilabad,Adilabad Urban,0.0,18.1,33.4,47.9,99.4,0.8,11.8
2019-10-17,Adilabad,Adilabad Urban,0.0,19.3,32.8,42.4,99.2,0.8,11.8
2019-10-18,Adilabad,Adilabad Urban,16.9,22.7,32.4,60.5,99.4,0.8,11.8
2019-10-19,Adilabad,Adilabad Urban,5.2,22.6,29.3,76.6,99.6,0.8,11.8
2019-10-20,Adilabad,Adilabad Urban,3.1,22.7,30.0,74.0,99.5,0.8,11.8
2019-10-21,Adilabad,Adilabad Urban,8.2,22.9,30.1,73.9,100.0,0.8,11.8
2019-10-22,Adilabad,Adilabad Urban,0.4,22.3,28.7,82.1,100.0,0.0,3.2
2019-10-23,Adilabad,Adilabad Urban,0.0,22.1,31.6,70.0,100.0,0.0,4.6
2019-10-24,Adilabad,Adilabad Urban,0.0,23.3,31.2,75.7,99.5,0.0,5.5
2019-10-25,Adilabad,Adilabad Urban,4.7,23.0,29.7,73.7,100.0,0.0,4.5
2019-10-26,Adilabad,Adilabad Urban,2.5,23.0,27.7,82.6,100.0,0.0,3.8
2019-10-27,Adilabad,Adilabad Urban,7.8,22.1,30.9,75.9,100.0,0.0,8.0
2019-10-28,Adilabad,Adilabad Urban,0.2,21.9,31.8,72.1,99.6,0.0,8.6
2019-10-29,Adilabad,Adilabad Urban,1.1,22.5,31.4,76.1,100.0,0.0,3.4
2019-10-30,Adilabad,Adilabad Urban,18.9,21.6,32.3,81.5,100.0,0.0,7.6
2019-10-31,Adilabad,Adilabad Urban,0.0,23.3,31.7,68.2,98.7,0.0,5.4
2019-11-01,Adilabad,Adilabad Urban,0.3,23.6,31.3,70.0,99.9,0.0,6.2
2019-11-02,Adilabad,Adilabad Urban,0.0,23.5,31.9,69.0,99.6,0.0,5.8
2019-11-03,Adilabad,Adilabad Urban,0.3,20.5,31.0,81.5,100.0,0.0,4.5
2019-11-04,Adilabad,Adilabad Urban,0.0,21.5,32.3,58.3,99.9,0.0,3.0
2019-11-05,Adilabad,Adilabad Urban,0.0,21.8,32.4,55.9,99.7,0.0,2.2
2019-11-06,Adilabad,Adilabad Urban,0.0,20.9,33.0,56.9,100.0,0.0,4.2
2019-11-07,Adilabad,Adilabad Urban,0.0,21.1,33.2,48.7,99.7,0.0,2.5
2019-11-08,Adilabad,Adilabad Urban,0.0,20.7,32.9,53.4,99.6,0.0,4.2
2019-11-09,Adilabad,Adilabad Urban,0.0,20.7,32.3,58.5,99.7,0.0,4.3
2019-11-10,Adilabad,Adilabad Urban,0.0,17.5,31.2,52.4,99.5,0.0,5.0
2019-11-11,Adilabad,Adilabad Urban,0.0,17.8,31.6,49.8,99.4,0.0,2.9
2019-11-12,Adilabad,Adilabad Urban,0.0,18.0,32.0,58.6,99.7,0.0,6.6
2019-11-13,Adilabad,Adilabad Urban,0.0,15.8,31.3,45.6,99.4,0.0,6.5
2019-11-14,Adilabad,Adilabad Urban,0.0,14.1,29.9,44.7,99.2,0.0,9.1
2019-11-15,Adilabad,Adilabad Urban,0.0,15.4,30.0,47.9,99.2,0.0,5.4
2019-11-16,Adilabad,Adilabad Urban,0.0,17.3,30.4,47.5,99.2,0.0,6.5
2019-11-17,Adilabad,Adilabad Urban,0.0,16.7,31.1,50.2,99.1,0.0,4.0
2019-11-18,Adilabad,Adilabad Urban,0.0,15.0,31.0,46.4,98.9,0.0,4.8
2019-11-19,Adilabad,Adilabad Urban,0.0,14.9,30.8,43.7,99.3,0.0,6.4
2019-11-20,Adilabad,Adilabad Urban,0.0,14.0,31.0,43.4,99.7,0.0,3.1
2019-11-21,Adilabad,Adilabad Urban,0.0,15.0,31.1,43.4,99.6,0.0,4.6
2019-11-22,Adilabad,Adilabad Urban,0.0,15.7,31.3,46.0,99.4,0.0,4.3
2019-11-23,Adilabad,Adilabad Urban,0.0,14.2,30.3,45.3,99.3,0.0,4.0
2019-11-24,Adilabad,Adilabad Urban,0.0,14.0,30.2,44.5,99.2,0.0,7.7
2019-11-25,Adilabad,Adilabad Urban,0.0,13.9,30.8,42.1,99.5,0.0,4.0
2019-11-26,Adilabad,Adilabad Urban,0.0,15.1,31.2,46.9,99.4,0.0,5.2
2019-11-27,Adilabad,Adilabad Urban,0.0,15.6,30.4,55.5,99.6,0.0,4.9
2019-11-28,Adilabad,Adilabad Urban,0.0,14.8,30.4,49.6,99.2,0.0,4.2
2019-11-29,Adilabad,Adilabad Urban,0.0,17.2,30.8,46.6,99.0,0.0,1.6
2019-11-30,Adilabad,Adilabad Urban,0.0,16.5,31.4,54.4,99.5,0.0,5.9
2019-12-01,Adilabad,Adilabad Urban,0.0,16.8,30.5,50.2,99.2,0.0,3.6
2019-12-02,Adilabad,Adilabad Urban,0.0,18.5,30.5,52.8,99.2,0.0,5.5
2019-12-03,Adilabad,Adilabad Urban,0.0,17.8,31.5,51.2,99.8,0.0,2.2
2019-12-04,Adilabad,Adilabad Urban,0.0,16.25,30.55,52.1,99.55,0.0,5.4
2019-12-05,Adilabad,Adilabad Urban,0.0,15.75,29.75,48.2,98.85,0.0,6.6
2019-12-06,Adilabad,Adilabad Urban,0.0,11.55,29.5,44.75,99.05,0.0,4.2
2019-12-07,Adilabad,Adilabad Urban,0.0,12.0,28.6,41.9,99.3,0.0,4.2
2019-12-08,Adilabad,Adilabad Urban,0.0,13.7,28.4,44.1,98.8,0.0,5.0
2019-12-09,Adilabad,Adilabad Urban,0.0,15.3,28.7,52.15,99.25,0.0,2.7
2019-12-10,Adilabad,Adilabad Urban,0.0,13.6,29.6,54.1,99.45,0.0,4.5
2019-12-11,Adilabad,Adilabad Urban,0.0,14.25,29.9,50.6,98.9,0.0,2.7
2019-12-12,Adilabad,Adilabad Urban,0.0,14.95,30.45,44.7,99.05,0.0,5.0
2019-12-13,Adilabad,Adilabad Urban,0.0,18.6,29.9,45.3,89.3,0.0,8.4
2019-12-14,Adilabad,Adilabad Urban,0.0,19.3,30.7,48.7,87.4,0.0,8.8
2019-12-15,Adilabad,Adilabad Urban,0.0,17.7,30.9,52.2,97.85,0.0,7.1
2019-12-16,Adilabad,Adilabad Urban,0.0,18.4,31.15,48.55,95.25,0.0,6.4
2019-12-17,Adilabad,Adilabad Urban,0.0,18.1,28.5,63.0,98.0,0.0,3.4
2019-12-18,Adilabad,Adilabad Urban,0.0,17.1,28.05,65.05,98.6,0.0,1.8
2019-12-19,Adilabad,Adilabad Urban,0.0,15.05,29.15,54.85,99.0,0.0,1.7
2019-12-20,Adilabad,Adilabad Urban,0.0,14.25,29.75,49.7,95.75,0.0,2.1
2019-12-21,Adilabad,Adilabad Urban,0.0,15.2,30.1,48.8,97.35,0.0,2.5
2019-12-22,Adilabad,Adilabad Urban,0.0,15.5,29.8,46.45,88.1,0.0,5.1
2019-12-23,Adilabad,Adilabad Urban,0.0,18.35,29.9,48.05,93.45,0.0,6.5
2019-12-24,Adilabad,Adilabad Urban,0.0,15.3,28.9,50.25,92.2,0.0,4.1
2019-12-25,Adilabad,Adilabad Urban,0.0,17.2,29.45,49.6,89.35,0.0,9.7
2019-12-26,Adilabad,Adilabad Urban,0.2,21.5,28.9,56.85,86.85,0.0,8.6
2019-12-27,Adilabad,Adilabad Urban,0.4,18.1,25.05,77.3,95.65,0.0,5.2
2019-12-28,Adilabad,Adilabad Urban,0.0,8.85,25.3,44.1,79.45,0.0,6.3
2019-12-29,Adilabad,Adilabad Urban,0.0,7.3,25.2,49.0,88.4,0.0,6.1
2019-12-30,Adilabad,Adilabad Urban,0.0,11.7,25.35,31.75,79.3,0.0,4.1
2019-12-31,Adilabad,Adilabad Urban,0.0,16.45,25.25,40.6,73.95,0.0,5.9
