Date,District,Mandal,Rainfall (mm),temp_min (⁰C),temp_max (⁰C),humidity_min (%),Humidity_max (%),wind_speed_min (Kmph),wind_speed_max (Kmph)
2019-01-01,Adilabad,Adilabad Rural,0.0,7.1,26.4,19.0,73.7,0.0,14.1
2019-01-02,Adilabad,Adilabad Rural,0.0,9.1,28.9,16.6,73.4,0.0,7.8
2019-01-03,Adilabad,Adilabad Rural,0.0,13.0,31.6,21.1,70.2,0.0,7.7
2019-01-04,Adilabad,Adilabad Rural,0.0,9.9,31.2,24.1,82.4,0.0,6.9
2019-01-05,Adilabad,Adilabad Rural,0.0,12.7,31.2,27.0,76.8,0.0,5.8
2019-01-06,Adilabad,Adilabad Rural,0.0,15.0,31.8,27.7,74.9,0.0,10.3
2019-01-07,Adilabad,Adilabad Rural,0.0,15.3,30.9,31.7,81.9,0.0,12.1
2019-01-08,Adilabad,Adilabad Rural,0.0,7.6,28.6,38.9,83.5,0.0,10.2
2019-01-09,Adilabad,Adilabad Rural,0.0,8.2,26.0,27.3,78.8,0.0,8.0
2019-01-10,Adilabad,Adilabad Rural,0.0,8.9,28.6,21.2,77.2,0.0,8.2
2019-01-11,Adilabad,Adilabad Rural,0.0,12.1,28.7,26.4,67.9,0.0,1.5
2019-01-12,Adilabad,Adilabad Rural,0.0,20.1,30.9,27.5,74.3,0.0,11.2
2019-01-13,Adilabad,Adilabad Rural,0.0,20.3,31.6,32.7,74.8,0.0,14.5
2019-01-14,Adilabad,Adilabad Rural,0.0,15.4,32.3,34.0,82.0,0.0,8.7
2019-01-15,Adilabad,Adilabad Rural,0.0,12.0,29.3,45.7,81.7,0.0,8.7
2019-01-16,Adilabad,Adilabad Rural,0.0,11.0,27.7,35.1,81.8,0.0,8.1
2019-01-17,Adilabad,Adilabad Rural,0.0,11.4,29.9,30.4,75.7,0.0,9.2
2019-01-18,Adilabad,Adilabad Rural,0.0,11.4,32.3,20.6,77.3,0.0,6.1
2019-01-19,Adilabad,Adilabad Rural,0.0,10.4,30.3,26.7,82.4,0.0,2.8
2019-01-20,Adilabad,Adilabad Rural,0.0,11.4,30.9,22.3,71.7,0.0,5.9
2019-01-21,Adilabad,Adilabad Rural,0.0,12.3,32.2,22.4,64.7,0.0,7.8
2019-01-22,Adilabad,Adilabad Rural,0.0,20.7,34.6,20.5,63.8,0.0,16.9
2019-01-23,Adilabad,Adilabad Rural,0.0,19.7,32.0,22.6,74.4,0.0,16.4
2019-01-24,Adilabad,Adilabad Rural,0.0,16.1,32.3,27.7,80.2,0.0,12.9
2019-01-25,Adilabad,Adilabad Rural,0.0,18.6,32.3,31.8,74.3,0.0,14.2
2019-01-26,Adilabad,Adilabad Rural,0.0,17.6,29.7,47.9,81.0,0.0,10.5
2019-01-27,Adilabad,Adilabad Rural,0.0,16.5,20.2,71.8,82.6,0.0,10.0
2019-01-28,Adilabad,Adilabad Rural,0.0,11.7,22.4,64.4,82.1,0.0,11.0
2019-01-29,Adilabad,Adilabad Rural,0.0,7.0,24.7,38.3,79.6,0.0,8.5
2019-01-30,Adilabad,Adilabad Rural,0.0,6.0,24.5,23.7,76.8,0.0,9.9
2019-01-31,Adilabad,Adilabad Rural,0.0,7.2,26.3,21.5,69.9,0.0,0.3
2019-02-01,Adilabad,Adilabad Rural,0.0,13.3,32.2,21.7,75.5,0.0,15.2
2019-02-02,Adilabad,Adilabad Rural,0.0,14.7,31.6,30.5,80.0,0.0,12.7
2019-02-03,Adilabad,Adilabad Rural,0.0,16.3,31.9,26.4,71.0,0.0,9.8
2019-02-04,Adilabad,Adilabad Rural,0.0,16.2,32.2,23.1,61.1,0.0,15.5
2019-02-05,Adilabad,Adilabad Rural,0.0,13.9,31.9,24.7,71.2,0.0,9.6
2019-02-06,Adilabad,Adilabad Rural,0.0,17.8,32.3,22.4,67.1,0.0,11.2
2019-02-07,Adilabad,Adilabad Rural,0.0,21.6,33.9,26.4,69.2,0.0,14.6
2019-02-08,Adilabad,Adilabad Rural,0.0,16.2,33.2,30.8,58.0,0.0,17.8
2019-02-09,Adilabad,Adilabad Rural,0.0,9.4,32.2,25.5,62.4,0.2,2.7
2019-02-10,Adilabad,Adilabad Rural,0.0,6.6,27.4,21.5,70.0,0.0,3.0
2019-02-11,Adilabad,Adilabad Rural,0.0,12.4,28.8,20.2,56.4,0.0,6.2
2019-02-12,Adilabad,Adilabad Rural,0.0,16.7,33.1,27.3,79.6,0.0,7.1
2019-02-13,Adilabad,Adilabad Rural,0.0,15.5,33.5,35.9,80.2,0.0,11.7
2019-02-14,Adilabad,Adilabad Rural,0.0,18.3,36.2,20.3,60.5,0.0,11.6
2019-02-15,Adilabad,Adilabad Rural,0.0,24.5,36.6,22.1,57.1,0.0,13.9
2019-02-16,Adilabad,Adilabad Rural,0.8,17.8,35.8,27.6,81.2,0.0,22.0
2019-02-17,Adilabad,Adilabad Rural,0.0,15.7,33.6,30.5,81.7,0.0,7.1
2019-02-18,Adilabad,Adilabad Rural,0.0,13.7,32.3,30.2,71.1,0.0,13.5
2019-02-19,Adilabad,Adilabad Rural,0.0,20.3,34.2,20.0,63.2,0.0,7.8
2019-02-20,Adilabad,Adilabad Rural,0.0,25.0,37.3,22.7,68.2,0.0,13.1
2019-02-21,Adilabad,Adilabad Rural,0.0,24.3,35.8,26.6,67.6,0.0,14.9
2019-02-22,Adilabad,Adilabad Rural,0.0,25.8,37.6,24.6,52.3,0.0,15.0
2019-02-23,Adilabad,Adilabad Rural,0.0,20.9,37.6,21.1,61.4,0.0,12.2
2019-02-24,Adilabad,Adilabad Rural,0.0,21.2,37.9,22.3,59.5,0.0,11.5
2019-02-25,Adilabad,Adilabad Rural,0.0,19.3,38.3,20.5,60.9,0.0,19.2
2019-02-26,Adilabad,Adilabad Rural,0.0,16.6,35.9,14.9,44.6,0.0,11.9
2019-02-27,Adilabad,Adilabad Rural,0.0,17.9,35.8,15.9,41.7,0.0,15.1
2019-02-28,Adilabad,Adilabad Rural,0.0,15.9,34.0,18.0,52.5,0.0,16.4
2019-03-01,Adilabad,Adilabad Rural,0.0,14.9,32.8,22.5,58.3,0.0,10.1
2019-03-02,Adilabad,Adilabad Rural,0.0,19.7,34.0,21.7,51.8,0.0,10.8
2019-03-03,Adilabad,Adilabad Rural,0.0,24.1,36.0,34.3,73.4,0.0,20.2
2019-03-04,Adilabad,Adilabad Rural,0.0,22.9,37.9,23.1,74.8,0.0,16.2
2019-03-05,Adilabad,Adilabad Rural,0.0,21.3,37.7,20.1,58.9,0.0,10.8
2019-03-06,Adilabad,Adilabad Rural,0.0,15.2,34.8,16.3,52.6,0.0,15.3
2019-03-07,Adilabad,Adilabad Rural,0.0,15.0,34.2,17.7,59.7,0.0,11.9
2019-03-08,Adilabad,Adilabad Rural,0.0,15.1,34.7,18.2,58.3,0.0,14.5
2019-03-09,Adilabad,Adilabad Rural,0.0,18.9,37.1,12.1,59.6,0.0,10.6
2019-03-10,Adilabad,Adilabad Rural,0.0,20.4,37.9,15.0,57.6,0.0,10.3
2019-03-11,Adilabad,Adilabad Rural,0.0,24.3,38.5,15.8,57.1,0.0,10.8
2019-03-12,Adilabad,Adilabad Rural,0.0,24.5,38.9,23.2,60.6,0.0,8.7
2019-03-13,Adilabad,Adilabad Rural,0.0,28.1,38.6,18.9,43.2,0.0,13.7
2019-03-14,Adilabad,Adilabad Rural,0.0,22.9,38.6,21.5,47.3,0.0,23.9
2019-03-15,Adilabad,Adilabad Rural,0.0,22.0,37.2,18.5,40.3,0.0,12.3
2019-03-16,Adilabad,Adilabad Rural,0.0,21.1,38.6,16.0,55.9,0.0,11.4
2019-03-17,Adilabad,Adilabad Rural,0.0,24.5,39.0,15.5,61.3,0.0,19.1
2019-03-18,Adilabad,Adilabad Rural,0.0,23.9,38.1,19.2,54.5,0.0,19.7
2019-03-19,Adilabad,Adilabad Rural,0.0,24.1,37.7,20.6,57.0,3.6,16.1
2019-03-20,Adilabad,Adilabad Rural,0.0,26.7,38.4,18.8,62.0,0.0,14.6
2019-03-21,Adilabad,Adilabad Rural,0.0,24.3,37.8,29.0,69.0,0.0,23.3
2019-03-22,Adilabad,Adilabad Rural,6.8,23.3,38.0,33.7,75.2,0.0,13.9
2019-03-23,Adilabad,Adilabad Rural,0.0,23.0,37.8,26.8,75.0,0.0,13.0
2019-03-24,Adilabad,Adilabad Rural,0.0,20.6,38.1,23.5,60.2,0.0,6.8
2019-03-25,Adilabad,Adilabad Rural,0.0,22.2,38.4,19.5,43.9,0.0,12.1
2019-03-26,Adilabad,Adilabad Rural,0.0,26.4,40.0,16.6,49.5,0.0,10.2
2019-03-27,Adilabad,Adilabad Rural,0.0,23.1,40.1,13.9,62.2,0.0,8.3
2019-03-28,Adilabad,Adilabad Rural,0.0,22.4,40.2,16.0,51.5,0.0,12.8
2019-03-29,Adilabad,Adilabad Rural,0.0,21.3,39.9,15.5,39.2,0.0,8.2
2019-03-30,Adilabad,Adilabad Rural,0.0,25.3,41.6,10.2,40.5,0.0,9.6
2019-03-31,Adilabad,Adilabad Rural,0.0,27.2,41.7,11.5,43.5,0.0,3.5
2019-04-01,Adilabad,Adilabad Rural,0.0,24.3,42.1,12.8,33.8,0.0,3.7
2019-04-02,Adilabad,Adilabad Rural,0.0,25.5,41.8,10.4,47.1,0.0,7.7
2019-04-03,Adilabad,Adilabad Rural,0.0,28.3,42.1,14.0,36.3,0.0,15.5
2019-04-04,Adilabad,Adilabad Rural,0.0,27.6,41.5,17.9,52.1,0.0,17.4
2019-04-05,Adilabad,Adilabad Rural,0.0,26.5,41.0,18.5,41.8,0.0,19.4
2019-04-06,Adilabad,Adilabad Rural,0.0,29.3,40.2,16.1,33.1,0.0,17.5
2019-04-07,Adilabad,Adilabad Rural,0.0,25.1,42.2,13.2,26.4,0.0,17.0
2019-04-08,Adilabad,Adilabad Rural,0.0,25.5,38.7,13.9,42.3,0.0,15.4
2019-04-09,Adilabad,Adilabad Rural,0.0,25.9,40.1,13.6,57.8,0.0,15.4
2019-04-10,Adilabad,Adilabad Rural,0.0,25.8,40.4,12.3,60.8,0.0,15.2
2019-04-11,Adilabad,Adilabad Rural,0.0,29.2,43.3,10.0,54.9,0.0,14.4
2019-04-12,Adilabad,Adilabad Rural,0.0,29.9,43.7,11.2,40.3,0.0,14.5
2019-04-13,Adilabad,Adilabad Rural,0.0,28.6,42.4,16.1,38.9,0.0,16.4
2019-04-14,Adilabad,Adilabad Rural,0.0,27.8,42.2,12.6,35.9,0.0,13.1
2019-04-15,Adilabad,Adilabad Rural,0.0,30.3,43.3,12.8,33.4,0.0,12.4
2019-04-16,Adilabad,Adilabad Rural,2.3,23.8,41.0,17.2,68.4,0.0,11.1
2019-04-17,Adilabad,Adilabad Rural,0.0,24.6,39.8,20.9,57.5,0.0,14.5
2019-04-18,Adilabad,Adilabad Rural,0.0,24.8,37.9,25.5,49.8,0.0,13.9
2019-04-19,Adilabad,Adilabad Rural,0.0,26.0,39.4,21.0,54.8,0.0,16.0
2019-04-20,Adilabad,Adilabad Rural,0.0,27.2,40.8,15.3,53.8,0.0,14.8
2019-04-21,Adilabad,Adilabad Rural,0.0,27.6,39.5,23.3,55.9,0.0,15.2
2019-04-22,Adilabad,Adilabad Rural,0.0,28.8,40.8,15.2,55.4,0.0,23.9
2019-04-23,Adilabad,Adilabad Rural,0.0,25.6,39.3,21.9,45.5,0.0,24.8
2019-04-24,Adilabad,Adilabad Rural,0.0,26.3,38.8,17.1,47.6,0.0,9.3
2019-04-25,Adilabad,Adilabad Rural,0.0,29.0,41.4,10.1,25.5,0.0,2.2
2019-04-26,Adilabad,Adilabad Rural,0.0,28.8,42.9,10.6,35.3,0.0,2.0
2019-04-27,Adilabad,Adilabad Rural,0.0,31.3,42.6,13.3,31.5,0.1,1.5
2019-04-28,Adilabad,Adilabad Rural,0.0,31.0,42.4,13.3,38.2,0.0,2.3
2019-04-29,Adilabad,Adilabad Rural,0.0,30.5,42.4,13.3,31.7,0.0,3.1
2019-04-30,Adilabad,Adilabad Rural,0.0,29.8,42.4,14.7,38.5,0.2,2.5
2019-05-01,Adilabad,Adilabad Rural,0.0,28.5,42.6,7.6,37.6,0.0,1.6
2019-05-02,Adilabad,Adilabad Rural,0.0,29.4,41.2,7.9,22.0,0.0,2.8
2019-05-03,Adilabad,Adilabad Rural,0.0,27.0,41.4,8.8,24.7,0.3,3.2
2019-05-04,Adilabad,Adilabad Rural,0.0,28.2,40.0,8.2,24.9,0.1,2.4
2019-05-05,Adilabad,Adilabad Rural,0.0,29.9,39.9,8.7,21.3,0.4,3.2
2019-05-06,Adilabad,Adilabad Rural,0.0,25.8,39.5,10.8,28.1,0.0,2.0
2019-05-07,Adilabad,Adilabad Rural,0.0,30.2,40.2,8.0,20.3,0.0,3.6
2019-05-08,Adilabad,Adilabad Rural,0.0,30.6,41.9,8.2,18.4,0.0,4.2
2019-05-09,Adilabad,Adilabad Rural,0.0,31.5,41.3,8.8,18.4,0.1,2.7
2019-05-10,Adilabad,Adilabad Rural,0.0,30.4,41.0,9.5,24.4,0.2,3.4
2019-05-11,Adilabad,Adilabad Rural,0.0,29.3,41.2,9.2,23.5,0.0,11.2
2019-05-12,Adilabad,Adilabad Rural,0.0,28.9,40.6,14.9,44.9,0.0,17.1
2019-05-13,Adilabad,Adilabad Rural,0.0,28.9,41.7,8.8,24.8,0.0,11.6
2019-05-14,Adilabad,Adilabad Rural,0.0,28.5,41.0,11.4,37.8,0.0,9.4
2019-05-15,Adilabad,Adilabad Rural,0.0,29.1,41.5,12.9,34.7,0.0,6.7
2019-05-16,Adilabad,Adilabad Rural,0.0,30.5,43.2,10.0,40.2,,
2019-05-17,Adilabad,Adilabad Rural,0.0,28.2,43.8,11.2,28.2,0.0,16.4
2019-05-18,Adilabad,Adilabad Rural,0.0,28.6,42.8,11.2,27.4,0.0,5.9
2019-05-19,Adilabad,Adilabad Rural,0.0,26.8,43.0,12.5,28.6,0.0,0.2
2019-05-20,Adilabad,Adilabad Rural,0.0,28.9,42.9,11.2,28.0,0.0,2.2
2019-05-21,Adilabad,Adilabad Rural,0.0,32.7,45.1,11.2,32.9,0.0,1.2
2019-05-22,Adilabad,Adilabad Rural,0.0,32.2,44.8,11.8,37.1,0.0,12.0
2019-05-23,Adilabad,Adilabad Rural,0.0,33.3,44.6,13.1,41.1,0.0,12.5
2019-05-24,Adilabad,Adilabad Rural,0.0,31.9,44.8,15.0,44.2,0.0,19.0
2019-05-25,Adilabad,Adilabad Rural,0.0,29.6,44.4,14.3,32.6,0.0,14.4
2019-05-26,Adilabad,Adilabad Rural,0.0,29.9,43.5,13.5,30.7,0.0,19.8
2019-05-27,Adilabad,Adilabad Rural,0.0,30.0,45.3,12.5,26.4,0.0,0.4
2019-05-28,Adilabad,Adilabad Rural,0.0,31.8,44.6,11.8,22.9,0.0,17.0
2019-05-29,Adilabad,Adilabad Rural,0.0,33.4,43.9,13.6,39.9,0.0,13.3
2019-05-30,Adilabad,Adilabad Rural,0.0,28.8,43.7,11.5,48.7,0.0,29.1
2019-05-31,Adilabad,Adilabad Rural,0.0,29.9,41.2,20.0,53.2,1.4,23.5
2019-06-01,Adilabad,Adilabad Rural,12.0,28.2,43.7,16.3,56.7,0.8,18.9
2019-06-02,Adilabad,Adilabad Rural,0.0,27.7,38.0,30.8,58.3,0.0,23.0
2019-06-03,Adilabad,Adilabad Rural,0.0,32.4,44.2,18.1,33.5,0.0,13.3
2019-06-04,Adilabad,Adilabad Rural,0.0,27.7,43.3,18.9,59.0,0.0,37.5
2019-06-05,Adilabad,Adilabad Rural,0.0,29.8,41.7,19.4,46.3,0.0,21.0
2019-06-06,Adilabad,Adilabad Rural,0.0,32.4,43.9,18.8,30.7,0.0,15.0
2019-06-07,Adilabad,Adilabad Rural,0.0,32.4,44.5,15.5,47.5,0.0,17.5
2019-06-08,Adilabad,Adilabad Rural,12.3,26.1,44.1,18.1,88.6,0.0,0.1
2019-06-09,Adilabad,Adilabad Rural,0.0,29.2,39.1,28.5,55.4,0.0,19.7
2019-06-10,Adilabad,Adilabad Rural,0.0,31.6,42.8,18.8,45.4,0.0,21.6
2019-06-11,Adilabad,Adilabad Rural,0.0,29.7,43.9,18.1,41.4,0.0,19.2
2019-06-12,Adilabad,Adilabad Rural,0.0,32.4,41.5,28.6,55.0,0.0,19.4
2019-06-13,Adilabad,Adilabad Rural,0.0,30.1,41.9,31.7,57.3,7.7,28.2
2019-06-14,Adilabad,Adilabad Rural,0.0,30.1,39.3,31.4,63.3,0.0,19.3
2019-06-15,Adilabad,Adilabad Rural,0.0,31.7,41.4,32.5,55.0,0.0,20.3
2019-06-16,Adilabad,Adilabad Rural,0.0,31.3,42.0,31.4,60.1,0.0,17.4
2019-06-17,Adilabad,Adilabad Rural,5.0,26.2,39.7,31.4,90.8,3.7,23.0
2019-06-18,Adilabad,Adilabad Rural,0.0,30.1,39.7,33.3,77.8,0.0,15.4
2019-06-19,Adilabad,Adilabad Rural,0.0,32.3,39.9,31.5,56.6,0.0,15.7
2019-06-20,Adilabad,Adilabad Rural,0.0,30.3,40.0,28.9,83.9,0.0,17.8
2019-06-21,Adilabad,Adilabad Rural,6.5,26.2,39.3,42.8,90.3,0.0,0.5
2019-06-22,Adilabad,Adilabad Rural,1.5,26.2,37.8,43.0,84.4,0.0,20.2
2019-06-23,Adilabad,Adilabad Rural,4.0,24.9,35.2,47.5,99.9,0.0,0.2
2019-06-24,Adilabad,Adilabad Rural,23.5,24.9,35.5,56.9,99.8,0.0,15.2
2019-06-25,Adilabad,Adilabad Rural,0.0,27.5,38.0,49.7,91.2,0.0,11.2
2019-06-26,Adilabad,Adilabad Rural,0.0,30.1,37.8,47.8,83.8,0.0,3.9
2019-06-27,Adilabad,Adilabad Rural,0.0,29.0,39.2,44.0,83.9,0.0,22.0
2019-06-28,Adilabad,Adilabad Rural,0.0,27.5,37.8,47.3,83.7,0.0,0.1
2019-06-29,Adilabad,Adilabad Rural,115.5,24.9,35.9,55.4,99.6,0.0,20.4
2019-06-30,Adilabad,Adilabad Rural,21.5,23.6,34.7,73.7,99.9,0.0,0.7
2019-07-01,Adilabad,Adilabad Rural,4.2,23.8,30.7,84.4,99.9,0.0,7.7
2019-07-02,Adilabad,Adilabad Rural,0.0,24.6,30.7,76.9,99.9,0.0,1.1
2019-07-03,Adilabad,Adilabad Rural,25.3,24.9,33.1,77.6,99.8,0.0,10.9
2019-07-04,Adilabad,Adilabad Rural,4.3,24.9,32.3,76.9,99.9,0.0,19.6
2019-07-05,Adilabad,Adilabad Rural,0.5,27.5,35.5,63.1,97.2,0.0,12.0
2019-07-06,Adilabad,Adilabad Rural,12.3,24.9,32.6,70.9,99.9,0.0,10.5
2019-07-07,Adilabad,Adilabad Rural,0.8,26.3,32.9,66.1,97.3,0.0,22.4
2019-07-08,Adilabad,Adilabad Rural,1.8,26.0,33.1,70.9,97.0,0.0,11.1
2019-07-09,Adilabad,Adilabad Rural,9.5,24.8,32.6,70.9,99.1,0.0,0.7
2019-07-10,Adilabad,Adilabad Rural,17.8,24.9,33.2,64.7,99.5,0.0,13.9
2019-07-11,Adilabad,Adilabad Rural,23.0,24.9,35.6,57.9,99.1,0.0,12.7
2019-07-12,Adilabad,Adilabad Rural,13.3,24.9,33.1,77.2,97.6,0.0,2.7
2019-07-13,Adilabad,Adilabad Rural,0.0,27.5,34.3,60.0,93.1,0.0,11.9
2019-07-14,Adilabad,Adilabad Rural,0.0,27.5,35.4,55.4,85.1,0.0,13.7
2019-07-15,Adilabad,Adilabad Rural,1.8,27.5,35.4,53.8,91.2,0.0,10.4
2019-07-16,Adilabad,Adilabad Rural,0.0,27.5,38.0,47.1,79.8,0.0,17.8
2019-07-17,Adilabad,Adilabad Rural,0.0,27.3,37.8,47.1,83.2,0.0,6.5
2019-07-18,Adilabad,Adilabad Rural,0.0,27.5,37.8,47.3,83.3,0.0,15.5
2019-07-19,Adilabad,Adilabad Rural,0.8,27.1,37.8,40.7,92.0,0.0,10.3
2019-07-20,Adilabad,Adilabad Rural,0.8,27.5,37.5,49.2,90.8,0.0,2.1
2019-07-21,Adilabad,Adilabad Rural,53.5,24.8,35.3,70.9,99.9,0.0,15.3
2019-07-22,Adilabad,Adilabad Rural,0.0,27.3,35.5,63.5,93.5,0.0,6.3
2019-07-23,Adilabad,Adilabad Rural,0.0,27.2,35.6,63.5,90.8,0.0,8.6
2019-07-24,Adilabad,Adilabad Rural,0.0,27.5,37.3,55.7,83.8,0.0,2.0
2019-07-25,Adilabad,Adilabad Rural,0.0,27.8,38.0,50.5,78.5,0.0,9.6
2019-07-26,Adilabad,Adilabad Rural,11.0,24.5,34.9,63.1,99.9,0.0,11.9
2019-07-27,Adilabad,Adilabad Rural,6.8,24.3,28.1,83.7,96.9,0.0,3.4
2019-07-28,Adilabad,Adilabad Rural,21.0,24.8,29.6,76.7,98.5,0.0,11.2
2019-07-29,Adilabad,Adilabad Rural,24.3,24.5,27.8,90.8,99.7,0.0,4.5
2019-07-30,Adilabad,Adilabad Rural,101.0,22.8,27.1,96.9,99.8,0.0,13.2
2019-07-31,Adilabad,Adilabad Rural,42.8,23.1,25.6,86.0,99.9,0.0,13.9
2019-08-01,Adilabad,Adilabad Rural,4.8,24.6,30.4,79.2,98.9,0.0,1.0
2019-08-02,Adilabad,Adilabad Rural,17.8,24.9,27.9,83.7,99.1,0.0,1.8
2019-08-03,Adilabad,Adilabad Rural,16.3,24.9,28.2,90.4,99.6,0.0,15.1
2019-08-04,Adilabad,Adilabad Rural,73.0,24.9,27.6,83.0,99.9,0.0,5.0
2019-08-05,Adilabad,Adilabad Rural,0.0,26.7,32.5,71.6,90.8,0.0,14.6
2019-08-06,Adilabad,Adilabad Rural,3.0,25.7,32.2,72.4,97.3,0.0,11.4
2019-08-07,Adilabad,Adilabad Rural,3.8,24.9,27.9,85.1,97.1,0.0,13.8
2019-08-08,Adilabad,Adilabad Rural,8.8,24.1,28.2,90.8,99.8,0.0,10.1
2019-08-09,Adilabad,Adilabad Rural,34.2,22.4,26.3,82.6,99.2,0.0,14.9
2019-08-10,Adilabad,Adilabad Rural,9.5,25.2,32.3,77.0,97.3,0.0,8.4
2019-08-11,Adilabad,Adilabad Rural,0.0,24.9,34.8,69.2,90.9,0.0,9.0
2019-08-12,Adilabad,Adilabad Rural,0.0,24.9,35.4,63.2,97.6,0.0,12.2
2019-08-13,Adilabad,Adilabad Rural,16.3,24.9,32.7,71.6,99.9,0.0,15.5
2019-08-14,Adilabad,Adilabad Rural,8.0,24.2,29.8,86.8,99.9,0.0,10.5
2019-08-15,Adilabad,Adilabad Rural,11.3,24.9,32.4,78.3,99.9,0.0,12.2
2019-08-16,Adilabad,Adilabad Rural,0.0,27.2,34.8,69.9,97.6,0.0,7.6
2019-08-17,Adilabad,Adilabad Rural,0.0,24.9,32.6,63.1,99.2,0.0,0.2
2019-08-18,Adilabad,Adilabad Rural,0.0,26.0,35.4,63.2,97.2,0.0,12.3
2019-08-19,Adilabad,Adilabad Rural,0.5,24.9,33.3,66.6,99.0,0.0,10.8
2019-08-20,Adilabad,Adilabad Rural,0.0,26.1,33.2,65.1,98.4,0.0,11.6
2019-08-21,Adilabad,Adilabad Rural,0.0,24.9,32.6,65.4,99.9,0.0,16.1
2019-08-22,Adilabad,Adilabad Rural,0.0,24.9,32.6,68.3,98.8,0.0,0.6
2019-08-23,Adilabad,Adilabad Rural,10.3,24.9,32.7,76.9,99.6,0.0,0.3
2019-08-24,Adilabad,Adilabad Rural,0.5,24.9,29.6,85.9,99.1,0.0,13.6
2019-08-25,Adilabad,Adilabad Rural,0.0,24.9,33.2,69.1,97.8,0.0,3.7
2019-08-26,Adilabad,Adilabad Rural,1.3,24.9,29.7,83.7,98.6,0.0,1.3
2019-08-27,Adilabad,Adilabad Rural,0.0,24.7,30.3,76.9,96.9,0.0,3.6
2019-08-28,Adilabad,Adilabad Rural,0.0,24.9,33.1,70.6,99.3,0.0,3.8
2019-08-29,Adilabad,Adilabad Rural,0.0,24.9,35.4,63.1,96.9,0.0,16.6
2019-08-30,Adilabad,Adilabad Rural,0.0,26.1,34.9,65.9,98.2,0.0,12.1
2019-08-31,Adilabad,Adilabad Rural,6.5,25.3,32.6,60.0,99.0,0.0,0.1
2019-09-01,Adilabad,Adilabad Rural,0.0,25.1,32.2,70.0,97.1,0.0,11.8
2019-09-02,Adilabad,Adilabad Rural,0.0,24.9,32.9,77.0,93.4,0.0,0.1
2019-09-03,Adilabad,Adilabad Rural,1.8,24.9,28.0,86.0,97.0,0.0,0.2
2019-09-04,Adilabad,Adilabad Rural,8.3,24.3,30.5,78.0,99.9,0.0,9.6
2019-09-05,Adilabad,Adilabad Rural,6.0,24.3,28.1,92.1,99.5,0.0,9.9
2019-09-06,Adilabad,Adilabad Rural,1.0,24.9,32.6,74.7,97.6,0.0,12.8
2019-09-07,Adilabad,Adilabad Rural,6.0,24.5,29.6,86.8,97.5,0.0,12.7
2019-09-08,Adilabad,Adilabad Rural,0.0,25.0,30.7,84.3,95.1,0.0,14.5
2019-09-09,Adilabad,Adilabad Rural,3.8,24.4,30.1,77.8,99.0,0.0,14.5
2019-09-11,Adilabad,Adilabad Rural,0.5,26.0,33.2,70.9,93.6,8.8,15.0
2019-09-12,Adilabad,Adilabad Rural,32.3,24.9,32.4,76.9,99.8,1.2,15.4
2019-09-13,Adilabad,Adilabad Rural,7.8,23.9,27.8,90.4,99.0,0.0,10.8
2019-09-14,Adilabad,Adilabad Rural,1.8,24.2,33.0,74.0,98.9,0.0,13.4
2019-09-15,Adilabad,Adilabad Rural,0.0,23.4,32.6,73.8,99.5,0.0,11.5
2019-09-16,Adilabad,Adilabad Rural,0.0,24.9,32.6,71.2,99.8,0.0,9.3
2019-09-17,Adilabad,Adilabad Rural,0.8,24.9,32.6,77.5,99.8,0.0,14.3
2019-09-18 00:00:00,Adilabad,Adilabad Rural,52.3,22.6,32.6,77.5,100.0,0.0,10.6
2019-09-19 00:00:00,Adilabad,Adilabad Rural,3.8,24.1,30.1,84.3,100.0,0.0,8.4
2019-09-20 00:00:00,Adilabad,Adilabad Rural,2.3,24.6,30.1,84.3,100.0,0.6,12.3
2019-09-21 00:00:00,Adilabad,Adilabad Rural,0.8,24.9,35.5,63.5,98.9,0.0,9.6
2019-09-22 00:00:00,Adilabad,Adilabad Rural,5.0,24.9,35.4,63.5,99.9,0.0,11.9
2019-09-23 00:00:00,Adilabad,Adilabad Rural,0.0,24.9,35.2,63.6,99.9,0.0,9.5
2019-09-24 00:00:00,Adilabad,Adilabad Rural,0.0,24.9,34.8,69.1,99.9,0.0,11.6
2019-09-25 00:00:00,Adilabad,Adilabad Rural,3.8,24.9,30.3,79.4,99.7,0.0,7.7
2019-09-26 00:00:00,Adilabad,Adilabad Rural,2.0,23.7,32.6,72.9,100.0,1.4,9.9
2019-09-27 00:00:00,Adilabad,Adilabad Rural,0.0,24.9,32.6,76.9,97.0,2.8,13.4
2019-09-28 00:00:00,Adilabad,Adilabad Rural,0.0,24.4,32.6,71.9,97.7,2.7,12.7
2019-09-29 00:00:00,Adilabad,Adilabad Rural,0.0,24.7,35.0,61.4,96.9,0.0,14.5
2019-09-30 00:00:00,Adilabad,Adilabad Rural,0.5,23.3,35.5,63.5,97.5,0.0,13.9
2019-10-01,Adilabad,Adilabad Rural,0.0,24.6,35.2,65.8,96.9,0.0,13.9
2019-10-02,Adilabad,Adilabad Rural,0.0,24.9,35.2,60.1,98.0,0.0,7.6
2019-10-03,Adilabad,Adilabad Rural,0.0,23.0,33.1,67.5,99.2,0.0,12.7
2019-10-04,Adilabad,Adilabad Rural,0.5,23.0,34.8,63.1,98.9,0.0,9.1
2019-10-05,Adilabad,Adilabad Rural,0.0,22.4,35.0,63.8,99.7,0.0,10.4
2019-10-06,Adilabad,Adilabad Rural,0.0,22.3,34.7,64.9,100.0,0.0,10.5
2019-10-07,Adilabad,Adilabad Rural,0.0,23.0,35.0,53.7,98.4,0.0,10.2
2019-10-08,Adilabad,Adilabad Rural,0.0,22.4,33.3,63.1,100.0,0.0,8.1
2019-10-09,Adilabad,Adilabad Rural,0.0,22.3,32.7,70.9,100.0,0.0,9.5
2019-10-10,Adilabad,Adilabad Rural,0.0,23.0,33.0,64.0,100.0,0.0,10.9
2019-10-11,Adilabad,Adilabad Rural,0.0,24.6,33.1,62.8,98.6,0.0,9.4
2019-10-12,Adilabad,Adilabad Rural,3.3,24.9,32.6,65.8,99.6,0.0,11.1
2019-10-13,Adilabad,Adilabad Rural,0.0,22.4,32.9,68.7,100.0,0.0,9.0
2019-10-14,Adilabad,Adilabad Rural,0.0,22.4,32.6,63.6,98.7,0.0,11.4
2019-10-15,Adilabad,Adilabad Rural,0.0,20.5,32.6,56.4,97.7,0.0,11.8
2019-10-16,Adilabad,Adilabad Rural,0.0,20.2,33.3,47.4,96.8,0.0,10.7
2019-10-17,Adilabad,Adilabad Rural,0.0,21.0,32.6,39.2,97.2,0.1,10.8
2019-10-18,Adilabad,Adilabad Rural,18.3,22.5,30.6,61.5,98.0,0.1,10.8
2019-10-19,Adilabad,Adilabad Rural,7.3,22.1,29.9,80.9,99.8,0.1,10.8
2019-10-20,Adilabad,Adilabad Rural,2.5,22.3,30.1,77.6,99.5,0.1,10.8
2019-10-21,Adilabad,Adilabad Rural,0.8,22.8,30.2,82.1,100.0,0.1,10.8
2019-10-22,Adilabad,Adilabad Rural,5.5,22.4,27.9,91.5,100.0,0.0,6.7
2019-10-23,Adilabad,Adilabad Rural,0.0,22.4,32.6,71.5,99.9,0.0,5.7
2019-10-24,Adilabad,Adilabad Rural,0.0,24.9,30.2,76.9,99.2,0.0,6.0
2019-10-25,Adilabad,Adilabad Rural,2.8,23.2,30.1,76.9,99.7,0.0,7.1
2019-10-26,Adilabad,Adilabad Rural,4.0,22.9,28.2,84.5,100.0,0.0,6.2
2019-10-27,Adilabad,Adilabad Rural,1.8,22.1,32.7,70.9,100.0,0.0,9.3
2019-10-28,Adilabad,Adilabad Rural,0.0,23.3,35.5,65.5,99.9,0.0,6.4
2019-10-29,Adilabad,Adilabad Rural,0.0,22.4,30.2,79.8,99.9,1.5,4.5
2019-10-30,Adilabad,Adilabad Rural,22.5,21.9,32.6,71.7,100.0,0.0,10.7
2019-10-31,Adilabad,Adilabad Rural,0.0,23.5,32.4,74.5,98.8,0.0,6.7
2019-11-01,Adilabad,Adilabad Rural,9.5,24.9,33.1,70.6,99.9,0.0,4.9
2019-11-02,Adilabad,Adilabad Rural,0.0,24.5,32.6,70.9,99.6,0.0,7.6
2019-11-03,Adilabad,Adilabad Rural,0.0,21.4,30.1,77.0,100.0,0.0,5.1
2019-11-04,Adilabad,Adilabad Rural,0.0,22.4,33.1,55.7,98.9,0.0,4.9
2019-11-05,Adilabad,Adilabad Rural,0.0,22.4,32.6,58.0,99.0,0.0,3.8
2019-11-06,Adilabad,Adilabad Rural,0.0,21.4,33.2,47.6,100.0,0.0,5.7
2019-11-07,Adilabad,Adilabad Rural,0.0,22.1,32.8,53.7,98.0,0.0,2.9
2019-11-08,Adilabad,Adilabad Rural,0.0,22.4,33.2,50.9,97.6,0.0,4.5
2019-11-09,Adilabad,Adilabad Rural,0.0,21.3,32.8,55.3,99.9,0.0,5.1
2019-11-10,Adilabad,Adilabad Rural,0.0,17.5,30.7,51.5,99.7,0.0,6.3
2019-11-11,Adilabad,Adilabad Rural,0.0,20.5,32.5,54.7,98.5,0.0,3.9
2019-11-12,Adilabad,Adilabad Rural,0.0,19.3,30.3,65.6,100.0,0.0,7.3
2019-11-13,Adilabad,Adilabad Rural,0.0,17.9,32.3,54.6,97.5,0.3,7.0
2019-11-14,Adilabad,Adilabad Rural,0.0,16.3,30.6,39.9,96.9,0.0,9.5
2019-11-15,Adilabad,Adilabad Rural,0.0,19.3,30.7,46.6,96.4,0.3,7.2
2019-11-16,Adilabad,Adilabad Rural,0.0,19.2,30.1,54.6,98.6,0.0,7.8
2019-11-17,Adilabad,Adilabad Rural,0.0,17.2,32.6,46.5,99.7,0.3,6.9
2019-11-18,Adilabad,Adilabad Rural,0.0,18.9,30.2,54.6,97.1,0.4,7.5
2019-11-19,Adilabad,Adilabad Rural,0.0,16.0,30.1,45.2,98.7,0.0,8.7
2019-11-20,Adilabad,Adilabad Rural,0.0,16.2,30.2,50.4,97.5,0.0,5.5
2019-11-21,Adilabad,Adilabad Rural,0.0,19.3,30.7,54.6,97.3,0.1,5.9
2019-11-22,Adilabad,Adilabad Rural,0.0,18.4,32.1,57.7,98.0,0.0,5.2
2019-11-23,Adilabad,Adilabad Rural,0.0,15.9,30.2,56.7,97.9,0.0,5.2
2019-11-24,Adilabad,Adilabad Rural,0.0,15.9,30.4,45.9,98.6,0.0,8.2
2019-11-25,Adilabad,Adilabad Rural,0.0,16.0,30.7,55.5,97.9,0.3,5.6
2019-11-26,Adilabad,Adilabad Rural,0.0,16.0,32.8,46.5,99.1,0.2,7.2
2019-11-27,Adilabad,Adilabad Rural,0.0,16.9,30.1,62.6,97.7,0.0,6.0
2019-11-28,Adilabad,Adilabad Rural,0.0,16.8,30.1,54.6,97.3,0.0,4.9
2019-11-29,Adilabad,Adilabad Rural,0.0,20.7,32.6,49.5,98.1,0.0,2.9
2019-11-30,Adilabad,Adilabad Rural,0.0,19.0,32.7,56.2,98.3,0.2,7.8
2019-12-01,Adilabad,Adilabad Rural,0.0,18.6,30.1,62.3,98.1,0.0,6.8
2019-12-02,Adilabad,Adilabad Rural,0.0,20.8,30.7,56.1,98.0,0.0,7.9
2019-12-03,Adilabad,Adilabad Rural,0.0,20.3,31.8,50.6,99.8,0.0,5.4
2019-12-04,Adilabad,Adilabad Rural,0.0,18.5,30.1,53.5,98.8,0.0,6.4
2019-12-05,Adilabad,Adilabad Rural,0.0,17.5,30.2,48.6,97.5,0.0,9.0
2019-12-06,Adilabad,Adilabad Rural,0.0,12.1,30.5,43.0,98.9,0.0,7.4
2019-12-07,Adilabad,Adilabad Rural,0.0,15.0,29.7,40.6,96.4,0.0,5.0
2019-12-08,Adilabad,Adilabad Rural,0.0,16.8,28.8,43.6,98.0,0.3,6.4
2019-12-09,Adilabad,Adilabad Rural,0.0,17.3,30.3,56.7,99.7,0.0,4.7
2019-12-10,Adilabad,Adilabad Rural,0.0,13.6,30.6,53.2,99.3,0.0,4.4
2019-12-11,Adilabad,Adilabad Rural,0.0,17.4,30.1,54.6,97.1,0.0,4.4
2019-12-12,Adilabad,Adilabad Rural,0.0,18.6,32.2,46.5,91.2,0.0,4.9
2019-12-13,Adilabad,Adilabad Rural,0.0,20.7,32.4,47.8,83.7,0.2,9.2
2019-12-14,Adilabad,Adilabad Rural,0.0,20.5,30.6,48.3,87.9,0.0,9.9
2019-12-15,Adilabad,Adilabad Rural,0.0,20.4,32.6,58.3,92.6,0.5,5.9
2019-12-16,Adilabad,Adilabad Rural,0.0,19.5,33.1,54.8,97.1,0.0,7.5
2019-12-17,Adilabad,Adilabad Rural,0.0,19.4,30.7,58.6,98.5,0.1,7.4
2019-12-18,Adilabad,Adilabad Rural,0.0,18.4,27.5,63.4,98.1,0.0,3.7
2019-12-19,Adilabad,Adilabad Rural,0.0,17.2,30.4,62.2,97.2,0.0,3.0
2019-12-20,Adilabad,Adilabad Rural,0.0,17.2,30.1,49.0,97.3,0.0,3.1
2019-12-21,Adilabad,Adilabad Rural,0.0,16.9,30.4,50.1,97.3,0.0,4.4
2019-12-22,Adilabad,Adilabad Rural,0.0,19.3,30.1,50.2,95.2,0.4,7.2
2019-12-23,Adilabad,Adilabad Rural,0.0,21.8,32.6,46.8,95.5,0.0,7.3
2019-12-24,Adilabad,Adilabad Rural,0.0,18.4,30.7,54.6,98.0,0.0,5.6
2019-12-25,Adilabad,Adilabad Rural,0.0,20.2,30.1,54.6,89.7,0.0,8.4
2019-12-26,Adilabad,Adilabad Rural,0.0,22.4,30.2,62.6,96.2,0.0,8.4
2019-12-27,Adilabad,Adilabad Rural,0.0,19.9,24.9,67.7,98.9,0.0,7.1
2019-12-28,Adilabad,Adilabad Rural,0.0,11.6,24.9,45.9,88.4,0.4,9.0
2019-12-29,Adilabad,Adilabad Rural,0.0,10.3,25.1,35.8,92.7,0.4,8.3
2019-12-30,Adilabad,Adilabad Rural,0.0,16.1,25.1,33.2,83.6,0.0,6.6
2019-12-31,Adilabad,Adilabad Rural,0.0,19.5,25.9,42.1,84.5,0.1,6.7
