Date,District,Mandal,Rainfall (mm),temp_min (⁰C),temp_max (⁰C),humidity_min (%),Humidity_max (%),wind_speed_min (Kmph),wind_speed_max (Kmph)
2019-01-01,Adilabad,Inderavelly,0.0,9.5,25.6,20.0,66.0,0.0,1.6
2019-01-02,Adilabad,Inderavelly,0.0,10.2,28.1,20.3,71.8,0.1,1.5
2019-01-03,Adilabad,Inderavelly,0.0,12.1,31.5,17.4,78.0,0.0,1.3
2019-01-04,Adilabad,Inderavelly,0.0,12.3,30.3,22.5,81.3,0.0,1.3
2019-01-05,Adilabad,Inderavelly,0.0,13.6,30.5,28.0,75.9,0.0,1.7
2019-01-06,Adilabad,Inderavelly,0.0,14.9,30.2,30.0,84.7,0.0,1.9
2019-01-07,Adilabad,Inderavelly,0.0,14.0,27.8,40.6,97.5,0.0,3.3
2019-01-08,Adilabad,Inderavelly,0.0,13.0,26.4,46.4,77.3,0.0,1.5
2019-01-09,Adilabad,Inderavelly,0.0,9.6,25.3,26.7,74.8,0.0,2.3
2019-01-10,Adilabad,Inderavelly,0.0,9.9,27.1,21.6,79.8,0.2,1.7
2019-01-11,Adilabad,Inderavelly,0.0,13.3,28.0,25.7,68.7,0.0,1.2
2019-01-12,Adilabad,Inderavelly,0.0,15.7,28.7,31.7,92.7,0.0,2.2
2019-01-13,Adilabad,Inderavelly,0.0,16.7,28.5,42.9,97.3,0.0,1.9
2019-01-14,Adilabad,Inderavelly,0.0,15.1,28.9,45.1,98.3,0.0,1.7
2019-01-15,Adilabad,Inderavelly,0.0,15.3,27.8,52.8,82.3,0.0,1.4
2019-01-16,Adilabad,Inderavelly,0.0,12.2,27.6,38.9,82.5,0.2,1.7
2019-01-17,Adilabad,Inderavelly,0.0,12.2,27.9,34.9,75.9,0.0,1.7
2019-01-18,Adilabad,Inderavelly,0.0,13.4,30.8,19.7,78.1,0.0,1.3
2019-01-19,Adilabad,Inderavelly,0.0,14.4,29.2,28.4,74.1,0.1,1.3
2019-01-20,Adilabad,Inderavelly,0.0,12.4,30.5,24.3,72.3,0.0,1.4
2019-01-21,Adilabad,Inderavelly,0.0,12.4,31.9,21.0,66.0,0.0,1.8
2019-01-22,Adilabad,Inderavelly,0.0,16.2,30.6,20.5,89.3,0.0,2.8
2019-01-23,Adilabad,Inderavelly,0.0,16.7,30.1,25.9,93.2,0.0,2.2
2019-01-24,Adilabad,Inderavelly,0.0,16.2,30.0,34.3,88.9,0.2,1.2
2019-01-25,Adilabad,Inderavelly,0.0,18.5,30.2,39.2,92.9,0.2,2.0
2019-01-26,Adilabad,Inderavelly,2.5,16.8,26.7,64.2,100.0,0.0,2.0
2019-01-27,Adilabad,Inderavelly,0.0,15.3,18.9,96.0,100.0,0.7,2.9
2019-01-28,Adilabad,Inderavelly,0.0,12.7,20.3,83.0,99.8,0.0,3.2
2019-01-29,Adilabad,Inderavelly,0.0,11.6,23.3,49.9,83.4,0.0,3.3
2019-01-30,Adilabad,Inderavelly,0.0,6.9,22.3,27.8,77.4,0.0,3.0
2019-01-31,Adilabad,Inderavelly,0.0,8.8,25.3,20.0,69.9,0.1,2.1
2019-02-01,Adilabad,Inderavelly,0.0,13.7,28.3,25.7,88.9,0.0,2.4
2019-02-02,Adilabad,Inderavelly,0.0,15.7,28.1,38.9,83.0,0.0,2.2
2019-02-03,Adilabad,Inderavelly,0.0,15.5,29.1,32.4,80.1,0.0,2.2
2019-02-04,Adilabad,Inderavelly,0.0,15.7,30.9,27.8,66.3,0.0,2.9
2019-02-05,Adilabad,Inderavelly,0.0,15.0,30.2,31.4,66.4,0.0,2.1
2019-02-06,Adilabad,Inderavelly,0.0,14.9,30.4,23.2,81.0,0.0,2.3
2019-02-07,Adilabad,Inderavelly,0.0,19.4,30.4,34.1,85.8,0.0,3.0
2019-02-08,Adilabad,Inderavelly,0.0,18.6,30.5,36.9,66.2,0.0,3.1
2019-02-09,Adilabad,Inderavelly,0.0,13.7,29.8,28.4,52.5,0.2,2.7
2019-02-10,Adilabad,Inderavelly,0.0,13.3,25.2,22.1,39.6,0.0,3.0
2019-02-11,Adilabad,Inderavelly,0.0,13.4,27.2,22.3,57.6,0.0,2.4
2019-02-12,Adilabad,Inderavelly,0.0,18.6,31.2,28.1,87.2,0.0,2.8
2019-02-13,Adilabad,Inderavelly,0.0,16.2,32.1,41.3,83.3,0.0,1.7
2019-02-14,Adilabad,Inderavelly,0.0,16.8,33.6,21.1,69.2,0.0,1.9
2019-02-15,Adilabad,Inderavelly,0.0,20.7,33.6,21.4,68.8,0.0,2.6
2019-02-16,Adilabad,Inderavelly,0.0,17.9,33.7,31.6,94.7,0.1,3.9
2019-02-17,Adilabad,Inderavelly,0.0,18.2,31.9,34.6,84.9,0.0,2.1
2019-02-18,Adilabad,Inderavelly,0.0,14.2,29.4,36.9,74.6,0.0,2.5
2019-02-19,Adilabad,Inderavelly,0.0,18.0,32.0,20.0,71.5,0.0,1.8
2019-02-20,Adilabad,Inderavelly,0.0,21.8,35.0,26.4,91.2,0.0,1.6
2019-02-21,Adilabad,Inderavelly,0.0,21.3,33.1,37.8,85.1,0.0,2.8
2019-02-22,Adilabad,Inderavelly,0.0,21.8,34.4,28.9,72.4,0.0,2.2
2019-02-23,Adilabad,Inderavelly,0.0,22.2,36.6,23.7,70.7,0.0,2.1
2019-02-24,Adilabad,Inderavelly,0.0,21.5,35.7,26.4,63.7,0.0,1.7
2019-02-25,Adilabad,Inderavelly,0.0,19.2,36.7,21.7,71.5,0.0,3.3
2019-02-26,Adilabad,Inderavelly,0.0,18.2,34.3,17.3,51.5,0.2,1.9
2019-02-27,Adilabad,Inderavelly,0.0,15.6,34.5,16.6,45.9,0.0,2.2
2019-02-28,Adilabad,Inderavelly,0.0,16.3,33.3,18.0,50.2,0.0,1.6
2019-03-01,Adilabad,Inderavelly,0.0,17.7,30.6,25.9,49.8,0.3,2.7
2019-03-02,Adilabad,Inderavelly,0.0,21.6,32.5,24.1,67.1,0.0,2.0
2019-03-03,Adilabad,Inderavelly,0.0,22.4,32.5,41.3,89.8,0.0,3.4
2019-03-04,Adilabad,Inderavelly,0.0,20.8,36.3,29.2,89.3,0.0,2.5
2019-03-05,Adilabad,Inderavelly,0.0,22.3,35.4,22.3,66.3,0.0,1.9
2019-03-06,Adilabad,Inderavelly,0.0,18.7,32.5,20.5,49.2,0.0,2.7
2019-03-07,Adilabad,Inderavelly,0.0,18.2,32.2,20.7,53.0,0.1,2.6
2019-03-08,Adilabad,Inderavelly,0.0,18.6,33.7,19.4,49.0,0.0,2.1
2019-03-09,Adilabad,Inderavelly,0.0,18.6,35.8,13.4,66.9,0.0,1.3
2019-03-10,Adilabad,Inderavelly,0.0,20.0,36.7,18.2,77.0,0.0,2.9
2019-03-11,Adilabad,Inderavelly,0.0,23.1,37.1,18.2,76.7,0.0,2.0
2019-03-12,Adilabad,Inderavelly,0.0,23.4,36.7,24.4,71.3,0.0,2.6
2019-03-13,Adilabad,Inderavelly,0.0,24.9,37.5,23.7,55.3,0.0,1.6
2019-03-14,Adilabad,Inderavelly,0.0,21.2,37.0,25.7,54.4,0.0,3.7
2019-03-15,Adilabad,Inderavelly,0.0,22.3,36.0,20.3,42.1,0.0,2.1
2019-03-16,Adilabad,Inderavelly,0.0,22.2,37.6,18.2,54.4,0.0,3.7
2019-03-17,Adilabad,Inderavelly,0.0,21.5,36.6,18.2,77.1,0.2,3.3
2019-03-18,Adilabad,Inderavelly,0.0,21.7,36.8,21.7,64.2,0.1,3.4
2019-03-19,Adilabad,Inderavelly,0.0,21.3,34.9,25.5,68.0,0.0,3.6
2019-03-20,Adilabad,Inderavelly,0.0,24.2,37.2,20.3,77.3,0.0,2.9
2019-03-21,Adilabad,Inderavelly,0.0,22.5,35.5,39.3,81.3,0.0,3.7
2019-03-22,Adilabad,Inderavelly,0.0,22.9,34.5,40.1,72.7,0.0,2.1
2019-03-23,Adilabad,Inderavelly,0.0,23.0,36.0,33.3,77.6,0.1,2.2
2019-03-24,Adilabad,Inderavelly,0.0,23.2,37.3,26.4,51.7,0.0,3.4
2019-03-25,Adilabad,Inderavelly,0.0,22.1,37.5,21.0,45.1,0.0,2.0
2019-03-26,Adilabad,Inderavelly,0.0,23.2,38.3,20.5,57.8,0.0,1.9
2019-03-27,Adilabad,Inderavelly,0.0,21.4,38.3,13.0,68.4,0.1,1.7
2019-03-28,Adilabad,Inderavelly,0.0,22.6,37.9,15.7,60.3,0.1,2.5
2019-03-29,Adilabad,Inderavelly,0.0,24.0,37.8,17.1,37.4,0.0,2.1
2019-03-30,Adilabad,Inderavelly,0.0,23.0,38.6,10.3,48.8,0.0,2.4
2019-03-31,Adilabad,Inderavelly,0.0,23.8,39.3,13.0,60.3,0.1,2.3
2019-04-01,Adilabad,Inderavelly,0.0,23.4,41.0,12.5,51.4,0.0,2.4
2019-04-02,Adilabad,Inderavelly,0.0,23.1,40.1,11.1,54.9,0.4,2.7
2019-04-03,Adilabad,Inderavelly,0.0,24.7,39.2,13.0,53.3,0.2,1.7
2019-04-04,Adilabad,Inderavelly,0.0,24.6,38.6,19.8,65.2,0.0,1.9
2019-04-05,Adilabad,Inderavelly,0.0,24.1,38.2,20.5,53.3,0.3,3.4
2019-04-06,Adilabad,Inderavelly,0.0,25.3,38.5,17.8,44.1,0.0,2.0
2019-04-07,Adilabad,Inderavelly,0.0,24.7,39.7,13.8,67.1,0.0,17.0
2019-04-08,Adilabad,Inderavelly,0.0,24.4,39.9,13.0,50.9,0.0,2.2
2019-04-09,Adilabad,Inderavelly,0.0,24.9,39.6,13.0,60.8,0.0,2.3
2019-04-10,Adilabad,Inderavelly,0.0,25.3,40.0,12.3,60.8,0.0,2.2
2019-04-11,Adilabad,Inderavelly,0.0,27.2,40.2,11.0,63.3,0.0,2.4
2019-04-12,Adilabad,Inderavelly,0.0,27.8,41.0,11.1,48.3,0.2,2.4
2019-04-13,Adilabad,Inderavelly,0.0,24.4,39.6,18.0,44.9,0.0,5.0
2019-04-14,Adilabad,Inderavelly,0.0,25.8,40.1,13.0,43.4,0.0,1.8
2019-04-15,Adilabad,Inderavelly,0.0,27.1,41.3,13.8,41.7,0.0,2.6
2019-04-16,Adilabad,Inderavelly,0.0,23.3,40.5,16.6,62.7,0.1,2.7
2019-04-17,Adilabad,Inderavelly,0.0,23.6,38.6,17.1,58.3,0.4,2.3
2019-04-18,Adilabad,Inderavelly,0.0,26.0,36.9,27.1,45.8,0.1,2.4
2019-04-19,Adilabad,Inderavelly,0.0,23.9,37.9,22.6,63.2,0.0,3.0
2019-04-20,Adilabad,Inderavelly,0.0,25.1,38.9,16.9,61.7,0.1,1.7
2019-04-21,Adilabad,Inderavelly,0.0,25.7,38.0,21.9,63.2,0.2,3.1
2019-04-22,Adilabad,Inderavelly,0.0,27.2,38.1,18.4,61.8,0.2,1.9
2019-04-23,Adilabad,Inderavelly,0.0,25.1,37.5,27.8,56.3,0.0,3.0
2019-04-24,Adilabad,Inderavelly,0.0,24.9,38.4,17.1,53.8,0.0,2.3
2019-04-25,Adilabad,Inderavelly,0.0,26.8,41.6,18.2,43.1,0.0,2.2
2019-04-26,Adilabad,Inderavelly,0.0,27.9,42.5,13.6,41.2,0.0,2.0
2019-04-27,Adilabad,Inderavelly,0.0,29.9,42.9,13.3,38.1,0.1,1.5
2019-04-28,Adilabad,Inderavelly,0.0,29.5,42.7,13.3,47.8,0.0,2.3
2019-04-29,Adilabad,Inderavelly,0.0,29.4,41.9,16.6,51.7,0.0,3.1
2019-04-30,Adilabad,Inderavelly,0.0,29.1,42.2,19.4,45.5,0.2,2.5
2019-05-01,Adilabad,Inderavelly,0.0,27.6,42.5,9.8,43.4,0.0,1.6
2019-05-02,Adilabad,Inderavelly,0.0,29.9,41.5,11.1,26.6,0.0,2.8
2019-05-03,Adilabad,Inderavelly,0.0,28.7,41.0,10.4,28.0,0.3,3.2
2019-05-04,Adilabad,Inderavelly,0.0,26.2,39.9,11.0,28.0,0.1,2.4
2019-05-05,Adilabad,Inderavelly,0.0,29.8,40.5,12.3,29.3,0.4,3.2
2019-05-06,Adilabad,Inderavelly,0.0,28.3,39.2,12.3,25.0,0.0,2.0
2019-05-07,Adilabad,Inderavelly,0.0,31.0,40.3,11.0,24.1,0.0,3.6
2019-05-08,Adilabad,Inderavelly,0.0,31.6,41.6,10.4,20.7,0.0,4.2
2019-05-09,Adilabad,Inderavelly,0.0,31.4,41.3,11.1,24.5,0.1,2.7
2019-05-10,Adilabad,Inderavelly,0.0,30.8,40.8,13.0,30.7,0.2,3.4
2019-05-11,Adilabad,Inderavelly,0.0,30.3,41.2,13.2,32.7,0.0,2.7
2019-05-12,Adilabad,Inderavelly,0.0,27.8,40.6,17.3,50.2,0.9,1.7
2019-05-13,Adilabad,Inderavelly,0.0,27.4,41.9,11.8,38.6,0.0,2.0
2019-05-14,Adilabad,Inderavelly,0.0,26.5,41.3,13.8,53.8,0.0,0.1
2019-05-15,Adilabad,Inderavelly,0.0,27.9,40.9,13.8,38.9,0.0,6.7
2019-05-16,Adilabad,Inderavelly,0.0,28.2,42.1,11.8,43.4,,
2019-05-17,Adilabad,Inderavelly,0.0,30.1,40.7,13.8,32.6,0.0,16.4
2019-05-18,Adilabad,Inderavelly,0.0,31.3,41.0,13.0,27.5,0.0,5.9
2019-05-19,Adilabad,Inderavelly,0.0,30.9,40.8,14.5,23.7,0.0,0.2
2019-05-20,Adilabad,Inderavelly,0.0,27.5,41.5,11.8,31.4,0.0,2.2
2019-05-21,Adilabad,Inderavelly,0.0,29.3,42.9,12.7,39.2,0.0,1.2
2019-05-22,Adilabad,Inderavelly,0.0,29.0,41.6,17.3,47.4,0.0,12.0
2019-05-23,Adilabad,Inderavelly,0.0,31.6,42.8,14.5,45.9,0.0,12.5
2019-05-24,Adilabad,Inderavelly,0.0,30.4,40.8,20.7,48.3,0.0,19.0
2019-05-25,Adilabad,Inderavelly,0.0,30.9,42.0,15.9,38.2,0.0,14.4
2019-05-26,Adilabad,Inderavelly,0.0,33.0,42.0,15.2,27.5,0.0,19.8
2019-05-27,Adilabad,Inderavelly,0.0,32.7,42.9,13.3,25.7,0.0,0.4
2019-05-28,Adilabad,Inderavelly,0.0,31.4,43.2,13.2,48.2,0.0,17.0
2019-05-29,Adilabad,Inderavelly,0.0,32.4,43.1,12.7,39.9,0.0,13.3
2019-05-30,Adilabad,Inderavelly,0.0,29.0,43.4,11.8,50.6,0.0,29.1
2019-05-31,Adilabad,Inderavelly,0.0,30.1,41.0,18.7,53.7,1.4,23.5
2019-06-01,Adilabad,Inderavelly,0.0,26.8,42.3,16.1,61.8,0.8,18.9
2019-06-02,Adilabad,Inderavelly,0.0,27.1,37.1,32.9,60.8,0.0,23.0
2019-06-03,Adilabad,Inderavelly,0.0,29.8,42.0,19.4,50.6,0.0,13.3
2019-06-04,Adilabad,Inderavelly,1.1,24.9,42.9,18.9,73.6,0.0,37.5
2019-06-05,Adilabad,Inderavelly,0.0,30.0,41.6,24.9,52.7,0.0,21.0
2019-06-06,Adilabad,Inderavelly,0.0,32.4,42.6,20.3,35.8,0.0,15.0
2019-06-07,Adilabad,Inderavelly,1.3,29.1,44.4,21.8,58.6,0.0,2.8
2019-06-08,Adilabad,Inderavelly,10.8,24.8,42.4,20.0,76.4,0.0,0.1
2019-06-09,Adilabad,Inderavelly,0.0,29.5,38.6,43.4,64.3,0.0,2.4
2019-06-10,Adilabad,Inderavelly,4.4,28.2,41.0,22.1,65.3,0.2,2.3
2019-06-11,Adilabad,Inderavelly,0.0,28.8,41.0,22.1,44.1,0.1,2.5
2019-06-12,Adilabad,Inderavelly,0.0,31.9,41.7,32.8,43.5,0.1,2.5
2019-06-13,Adilabad,Inderavelly,0.0,29.2,41.3,31.2,59.7,0.4,3.5
2019-06-14,Adilabad,Inderavelly,0.0,29.8,39.5,33.9,70.4,1.1,2.7
2019-06-15,Adilabad,Inderavelly,0.0,30.1,40.3,31.9,63.1,0.2,2.7
2019-06-16,Adilabad,Inderavelly,0.0,30.1,39.7,31.7,70.4,0.2,3.2
2019-06-17,Adilabad,Inderavelly,5.1,24.9,39.5,33.1,85.7,0.4,3.0
2019-06-18,Adilabad,Inderavelly,0.0,29.8,39.3,34.9,72.5,0.0,3.0
2019-06-19,Adilabad,Inderavelly,0.0,30.1,38.4,31.7,58.6,0.0,3.4
2019-06-20,Adilabad,Inderavelly,0.0,30.1,39.6,30.0,73.2,0.2,3.3
2019-06-21,Adilabad,Inderavelly,5.1,24.9,37.8,47.5,99.6,0.0,0.5
2019-06-22,Adilabad,Inderavelly,0.0,24.9,37.8,47.3,90.3,0.0,2.5
2019-06-23,Adilabad,Inderavelly,32.8,24.9,35.2,50.3,99.9,0.0,0.2
2019-06-24,Adilabad,Inderavelly,15.2,24.9,35.6,53.3,99.9,0.2,2.7
2019-06-25,Adilabad,Inderavelly,0.0,27.5,36.6,48.9,99.1,0.0,2.0
2019-06-26,Adilabad,Inderavelly,0.0,27.5,37.3,47.3,92.6,0.0,3.9
2019-06-27,Adilabad,Inderavelly,0.0,27.5,37.8,55.5,90.8,0.0,1.7
2019-06-28,Adilabad,Inderavelly,0.3,27.5,37.7,43.9,90.8,0.0,0.1
2019-06-29,Adilabad,Inderavelly,32.6,24.9,34.8,56.2,99.9,0.2,2.9
2019-06-30,Adilabad,Inderavelly,35.6,23.6,32.6,70.8,99.9,0.0,0.7
2019-07-01,Adilabad,Inderavelly,4.4,23.7,30.1,84.6,99.9,0.0,7.7
2019-07-02,Adilabad,Inderavelly,2.6,24.6,29.7,74.3,99.9,0.0,1.1
2019-07-03,Adilabad,Inderavelly,13.2,24.7,31.7,75.6,99.9,0.0,10.9
2019-07-04,Adilabad,Inderavelly,5.8,26.2,30.9,73.5,91.1,0.0,19.6
2019-07-05,Adilabad,Inderavelly,1.5,26.6,34.7,59.7,93.3,0.0,12.0
2019-07-06,Adilabad,Inderavelly,9.7,25.3,32.9,59.1,95.4,0.0,10.5
2019-07-07,Adilabad,Inderavelly,2.8,25.4,32.6,66.6,93.3,0.0,22.4
2019-07-08,Adilabad,Inderavelly,12.1,25.7,32.1,68.7,94.2,0.0,11.1
2019-07-09,Adilabad,Inderavelly,7.3,24.7,32.3,70.1,99.9,0.0,0.7
2019-07-10,Adilabad,Inderavelly,6.6,24.7,32.9,66.3,97.7,0.0,13.9
2019-07-11,Adilabad,Inderavelly,22.4,24.7,35.2,55.4,97.5,0.0,12.7
2019-07-12,Adilabad,Inderavelly,0.8,24.7,32.9,70.9,92.0,0.0,2.7
2019-07-13,Adilabad,Inderavelly,0.2,26.6,34.0,55.2,85.1,0.0,11.9
2019-07-14,Adilabad,Inderavelly,0.7,27.0,35.4,56.9,99.9,0.0,13.7
2019-07-15,Adilabad,Inderavelly,0.0,27.4,35.8,52.0,90.8,0.0,10.4
2019-07-16,Adilabad,Inderavelly,0.2,27.5,36.6,44.5,85.5,0.0,3.2
2019-07-17,Adilabad,Inderavelly,0.0,26.8,36.2,45.7,84.5,0.0,6.5
2019-07-18,Adilabad,Inderavelly,0.0,27.5,37.3,49.9,83.4,0.0,15.5
2019-07-19,Adilabad,Inderavelly,0.8,26.0,37.7,38.4,97.1,0.0,10.3
2019-07-20,Adilabad,Inderavelly,73.6,25.4,35.9,49.5,97.6,0.0,2.1
2019-07-21,Adilabad,Inderavelly,28.7,23.9,33.1,66.4,97.5,0.2,1.6
2019-07-22,Adilabad,Inderavelly,0.0,25.7,34.4,60.8,93.7,0.0,6.3
2019-07-23,Adilabad,Inderavelly,0.0,25.9,34.6,59.1,92.8,0.0,8.6
2019-07-24,Adilabad,Inderavelly,0.0,26.8,35.7,56.9,83.0,0.0,2.0
2019-07-25,Adilabad,Inderavelly,0.0,26.5,36.2,52.6,79.4,0.0,9.6
2019-07-26,Adilabad,Inderavelly,5.2,23.6,33.6,57.6,94.7,0.0,11.9
2019-07-27,Adilabad,Inderavelly,18.8,23.4,26.3,81.5,93.8,0.0,3.4
2019-07-28,Adilabad,Inderavelly,23.1,23.5,26.9,80.2,96.5,0.0,11.2
2019-07-29,Adilabad,Inderavelly,40.4,23.5,26.8,86.9,96.8,0.0,4.5
2019-07-30,Adilabad,Inderavelly,100.9,22.3,24.9,94.3,98.0,0.0,13.2
2019-07-31,Adilabad,Inderavelly,25.2,22.7,24.1,89.4,97.1,0.0,13.9
2019-08-01,Adilabad,Inderavelly,3.7,23.6,29.9,72.7,93.0,0.0,7.1
2019-08-02,Adilabad,Inderavelly,21.7,23.6,26.9,83.2,96.1,0.0,1.8
2019-08-03,Adilabad,Inderavelly,28.5,23.6,26.5,86.9,97.4,0.0,15.1
2019-08-04,Adilabad,Inderavelly,172.0,23.4,25.6,88.7,98.1,0.0,15.5
2019-08-05,Adilabad,Inderavelly,0.0,25.4,31.1,71.4,88.0,0.0,14.6
2019-08-06,Adilabad,Inderavelly,0.7,24.5,30.6,72.3,94.4,0.0,11.4
2019-08-07,Adilabad,Inderavelly,9.4,24.4,28.0,84.1,93.8,0.0,13.8
2019-08-08,Adilabad,Inderavelly,30.1,23.2,26.9,88.8,96.6,0.0,10.1
2019-08-09,Adilabad,Inderavelly,17.9,23.1,25.2,85.5,94.8,0.0,14.9
2019-08-10,Adilabad,Inderavelly,1.3,23.9,30.7,75.5,95.0,0.0,8.4
2019-08-11,Adilabad,Inderavelly,2.1,24.3,33.1,65.5,90.7,0.0,9.0
2019-08-12,Adilabad,Inderavelly,0.0,24.2,33.8,60.0,94.3,0.0,12.2
2019-08-13,Adilabad,Inderavelly,1.4,25.1,31.6,66.6,93.4,0.0,15.5
2019-08-14,Adilabad,Inderavelly,5.8,24.1,28.6,79.3,97.6,0.0,10.5
2019-08-15,Adilabad,Inderavelly,0.0,24.3,30.8,73.9,97.2,0.0,12.2
2019-08-16,Adilabad,Inderavelly,0.0,25.7,32.9,64.1,91.9,0.0,7.6
2019-08-17,Adilabad,Inderavelly,0.0,24.5,33.5,57.8,94.9,0.0,0.2
2019-08-18,Adilabad,Inderavelly,0.0,24.5,34.1,57.8,95.2,0.0,1.3
2019-08-19,Adilabad,Inderavelly,0.0,24.2,32.0,59.9,95.9,0.0,10.8
2019-08-20,Adilabad,Inderavelly,0.0,25.5,32.9,59.5,92.2,0.0,11.6
2019-08-21,Adilabad,Inderavelly,2.8,24.8,32.2,63.9,93.6,0.0,16.1
2019-08-22,Adilabad,Inderavelly,0.0,24.6,30.6,71.5,92.6,0.0,0.6
2019-08-23,Adilabad,Inderavelly,22.3,23.1,30.7,72.2,97.8,0.0,0.3
2019-08-24,Adilabad,Inderavelly,0.0,24.3,27.8,84.1,94.7,0.0,2.1
2019-08-25,Adilabad,Inderavelly,0.0,24.6,32.1,66.6,89.6,0.0,3.7
2019-08-26,Adilabad,Inderavelly,0.5,24.5,28.6,79.7,96.1,0.0,1.3
2019-08-27,Adilabad,Inderavelly,0.0,23.7,29.5,75.1,93.7,0.0,3.6
2019-08-28,Adilabad,Inderavelly,0.0,23.7,31.0,64.6,96.4,0.0,3.8
2019-08-29,Adilabad,Inderavelly,0.0,24.0,33.5,57.3,94.7,0.0,2.1
2019-08-30,Adilabad,Inderavelly,0.0,25.3,33.6,57.5,94.6,0.0,1.8
2019-08-31,Adilabad,Inderavelly,0.8,23.8,34.4,55.9,96.3,0.0,0.1
2019-09-01,Adilabad,Inderavelly,0.0,24.4,30.6,70.6,92.9,0.0,1.7
2019-09-02,Adilabad,Inderavelly,1.0,23.7,31.0,73.5,92.0,0.0,0.1
2019-09-03,Adilabad,Inderavelly,9.0,23.5,27.0,81.4,96.0,0.0,0.2
2019-09-04,Adilabad,Inderavelly,7.0,23.5,28.9,80.6,100.0,0.0,9.6
2019-09-05,Adilabad,Inderavelly,0.7,23.7,25.7,95.8,100.0,0.0,9.9
2019-09-06,Adilabad,Inderavelly,0.9,23.6,30.5,93.6,100.0,0.0,12.8
2019-09-07,Adilabad,Inderavelly,8.2,23.2,26.5,86.8,97.5,0.0,12.7
2019-09-08,Adilabad,Inderavelly,0.0,23.9,27.8,84.3,95.1,0.0,14.5
2019-09-09,Adilabad,Inderavelly,4.7,23.9,28.9,97.9,100.0,0.0,14.5
2019-09-11,Adilabad,Inderavelly,0.0,24.5,30.6,92.2,100.0,8.8,15.0
2019-09-12,Adilabad,Inderavelly,19.2,23.9,30.9,69.4,96.3,0.3,2.2
2019-09-13,Adilabad,Inderavelly,3.2,22.5,24.2,90.4,99.0,0.0,10.8
2019-09-14,Adilabad,Inderavelly,0.7,22.5,29.8,97.9,100.0,0.0,13.4
2019-09-15,Adilabad,Inderavelly,7.2,22.7,28.9,98.4,100.0,0.0,11.5
2019-09-16,Adilabad,Inderavelly,0.0,23.5,29.8,97.1,100.0,0.0,9.3
2019-09-17,Adilabad,Inderavelly,3.2,23.5,29.7,99.8,100.0,0.0,14.3
2019-09-18 00:00:00,Adilabad,Inderavelly,55.2,22.3,30.2,97.7,100.0,0.0,10.6
2019-09-19 00:00:00,Adilabad,Inderavelly,1.4,23.2,29.8,94.6,100.0,0.0,8.4
2019-09-20 00:00:00,Adilabad,Inderavelly,18.6,24.9,31.2,90.7,100.0,0.6,12.3
2019-09-21 00:00:00,Adilabad,Inderavelly,1.7,23.5,33.4,65.4,99.9,0.0,9.6
2019-09-22 00:00:00,Adilabad,Inderavelly,9.8,24.9,32.6,78.1,99.9,0.0,11.9
2019-09-23 00:00:00,Adilabad,Inderavelly,0.0,24.9,32.6,73.9,99.9,0.0,9.5
2019-09-24 00:00:00,Adilabad,Inderavelly,7.1,24.5,33.2,60.9,99.9,0.0,11.6
2019-09-25 00:00:00,Adilabad,Inderavelly,3.7,24.5,30.2,78.2,99.9,0.0,7.7
2019-09-26 00:00:00,Adilabad,Inderavelly,3.6,24.9,30.3,81.8,99.9,1.4,9.9
2019-09-27 00:00:00,Adilabad,Inderavelly,0.0,23.5,30.2,74.3,99.9,2.8,13.4
2019-09-28 00:00:00,Adilabad,Inderavelly,0.0,23.2,30.1,85.9,99.9,2.7,12.7
2019-09-29 00:00:00,Adilabad,Inderavelly,0.0,23.5,32.8,59.9,96.9,0.0,2.1
2019-09-30 00:00:00,Adilabad,Inderavelly,0.1,22.3,34.3,58.0,96.6,0.0,2.6
2019-10-01,Adilabad,Inderavelly,0.0,23.2,33.4,66.2,97.3,0.0,2.3
2019-10-02,Adilabad,Inderavelly,0.0,24.0,33.0,57.5,100.0,0.0,7.6
2019-10-03,Adilabad,Inderavelly,0.0,22.2,30.7,85.0,100.0,0.0,12.7
2019-10-04,Adilabad,Inderavelly,0.0,22.4,31.5,64.2,100.0,0.0,9.1
2019-10-05,Adilabad,Inderavelly,0.0,21.8,31.0,65.2,100.0,0.0,10.4
2019-10-06,Adilabad,Inderavelly,0.0,21.9,30.6,66.1,100.0,0.0,10.5
2019-10-07,Adilabad,Inderavelly,0.0,21.9,32.9,54.2,100.0,0.0,10.2
2019-10-08,Adilabad,Inderavelly,0.0,22.4,30.8,87.0,100.0,0.0,8.1
2019-10-09,Adilabad,Inderavelly,0.0,21.9,30.8,83.6,100.0,0.0,9.5
2019-10-10,Adilabad,Inderavelly,0.0,22.1,31.3,86.5,100.0,0.0,10.9
2019-10-11,Adilabad,Inderavelly,0.0,22.9,30.9,61.7,100.0,0.0,9.4
2019-10-12,Adilabad,Inderavelly,5.8,23.3,30.8,87.0,100.0,0.0,11.1
2019-10-13,Adilabad,Inderavelly,0.0,21.6,30.4,87.0,100.0,0.0,9.0
2019-10-14,Adilabad,Inderavelly,0.5,22.1,30.6,82.2,100.0,0.0,11.4
2019-10-15,Adilabad,Inderavelly,0.0,19.4,31.1,58.7,90.5,0.0,11.8
2019-10-16,Adilabad,Inderavelly,0.0,18.1,30.9,53.8,84.7,0.0,10.7
2019-10-17,Adilabad,Inderavelly,0.0,21.7,30.9,46.7,82.8,0.0,12.6
2019-10-18,Adilabad,Inderavelly,15.6,21.8,30.6,61.7,100.0,1.0,11.9
2019-10-19,Adilabad,Inderavelly,34.0,21.1,29.4,87.0,100.0,0.0,9.1
2019-10-20,Adilabad,Inderavelly,1.1,21.5,28.1,91.4,100.0,0.0,10.9
2019-10-21,Adilabad,Inderavelly,1.0,22.3,29.0,88.1,100.0,0.0,15.1
2019-10-22,Adilabad,Inderavelly,15.4,20.8,27.2,91.4,100.0,0.0,11.6
2019-10-23,Adilabad,Inderavelly,0.0,21.8,30.4,85.5,100.0,0.0,8.2
2019-10-24,Adilabad,Inderavelly,0.0,22.8,28.8,91.4,100.0,0.0,9.5
2019-10-25,Adilabad,Inderavelly,12.9,22.4,28.1,90.0,100.0,0.0,12.2
2019-10-26,Adilabad,Inderavelly,2.5,22.4,27.5,93.8,100.0,0.0,10.6
2019-10-27,Adilabad,Inderavelly,20.0,20.7,30.7,86.0,100.0,0.0,13.3
2019-10-28,Adilabad,Inderavelly,0.0,22.4,32.9,68.2,97.2,0.0,2.0
2019-10-29,Adilabad,Inderavelly,14.6,22.5,30.1,78.8,97.3,4.4,9.0
2019-10-30,Adilabad,Inderavelly,14.3,21.5,29.5,83.4,100.0,0.0,14.6
2019-10-31,Adilabad,Inderavelly,16.6,22.2,30.4,81.8,100.0,0.0,11.3
2019-11-01,Adilabad,Inderavelly,0.0,24.9,30.5,72.8,99.9,0.0,6.0
2019-11-02,Adilabad,Inderavelly,0.0,24.9,31.4,66.3,99.9,0.0,10.0
2019-11-03,Adilabad,Inderavelly,5.1,22.4,30.9,67.8,99.9,0.0,6.8
2019-11-04,Adilabad,Inderavelly,2.8,22.4,32.4,63.8,99.9,0.0,8.6
2019-11-05,Adilabad,Inderavelly,0.0,21.7,32.8,54.8,99.9,0.0,8.1
2019-11-06,Adilabad,Inderavelly,0.0,21.7,32.7,53.8,99.9,0.0,8.7
2019-11-07,Adilabad,Inderavelly,0.0,22.4,33.0,53.4,99.9,0.0,5.0
2019-11-08,Adilabad,Inderavelly,0.0,21.1,33.1,53.3,99.9,0.0,7.1
2019-11-09,Adilabad,Inderavelly,0.0,21.7,32.5,62.2,99.9,0.0,7.3
2019-11-10,Adilabad,Inderavelly,0.0,18.0,30.3,54.6,95.5,0.0,9.3
2019-11-11,Adilabad,Inderavelly,0.0,19.6,30.6,54.6,96.0,0.0,8.1
2019-11-12,Adilabad,Inderavelly,0.0,20.3,32.2,62.6,99.9,0.0,8.0
2019-11-13,Adilabad,Inderavelly,0.0,19.6,30.1,48.0,96.2,0.8,9.6
2019-11-14,Adilabad,Inderavelly,0.0,19.3,30.3,40.7,94.8,0.0,10.9
2019-11-15,Adilabad,Inderavelly,0.0,18.1,30.5,50.0,91.0,0.8,11.2
2019-11-16,Adilabad,Inderavelly,0.0,19.2,30.4,48.8,97.5,0.0,12.3
2019-11-17,Adilabad,Inderavelly,0.0,18.4,30.1,54.6,90.4,0.9,12.9
2019-11-18,Adilabad,Inderavelly,0.0,17.2,30.6,50.6,91.9,1.2,13.2
2019-11-19,Adilabad,Inderavelly,0.0,17.4,30.4,46.5,97.7,0.0,13.8
2019-11-20,Adilabad,Inderavelly,0.0,16.3,32.6,45.6,93.1,0.0,8.8
2019-11-21,Adilabad,Inderavelly,0.0,17.6,30.3,46.5,95.5,0.4,8.3
2019-11-22,Adilabad,Inderavelly,0.0,17.4,32.1,48.6,93.3,0.0,9.7
2019-11-23,Adilabad,Inderavelly,0.0,16.7,30.3,46.5,94.8,0.0,7.1
2019-11-24,Adilabad,Inderavelly,0.0,16.4,30.3,46.5,99.9,0.0,10.1
2019-11-25,Adilabad,Inderavelly,0.0,16.1,30.3,41.6,95.1,0.9,7.7
2019-11-26,Adilabad,Inderavelly,0.0,16.0,30.5,47.4,99.9,0.7,10.2
2019-11-27,Adilabad,Inderavelly,0.0,16.5,30.8,54.5,99.9,0.0,8.7
2019-11-28,Adilabad,Inderavelly,0.0,17.3,32.2,53.0,99.9,0.0,7.1
2019-11-29,Adilabad,Inderavelly,0.0,20.1,32.5,46.5,99.9,0.0,6.6
2019-11-30,Adilabad,Inderavelly,0.0,20.3,32.4,48.3,99.9,0.5,10.1
2019-12-01,Adilabad,Inderavelly,0.0,18.2,30.1,54.6,98.4,0.0,12.2
2019-12-02,Adilabad,Inderavelly,0.0,20.0,30.1,56.7,96.2,0.0,12.7
2019-12-03,Adilabad,Inderavelly,0.0,21.5,32.8,54.7,99.9,0.0,11.2
2019-12-04,Adilabad,Inderavelly,0.3,17.7,30.8,46.5,95.0,0.0,7.6
2019-12-05,Adilabad,Inderavelly,0.0,18.3,30.7,46.5,84.0,0.0,13.4
2019-12-06,Adilabad,Inderavelly,0.0,13.7,29.9,43.0,88.5,0.0,14.4
2019-12-07,Adilabad,Inderavelly,0.0,13.7,29.6,38.8,91.8,0.0,9.4
2019-12-08,Adilabad,Inderavelly,0.0,16.4,29.9,46.1,89.4,0.9,10.2
2019-12-09,Adilabad,Inderavelly,0.0,16.0,29.9,54.2,92.9,0.0,6.5
2019-12-10,Adilabad,Inderavelly,0.0,14.8,29.8,54.5,94.0,0.2,1.4
2019-12-11,Adilabad,Inderavelly,0.0,16.8,29.8,52.6,99.9,0.0,6.6
2019-12-12,Adilabad,Inderavelly,0.0,17.4,31.0,45.0,91.6,0.0,7.1
2019-12-13,Adilabad,Inderavelly,0.0,19.2,30.2,50.3,95.5,0.7,10.9
2019-12-14,Adilabad,Inderavelly,0.0,21.4,30.4,50.7,84.2,0.0,12.3
2019-12-15,Adilabad,Inderavelly,0.0,19.8,30.6,56.1,99.9,1.4,8.4
2019-12-16,Adilabad,Inderavelly,0.0,18.5,30.7,56.2,99.9,0.0,11.4
2019-12-17,Adilabad,Inderavelly,0.0,19.5,29.9,54.7,99.9,0.3,15.5
2019-12-18,Adilabad,Inderavelly,0.0,17.3,27.6,64.2,99.9,0.0,8.4
2019-12-19,Adilabad,Inderavelly,0.0,16.1,30.5,54.4,96.6,0.0,7.6
2019-12-20,Adilabad,Inderavelly,0.0,19.3,30.6,47.2,95.6,0.0,7.5
2019-12-21,Adilabad,Inderavelly,0.0,16.9,30.5,46.8,95.6,0.0,9.7
2019-12-22,Adilabad,Inderavelly,0.0,17.5,30.7,48.7,95.5,1.2,12.7
2019-12-23,Adilabad,Inderavelly,0.0,19.6,30.4,49.4,90.6,0.0,12.4
2019-12-24,Adilabad,Inderavelly,0.0,16.2,27.6,61.7,97.5,0.0,10.1
2019-12-25,Adilabad,Inderavelly,0.0,19.5,27.6,57.6,88.8,0.0,9.5
2019-12-26,Adilabad,Inderavelly,0.0,21.3,29.7,61.9,89.5,0.0,9.6
2019-12-27,Adilabad,Inderavelly,0.0,16.6,25.2,77.8,99.9,0.0,11.0
2019-12-28,Adilabad,Inderavelly,0.0,11.2,24.9,45.4,88.8,1.3,14.7
2019-12-29,Adilabad,Inderavelly,0.0,17.4,25.4,35.8,80.9,1.3,10.2
2019-12-30,Adilabad,Inderavelly,0.0,14.7,28.2,30.0,72.5,0.0,11.7
2019-12-31,Adilabad,Inderavelly,0.0,17.8,27.5,38.5,85.0,0.3,9.4
